[0.085s] DEBUG:colcon:Command line arguments: ['/usr/bin/colcon', 'build', '--symlink-install']
[0.085s] DEBUG:colcon:Parsed command line arguments: Namespace(log_base=None, log_level=None, verb_name='build', build_base='build', install_base='install', merge_install=False, symlink_install=True, test_result_base=None, continue_on_error=False, executor='parallel', parallel_workers=16, event_handlers=None, ignore_user_meta=False, metas=['./colcon.meta'], base_paths=['.'], packages_ignore=None, packages_ignore_regex=None, paths=None, packages_up_to=None, packages_up_to_regex=None, packages_above=None, packages_above_and_dependencies=None, packages_above_depth=None, packages_select_by_dep=None, packages_skip_by_dep=None, packages_skip_up_to=None, packages_select_build_failed=False, packages_skip_build_finished=False, packages_select_test_failures=False, packages_skip_test_passed=False, packages_select=None, packages_skip=None, packages_select_regex=None, packages_skip_regex=None, packages_start=None, packages_end=None, cmake_args=None, cmake_target=None, cmake_target_skip_unavailable=False, cmake_clean_cache=False, cmake_clean_first=False, cmake_force_configure=False, ament_cmake_args=None, catkin_cmake_args=None, catkin_skip_building_tests=False, mixin_files=None, mixin=None, verb_parser=<colcon_mixin.mixin.mixin_argument.MixinArgumentDecorator object at 0x7b5631ff98a0>, verb_extension=<colcon_core.verb.build.BuildVerb object at 0x7b5631ff9330>, main=<bound method BuildVerb.main of <colcon_core.verb.build.BuildVerb object at 0x7b5631ff9330>>, mixin_verb=('build',))
[0.228s] Level 1:colcon.colcon_core.package_discovery:discover_packages(colcon_meta) check parameters
[0.228s] Level 1:colcon.colcon_core.package_discovery:discover_packages(recursive) check parameters
[0.228s] Level 1:colcon.colcon_core.package_discovery:discover_packages(ignore) check parameters
[0.228s] Level 1:colcon.colcon_core.package_discovery:discover_packages(path) check parameters
[0.228s] Level 1:colcon.colcon_core.package_discovery:discover_packages(colcon_meta) discover
[0.228s] Level 1:colcon.colcon_core.package_discovery:discover_packages(recursive) discover
[0.228s] INFO:colcon.colcon_core.package_discovery:Crawling recursively for packages in '/home/student/ros2_ws'
[0.228s] Level 1:colcon.colcon_core.package_identification:_identify(.) by extensions ['ignore', 'ignore_ament_install']
[0.228s] Level 1:colcon.colcon_core.package_identification:_identify(.) by extension 'ignore'
[0.228s] Level 1:colcon.colcon_core.package_identification:_identify(.) by extension 'ignore_ament_install'
[0.228s] Level 1:colcon.colcon_core.package_identification:_identify(.) by extensions ['colcon_pkg']
[0.228s] Level 1:colcon.colcon_core.package_identification:_identify(.) by extension 'colcon_pkg'
[0.228s] Level 1:colcon.colcon_core.package_identification:_identify(.) by extensions ['colcon_meta']
[0.228s] Level 1:colcon.colcon_core.package_identification:_identify(.) by extension 'colcon_meta'
[0.228s] Level 1:colcon.colcon_core.package_identification:_identify(.) by extensions ['ros']
[0.228s] Level 1:colcon.colcon_core.package_identification:_identify(.) by extension 'ros'
[0.236s] Level 1:colcon.colcon_core.package_identification:_identify(.) by extensions ['cmake', 'python']
[0.237s] Level 1:colcon.colcon_core.package_identification:_identify(.) by extension 'cmake'
[0.237s] Level 1:colcon.colcon_core.package_identification:_identify(.) by extension 'python'
[0.237s] Level 1:colcon.colcon_core.package_identification:_identify(.) by extensions ['python_setup_py']
[0.237s] Level 1:colcon.colcon_core.package_identification:_identify(.) by extension 'python_setup_py'
[0.237s] Level 1:colcon.colcon_core.package_identification:_identify(Models) by extensions ['ignore', 'ignore_ament_install']
[0.237s] Level 1:colcon.colcon_core.package_identification:_identify(Models) by extension 'ignore'
[0.237s] Level 1:colcon.colcon_core.package_identification:_identify(Models) by extension 'ignore_ament_install'
[0.237s] Level 1:colcon.colcon_core.package_identification:_identify(Models) by extensions ['colcon_pkg']
[0.237s] Level 1:colcon.colcon_core.package_identification:_identify(Models) by extension 'colcon_pkg'
[0.237s] Level 1:colcon.colcon_core.package_identification:_identify(Models) by extensions ['colcon_meta']
[0.237s] Level 1:colcon.colcon_core.package_identification:_identify(Models) by extension 'colcon_meta'
[0.237s] Level 1:colcon.colcon_core.package_identification:_identify(Models) by extensions ['ros']
[0.237s] Level 1:colcon.colcon_core.package_identification:_identify(Models) by extension 'ros'
[0.237s] Level 1:colcon.colcon_core.package_identification:_identify(Models) by extensions ['cmake', 'python']
[0.237s] Level 1:colcon.colcon_core.package_identification:_identify(Models) by extension 'cmake'
[0.237s] Level 1:colcon.colcon_core.package_identification:_identify(Models) by extension 'python'
[0.237s] Level 1:colcon.colcon_core.package_identification:_identify(Models) by extensions ['python_setup_py']
[0.237s] Level 1:colcon.colcon_core.package_identification:_identify(Models) by extension 'python_setup_py'
[0.237s] Level 1:colcon.colcon_core.package_identification:_identify(Models/P1_model) by extensions ['ignore', 'ignore_ament_install']
[0.237s] Level 1:colcon.colcon_core.package_identification:_identify(Models/P1_model) by extension 'ignore'
[0.237s] Level 1:colcon.colcon_core.package_identification:_identify(Models/P1_model) by extension 'ignore_ament_install'
[0.237s] Level 1:colcon.colcon_core.package_identification:_identify(Models/P1_model) by extensions ['colcon_pkg']
[0.237s] Level 1:colcon.colcon_core.package_identification:_identify(Models/P1_model) by extension 'colcon_pkg'
[0.238s] Level 1:colcon.colcon_core.package_identification:_identify(Models/P1_model) by extensions ['colcon_meta']
[0.238s] Level 1:colcon.colcon_core.package_identification:_identify(Models/P1_model) by extension 'colcon_meta'
[0.238s] Level 1:colcon.colcon_core.package_identification:_identify(Models/P1_model) by extensions ['ros']
[0.238s] Level 1:colcon.colcon_core.package_identification:_identify(Models/P1_model) by extension 'ros'
[0.238s] Level 1:colcon.colcon_core.package_identification:_identify(Models/P1_model) by extensions ['cmake', 'python']
[0.238s] Level 1:colcon.colcon_core.package_identification:_identify(Models/P1_model) by extension 'cmake'
[0.238s] Level 1:colcon.colcon_core.package_identification:_identify(Models/P1_model) by extension 'python'
[0.238s] Level 1:colcon.colcon_core.package_identification:_identify(Models/P1_model) by extensions ['python_setup_py']
[0.238s] Level 1:colcon.colcon_core.package_identification:_identify(Models/P1_model) by extension 'python_setup_py'
[0.238s] Level 1:colcon.colcon_core.package_identification:_identify(build) by extensions ['ignore', 'ignore_ament_install']
[0.238s] Level 1:colcon.colcon_core.package_identification:_identify(build) by extension 'ignore'
[0.238s] Level 1:colcon.colcon_core.package_identification:_identify(build) ignored
[0.238s] Level 1:colcon.colcon_core.package_identification:_identify(install) by extensions ['ignore', 'ignore_ament_install']
[0.238s] Level 1:colcon.colcon_core.package_identification:_identify(install) by extension 'ignore'
[0.238s] Level 1:colcon.colcon_core.package_identification:_identify(install) ignored
[0.238s] Level 1:colcon.colcon_core.package_identification:_identify(log) by extensions ['ignore', 'ignore_ament_install']
[0.238s] Level 1:colcon.colcon_core.package_identification:_identify(log) by extension 'ignore'
[0.238s] Level 1:colcon.colcon_core.package_identification:_identify(log) ignored
[0.238s] Level 1:colcon.colcon_core.package_identification:_identify(src) by extensions ['ignore', 'ignore_ament_install']
[0.238s] Level 1:colcon.colcon_core.package_identification:_identify(src) by extension 'ignore'
[0.238s] Level 1:colcon.colcon_core.package_identification:_identify(src) by extension 'ignore_ament_install'
[0.239s] Level 1:colcon.colcon_core.package_identification:_identify(src) by extensions ['colcon_pkg']
[0.239s] Level 1:colcon.colcon_core.package_identification:_identify(src) by extension 'colcon_pkg'
[0.239s] Level 1:colcon.colcon_core.package_identification:_identify(src) by extensions ['colcon_meta']
[0.239s] Level 1:colcon.colcon_core.package_identification:_identify(src) by extension 'colcon_meta'
[0.239s] Level 1:colcon.colcon_core.package_identification:_identify(src) by extensions ['ros']
[0.239s] Level 1:colcon.colcon_core.package_identification:_identify(src) by extension 'ros'
[0.239s] Level 1:colcon.colcon_core.package_identification:_identify(src) by extensions ['cmake', 'python']
[0.239s] Level 1:colcon.colcon_core.package_identification:_identify(src) by extension 'cmake'
[0.239s] Level 1:colcon.colcon_core.package_identification:_identify(src) by extension 'python'
[0.239s] Level 1:colcon.colcon_core.package_identification:_identify(src) by extensions ['python_setup_py']
[0.239s] Level 1:colcon.colcon_core.package_identification:_identify(src) by extension 'python_setup_py'
[0.239s] Level 1:colcon.colcon_core.package_identification:_identify(src/my_robot_controller) by extensions ['ignore', 'ignore_ament_install']
[0.239s] Level 1:colcon.colcon_core.package_identification:_identify(src/my_robot_controller) by extension 'ignore'
[0.239s] Level 1:colcon.colcon_core.package_identification:_identify(src/my_robot_controller) by extension 'ignore_ament_install'
[0.239s] Level 1:colcon.colcon_core.package_identification:_identify(src/my_robot_controller) by extensions ['colcon_pkg']
[0.239s] Level 1:colcon.colcon_core.package_identification:_identify(src/my_robot_controller) by extension 'colcon_pkg'
[0.239s] Level 1:colcon.colcon_core.package_identification:_identify(src/my_robot_controller) by extensions ['colcon_meta']
[0.239s] Level 1:colcon.colcon_core.package_identification:_identify(src/my_robot_controller) by extension 'colcon_meta'
[0.239s] Level 1:colcon.colcon_core.package_identification:_identify(src/my_robot_controller) by extensions ['ros']
[0.239s] Level 1:colcon.colcon_core.package_identification:_identify(src/my_robot_controller) by extension 'ros'
[0.241s] DEBUG:colcon.colcon_core.package_identification:Package 'src/my_robot_controller' with type 'ros.ament_python' and name 'my_robot_controller'
[0.241s] Level 1:colcon.colcon_core.package_identification:_identify(src/turtlebot3) by extensions ['ignore', 'ignore_ament_install']
[0.241s] Level 1:colcon.colcon_core.package_identification:_identify(src/turtlebot3) by extension 'ignore'
[0.241s] Level 1:colcon.colcon_core.package_identification:_identify(src/turtlebot3) by extension 'ignore_ament_install'
[0.241s] Level 1:colcon.colcon_core.package_identification:_identify(src/turtlebot3) by extensions ['colcon_pkg']
[0.241s] Level 1:colcon.colcon_core.package_identification:_identify(src/turtlebot3) by extension 'colcon_pkg'
[0.242s] Level 1:colcon.colcon_core.package_identification:_identify(src/turtlebot3) by extensions ['colcon_meta']
[0.242s] Level 1:colcon.colcon_core.package_identification:_identify(src/turtlebot3) by extension 'colcon_meta'
[0.242s] Level 1:colcon.colcon_core.package_identification:_identify(src/turtlebot3) by extensions ['ros']
[0.242s] Level 1:colcon.colcon_core.package_identification:_identify(src/turtlebot3) by extension 'ros'
[0.242s] Level 1:colcon.colcon_core.package_identification:_identify(src/turtlebot3) by extensions ['cmake', 'python']
[0.242s] Level 1:colcon.colcon_core.package_identification:_identify(src/turtlebot3) by extension 'cmake'
[0.242s] Level 1:colcon.colcon_core.package_identification:_identify(src/turtlebot3) by extension 'python'
[0.242s] Level 1:colcon.colcon_core.package_identification:_identify(src/turtlebot3) by extensions ['python_setup_py']
[0.242s] Level 1:colcon.colcon_core.package_identification:_identify(src/turtlebot3) by extension 'python_setup_py'
[0.242s] Level 1:colcon.colcon_core.package_identification:_identify(src/turtlebot3/docker) by extensions ['ignore', 'ignore_ament_install']
[0.242s] Level 1:colcon.colcon_core.package_identification:_identify(src/turtlebot3/docker) by extension 'ignore'
[0.242s] Level 1:colcon.colcon_core.package_identification:_identify(src/turtlebot3/docker) by extension 'ignore_ament_install'
[0.242s] Level 1:colcon.colcon_core.package_identification:_identify(src/turtlebot3/docker) by extensions ['colcon_pkg']
[0.242s] Level 1:colcon.colcon_core.package_identification:_identify(src/turtlebot3/docker) by extension 'colcon_pkg'
[0.242s] Level 1:colcon.colcon_core.package_identification:_identify(src/turtlebot3/docker) by extensions ['colcon_meta']
[0.242s] Level 1:colcon.colcon_core.package_identification:_identify(src/turtlebot3/docker) by extension 'colcon_meta'
[0.242s] Level 1:colcon.colcon_core.package_identification:_identify(src/turtlebot3/docker) by extensions ['ros']
[0.242s] Level 1:colcon.colcon_core.package_identification:_identify(src/turtlebot3/docker) by extension 'ros'
[0.242s] Level 1:colcon.colcon_core.package_identification:_identify(src/turtlebot3/docker) by extensions ['cmake', 'python']
[0.242s] Level 1:colcon.colcon_core.package_identification:_identify(src/turtlebot3/docker) by extension 'cmake'
[0.242s] Level 1:colcon.colcon_core.package_identification:_identify(src/turtlebot3/docker) by extension 'python'
[0.242s] Level 1:colcon.colcon_core.package_identification:_identify(src/turtlebot3/docker) by extensions ['python_setup_py']
[0.242s] Level 1:colcon.colcon_core.package_identification:_identify(src/turtlebot3/docker) by extension 'python_setup_py'
[0.242s] Level 1:colcon.colcon_core.package_identification:_identify(src/turtlebot3/docker/humble) by extensions ['ignore', 'ignore_ament_install']
[0.242s] Level 1:colcon.colcon_core.package_identification:_identify(src/turtlebot3/docker/humble) by extension 'ignore'
[0.242s] Level 1:colcon.colcon_core.package_identification:_identify(src/turtlebot3/docker/humble) by extension 'ignore_ament_install'
[0.242s] Level 1:colcon.colcon_core.package_identification:_identify(src/turtlebot3/docker/humble) by extensions ['colcon_pkg']
[0.243s] Level 1:colcon.colcon_core.package_identification:_identify(src/turtlebot3/docker/humble) by extension 'colcon_pkg'
[0.243s] Level 1:colcon.colcon_core.package_identification:_identify(src/turtlebot3/docker/humble) by extensions ['colcon_meta']
[0.243s] Level 1:colcon.colcon_core.package_identification:_identify(src/turtlebot3/docker/humble) by extension 'colcon_meta'
[0.243s] Level 1:colcon.colcon_core.package_identification:_identify(src/turtlebot3/docker/humble) by extensions ['ros']
[0.243s] Level 1:colcon.colcon_core.package_identification:_identify(src/turtlebot3/docker/humble) by extension 'ros'
[0.243s] Level 1:colcon.colcon_core.package_identification:_identify(src/turtlebot3/docker/humble) by extensions ['cmake', 'python']
[0.243s] Level 1:colcon.colcon_core.package_identification:_identify(src/turtlebot3/docker/humble) by extension 'cmake'
[0.243s] Level 1:colcon.colcon_core.package_identification:_identify(src/turtlebot3/docker/humble) by extension 'python'
[0.243s] Level 1:colcon.colcon_core.package_identification:_identify(src/turtlebot3/docker/humble) by extensions ['python_setup_py']
[0.243s] Level 1:colcon.colcon_core.package_identification:_identify(src/turtlebot3/docker/humble) by extension 'python_setup_py'
[0.243s] Level 1:colcon.colcon_core.package_identification:_identify(src/turtlebot3/docker/jazzy) by extensions ['ignore', 'ignore_ament_install']
[0.243s] Level 1:colcon.colcon_core.package_identification:_identify(src/turtlebot3/docker/jazzy) by extension 'ignore'
[0.243s] Level 1:colcon.colcon_core.package_identification:_identify(src/turtlebot3/docker/jazzy) by extension 'ignore_ament_install'
[0.243s] Level 1:colcon.colcon_core.package_identification:_identify(src/turtlebot3/docker/jazzy) by extensions ['colcon_pkg']
[0.243s] Level 1:colcon.colcon_core.package_identification:_identify(src/turtlebot3/docker/jazzy) by extension 'colcon_pkg'
[0.243s] Level 1:colcon.colcon_core.package_identification:_identify(src/turtlebot3/docker/jazzy) by extensions ['colcon_meta']
[0.243s] Level 1:colcon.colcon_core.package_identification:_identify(src/turtlebot3/docker/jazzy) by extension 'colcon_meta'
[0.243s] Level 1:colcon.colcon_core.package_identification:_identify(src/turtlebot3/docker/jazzy) by extensions ['ros']
[0.243s] Level 1:colcon.colcon_core.package_identification:_identify(src/turtlebot3/docker/jazzy) by extension 'ros'
[0.243s] Level 1:colcon.colcon_core.package_identification:_identify(src/turtlebot3/docker/jazzy) by extensions ['cmake', 'python']
[0.243s] Level 1:colcon.colcon_core.package_identification:_identify(src/turtlebot3/docker/jazzy) by extension 'cmake'
[0.243s] Level 1:colcon.colcon_core.package_identification:_identify(src/turtlebot3/docker/jazzy) by extension 'python'
[0.243s] Level 1:colcon.colcon_core.package_identification:_identify(src/turtlebot3/docker/jazzy) by extensions ['python_setup_py']
[0.243s] Level 1:colcon.colcon_core.package_identification:_identify(src/turtlebot3/docker/jazzy) by extension 'python_setup_py'
[0.243s] Level 1:colcon.colcon_core.package_identification:_identify(src/turtlebot3/turtlebot3) by extensions ['ignore', 'ignore_ament_install']
[0.243s] Level 1:colcon.colcon_core.package_identification:_identify(src/turtlebot3/turtlebot3) by extension 'ignore'
[0.243s] Level 1:colcon.colcon_core.package_identification:_identify(src/turtlebot3/turtlebot3) by extension 'ignore_ament_install'
[0.243s] Level 1:colcon.colcon_core.package_identification:_identify(src/turtlebot3/turtlebot3) by extensions ['colcon_pkg']
[0.244s] Level 1:colcon.colcon_core.package_identification:_identify(src/turtlebot3/turtlebot3) by extension 'colcon_pkg'
[0.244s] Level 1:colcon.colcon_core.package_identification:_identify(src/turtlebot3/turtlebot3) by extensions ['colcon_meta']
[0.244s] Level 1:colcon.colcon_core.package_identification:_identify(src/turtlebot3/turtlebot3) by extension 'colcon_meta'
[0.244s] Level 1:colcon.colcon_core.package_identification:_identify(src/turtlebot3/turtlebot3) by extensions ['ros']
[0.244s] Level 1:colcon.colcon_core.package_identification:_identify(src/turtlebot3/turtlebot3) by extension 'ros'
[0.244s] DEBUG:colcon.colcon_core.package_identification:Package 'src/turtlebot3/turtlebot3' with type 'ros.ament_cmake' and name 'turtlebot3'
[0.244s] Level 1:colcon.colcon_core.package_identification:_identify(src/turtlebot3/turtlebot3_bringup) by extensions ['ignore', 'ignore_ament_install']
[0.244s] Level 1:colcon.colcon_core.package_identification:_identify(src/turtlebot3/turtlebot3_bringup) by extension 'ignore'
[0.244s] Level 1:colcon.colcon_core.package_identification:_identify(src/turtlebot3/turtlebot3_bringup) by extension 'ignore_ament_install'
[0.244s] Level 1:colcon.colcon_core.package_identification:_identify(src/turtlebot3/turtlebot3_bringup) by extensions ['colcon_pkg']
[0.244s] Level 1:colcon.colcon_core.package_identification:_identify(src/turtlebot3/turtlebot3_bringup) by extension 'colcon_pkg'
[0.245s] Level 1:colcon.colcon_core.package_identification:_identify(src/turtlebot3/turtlebot3_bringup) by extensions ['colcon_meta']
[0.245s] Level 1:colcon.colcon_core.package_identification:_identify(src/turtlebot3/turtlebot3_bringup) by extension 'colcon_meta'
[0.245s] Level 1:colcon.colcon_core.package_identification:_identify(src/turtlebot3/turtlebot3_bringup) by extensions ['ros']
[0.245s] Level 1:colcon.colcon_core.package_identification:_identify(src/turtlebot3/turtlebot3_bringup) by extension 'ros'
[0.245s] DEBUG:colcon.colcon_core.package_identification:Package 'src/turtlebot3/turtlebot3_bringup' with type 'ros.ament_cmake' and name 'turtlebot3_bringup'
[0.245s] Level 1:colcon.colcon_core.package_identification:_identify(src/turtlebot3/turtlebot3_cartographer) by extensions ['ignore', 'ignore_ament_install']
[0.245s] Level 1:colcon.colcon_core.package_identification:_identify(src/turtlebot3/turtlebot3_cartographer) by extension 'ignore'
[0.245s] Level 1:colcon.colcon_core.package_identification:_identify(src/turtlebot3/turtlebot3_cartographer) by extension 'ignore_ament_install'
[0.245s] Level 1:colcon.colcon_core.package_identification:_identify(src/turtlebot3/turtlebot3_cartographer) by extensions ['colcon_pkg']
[0.245s] Level 1:colcon.colcon_core.package_identification:_identify(src/turtlebot3/turtlebot3_cartographer) by extension 'colcon_pkg'
[0.245s] Level 1:colcon.colcon_core.package_identification:_identify(src/turtlebot3/turtlebot3_cartographer) by extensions ['colcon_meta']
[0.245s] Level 1:colcon.colcon_core.package_identification:_identify(src/turtlebot3/turtlebot3_cartographer) by extension 'colcon_meta'
[0.245s] Level 1:colcon.colcon_core.package_identification:_identify(src/turtlebot3/turtlebot3_cartographer) by extensions ['ros']
[0.245s] Level 1:colcon.colcon_core.package_identification:_identify(src/turtlebot3/turtlebot3_cartographer) by extension 'ros'
[0.246s] DEBUG:colcon.colcon_core.package_identification:Package 'src/turtlebot3/turtlebot3_cartographer' with type 'ros.ament_cmake' and name 'turtlebot3_cartographer'
[0.246s] Level 1:colcon.colcon_core.package_identification:_identify(src/turtlebot3/turtlebot3_description) by extensions ['ignore', 'ignore_ament_install']
[0.246s] Level 1:colcon.colcon_core.package_identification:_identify(src/turtlebot3/turtlebot3_description) by extension 'ignore'
[0.246s] Level 1:colcon.colcon_core.package_identification:_identify(src/turtlebot3/turtlebot3_description) by extension 'ignore_ament_install'
[0.246s] Level 1:colcon.colcon_core.package_identification:_identify(src/turtlebot3/turtlebot3_description) by extensions ['colcon_pkg']
[0.246s] Level 1:colcon.colcon_core.package_identification:_identify(src/turtlebot3/turtlebot3_description) by extension 'colcon_pkg'
[0.246s] Level 1:colcon.colcon_core.package_identification:_identify(src/turtlebot3/turtlebot3_description) by extensions ['colcon_meta']
[0.246s] Level 1:colcon.colcon_core.package_identification:_identify(src/turtlebot3/turtlebot3_description) by extension 'colcon_meta'
[0.246s] Level 1:colcon.colcon_core.package_identification:_identify(src/turtlebot3/turtlebot3_description) by extensions ['ros']
[0.246s] Level 1:colcon.colcon_core.package_identification:_identify(src/turtlebot3/turtlebot3_description) by extension 'ros'
[0.247s] DEBUG:colcon.colcon_core.package_identification:Package 'src/turtlebot3/turtlebot3_description' with type 'ros.ament_cmake' and name 'turtlebot3_description'
[0.247s] Level 1:colcon.colcon_core.package_identification:_identify(src/turtlebot3/turtlebot3_example) by extensions ['ignore', 'ignore_ament_install']
[0.247s] Level 1:colcon.colcon_core.package_identification:_identify(src/turtlebot3/turtlebot3_example) by extension 'ignore'
[0.247s] Level 1:colcon.colcon_core.package_identification:_identify(src/turtlebot3/turtlebot3_example) by extension 'ignore_ament_install'
[0.247s] Level 1:colcon.colcon_core.package_identification:_identify(src/turtlebot3/turtlebot3_example) by extensions ['colcon_pkg']
[0.247s] Level 1:colcon.colcon_core.package_identification:_identify(src/turtlebot3/turtlebot3_example) by extension 'colcon_pkg'
[0.247s] Level 1:colcon.colcon_core.package_identification:_identify(src/turtlebot3/turtlebot3_example) by extensions ['colcon_meta']
[0.247s] Level 1:colcon.colcon_core.package_identification:_identify(src/turtlebot3/turtlebot3_example) by extension 'colcon_meta'
[0.247s] Level 1:colcon.colcon_core.package_identification:_identify(src/turtlebot3/turtlebot3_example) by extensions ['ros']
[0.247s] Level 1:colcon.colcon_core.package_identification:_identify(src/turtlebot3/turtlebot3_example) by extension 'ros'
[0.248s] DEBUG:colcon.colcon_core.package_identification:Package 'src/turtlebot3/turtlebot3_example' with type 'ros.ament_python' and name 'turtlebot3_example'
[0.248s] Level 1:colcon.colcon_core.package_identification:_identify(src/turtlebot3/turtlebot3_navigation2) by extensions ['ignore', 'ignore_ament_install']
[0.248s] Level 1:colcon.colcon_core.package_identification:_identify(src/turtlebot3/turtlebot3_navigation2) by extension 'ignore'
[0.249s] Level 1:colcon.colcon_core.package_identification:_identify(src/turtlebot3/turtlebot3_navigation2) by extension 'ignore_ament_install'
[0.249s] Level 1:colcon.colcon_core.package_identification:_identify(src/turtlebot3/turtlebot3_navigation2) by extensions ['colcon_pkg']
[0.249s] Level 1:colcon.colcon_core.package_identification:_identify(src/turtlebot3/turtlebot3_navigation2) by extension 'colcon_pkg'
[0.249s] Level 1:colcon.colcon_core.package_identification:_identify(src/turtlebot3/turtlebot3_navigation2) by extensions ['colcon_meta']
[0.249s] Level 1:colcon.colcon_core.package_identification:_identify(src/turtlebot3/turtlebot3_navigation2) by extension 'colcon_meta'
[0.249s] Level 1:colcon.colcon_core.package_identification:_identify(src/turtlebot3/turtlebot3_navigation2) by extensions ['ros']
[0.249s] Level 1:colcon.colcon_core.package_identification:_identify(src/turtlebot3/turtlebot3_navigation2) by extension 'ros'
[0.249s] DEBUG:colcon.colcon_core.package_identification:Package 'src/turtlebot3/turtlebot3_navigation2' with type 'ros.ament_cmake' and name 'turtlebot3_navigation2'
[0.249s] Level 1:colcon.colcon_core.package_identification:_identify(src/turtlebot3/turtlebot3_node) by extensions ['ignore', 'ignore_ament_install']
[0.249s] Level 1:colcon.colcon_core.package_identification:_identify(src/turtlebot3/turtlebot3_node) by extension 'ignore'
[0.249s] Level 1:colcon.colcon_core.package_identification:_identify(src/turtlebot3/turtlebot3_node) by extension 'ignore_ament_install'
[0.249s] Level 1:colcon.colcon_core.package_identification:_identify(src/turtlebot3/turtlebot3_node) by extensions ['colcon_pkg']
[0.249s] Level 1:colcon.colcon_core.package_identification:_identify(src/turtlebot3/turtlebot3_node) by extension 'colcon_pkg'
[0.249s] Level 1:colcon.colcon_core.package_identification:_identify(src/turtlebot3/turtlebot3_node) by extensions ['colcon_meta']
[0.249s] Level 1:colcon.colcon_core.package_identification:_identify(src/turtlebot3/turtlebot3_node) by extension 'colcon_meta'
[0.249s] Level 1:colcon.colcon_core.package_identification:_identify(src/turtlebot3/turtlebot3_node) by extensions ['ros']
[0.249s] Level 1:colcon.colcon_core.package_identification:_identify(src/turtlebot3/turtlebot3_node) by extension 'ros'
[0.251s] DEBUG:colcon.colcon_core.package_identification:Package 'src/turtlebot3/turtlebot3_node' with type 'ros.ament_cmake' and name 'turtlebot3_node'
[0.251s] Level 1:colcon.colcon_core.package_identification:_identify(src/turtlebot3/turtlebot3_teleop) by extensions ['ignore', 'ignore_ament_install']
[0.251s] Level 1:colcon.colcon_core.package_identification:_identify(src/turtlebot3/turtlebot3_teleop) by extension 'ignore'
[0.251s] Level 1:colcon.colcon_core.package_identification:_identify(src/turtlebot3/turtlebot3_teleop) by extension 'ignore_ament_install'
[0.251s] Level 1:colcon.colcon_core.package_identification:_identify(src/turtlebot3/turtlebot3_teleop) by extensions ['colcon_pkg']
[0.251s] Level 1:colcon.colcon_core.package_identification:_identify(src/turtlebot3/turtlebot3_teleop) by extension 'colcon_pkg'
[0.251s] Level 1:colcon.colcon_core.package_identification:_identify(src/turtlebot3/turtlebot3_teleop) by extensions ['colcon_meta']
[0.251s] Level 1:colcon.colcon_core.package_identification:_identify(src/turtlebot3/turtlebot3_teleop) by extension 'colcon_meta'
[0.251s] Level 1:colcon.colcon_core.package_identification:_identify(src/turtlebot3/turtlebot3_teleop) by extensions ['ros']
[0.251s] Level 1:colcon.colcon_core.package_identification:_identify(src/turtlebot3/turtlebot3_teleop) by extension 'ros'
[0.251s] DEBUG:colcon.colcon_core.package_identification:Package 'src/turtlebot3/turtlebot3_teleop' with type 'ros.ament_python' and name 'turtlebot3_teleop'
[0.251s] Level 1:colcon.colcon_core.package_identification:_identify(src/turtlebot3_simulations) by extensions ['ignore', 'ignore_ament_install']
[0.251s] Level 1:colcon.colcon_core.package_identification:_identify(src/turtlebot3_simulations) by extension 'ignore'
[0.251s] Level 1:colcon.colcon_core.package_identification:_identify(src/turtlebot3_simulations) by extension 'ignore_ament_install'
[0.252s] Level 1:colcon.colcon_core.package_identification:_identify(src/turtlebot3_simulations) by extensions ['colcon_pkg']
[0.252s] Level 1:colcon.colcon_core.package_identification:_identify(src/turtlebot3_simulations) by extension 'colcon_pkg'
[0.252s] Level 1:colcon.colcon_core.package_identification:_identify(src/turtlebot3_simulations) by extensions ['colcon_meta']
[0.252s] Level 1:colcon.colcon_core.package_identification:_identify(src/turtlebot3_simulations) by extension 'colcon_meta'
[0.252s] Level 1:colcon.colcon_core.package_identification:_identify(src/turtlebot3_simulations) by extensions ['ros']
[0.252s] Level 1:colcon.colcon_core.package_identification:_identify(src/turtlebot3_simulations) by extension 'ros'
[0.252s] Level 1:colcon.colcon_core.package_identification:_identify(src/turtlebot3_simulations) by extensions ['cmake', 'python']
[0.252s] Level 1:colcon.colcon_core.package_identification:_identify(src/turtlebot3_simulations) by extension 'cmake'
[0.252s] Level 1:colcon.colcon_core.package_identification:_identify(src/turtlebot3_simulations) by extension 'python'
[0.252s] Level 1:colcon.colcon_core.package_identification:_identify(src/turtlebot3_simulations) by extensions ['python_setup_py']
[0.252s] Level 1:colcon.colcon_core.package_identification:_identify(src/turtlebot3_simulations) by extension 'python_setup_py'
[0.252s] Level 1:colcon.colcon_core.package_identification:_identify(src/turtlebot3_simulations/turtlebot3_fake_node) by extensions ['ignore', 'ignore_ament_install']
[0.252s] Level 1:colcon.colcon_core.package_identification:_identify(src/turtlebot3_simulations/turtlebot3_fake_node) by extension 'ignore'
[0.252s] Level 1:colcon.colcon_core.package_identification:_identify(src/turtlebot3_simulations/turtlebot3_fake_node) by extension 'ignore_ament_install'
[0.252s] Level 1:colcon.colcon_core.package_identification:_identify(src/turtlebot3_simulations/turtlebot3_fake_node) by extensions ['colcon_pkg']
[0.252s] Level 1:colcon.colcon_core.package_identification:_identify(src/turtlebot3_simulations/turtlebot3_fake_node) by extension 'colcon_pkg'
[0.252s] Level 1:colcon.colcon_core.package_identification:_identify(src/turtlebot3_simulations/turtlebot3_fake_node) by extensions ['colcon_meta']
[0.252s] Level 1:colcon.colcon_core.package_identification:_identify(src/turtlebot3_simulations/turtlebot3_fake_node) by extension 'colcon_meta'
[0.252s] Level 1:colcon.colcon_core.package_identification:_identify(src/turtlebot3_simulations/turtlebot3_fake_node) by extensions ['ros']
[0.252s] Level 1:colcon.colcon_core.package_identification:_identify(src/turtlebot3_simulations/turtlebot3_fake_node) by extension 'ros'
[0.253s] DEBUG:colcon.colcon_core.package_identification:Package 'src/turtlebot3_simulations/turtlebot3_fake_node' with type 'ros.ament_cmake' and name 'turtlebot3_fake_node'
[0.253s] Level 1:colcon.colcon_core.package_identification:_identify(src/turtlebot3_simulations/turtlebot3_gazebo) by extensions ['ignore', 'ignore_ament_install']
[0.253s] Level 1:colcon.colcon_core.package_identification:_identify(src/turtlebot3_simulations/turtlebot3_gazebo) by extension 'ignore'
[0.253s] Level 1:colcon.colcon_core.package_identification:_identify(src/turtlebot3_simulations/turtlebot3_gazebo) by extension 'ignore_ament_install'
[0.253s] Level 1:colcon.colcon_core.package_identification:_identify(src/turtlebot3_simulations/turtlebot3_gazebo) by extensions ['colcon_pkg']
[0.253s] Level 1:colcon.colcon_core.package_identification:_identify(src/turtlebot3_simulations/turtlebot3_gazebo) by extension 'colcon_pkg'
[0.253s] Level 1:colcon.colcon_core.package_identification:_identify(src/turtlebot3_simulations/turtlebot3_gazebo) by extensions ['colcon_meta']
[0.253s] Level 1:colcon.colcon_core.package_identification:_identify(src/turtlebot3_simulations/turtlebot3_gazebo) by extension 'colcon_meta'
[0.253s] Level 1:colcon.colcon_core.package_identification:_identify(src/turtlebot3_simulations/turtlebot3_gazebo) by extensions ['ros']
[0.253s] Level 1:colcon.colcon_core.package_identification:_identify(src/turtlebot3_simulations/turtlebot3_gazebo) by extension 'ros'
[0.255s] DEBUG:colcon.colcon_core.package_identification:Package 'src/turtlebot3_simulations/turtlebot3_gazebo' with type 'ros.ament_cmake' and name 'turtlebot3_gazebo'
[0.255s] Level 1:colcon.colcon_core.package_identification:_identify(src/turtlebot3_simulations/turtlebot3_manipulation_gazebo) by extensions ['ignore', 'ignore_ament_install']
[0.255s] Level 1:colcon.colcon_core.package_identification:_identify(src/turtlebot3_simulations/turtlebot3_manipulation_gazebo) by extension 'ignore'
[0.255s] Level 1:colcon.colcon_core.package_identification:_identify(src/turtlebot3_simulations/turtlebot3_manipulation_gazebo) by extension 'ignore_ament_install'
[0.255s] Level 1:colcon.colcon_core.package_identification:_identify(src/turtlebot3_simulations/turtlebot3_manipulation_gazebo) by extensions ['colcon_pkg']
[0.255s] Level 1:colcon.colcon_core.package_identification:_identify(src/turtlebot3_simulations/turtlebot3_manipulation_gazebo) by extension 'colcon_pkg'
[0.255s] Level 1:colcon.colcon_core.package_identification:_identify(src/turtlebot3_simulations/turtlebot3_manipulation_gazebo) by extensions ['colcon_meta']
[0.255s] Level 1:colcon.colcon_core.package_identification:_identify(src/turtlebot3_simulations/turtlebot3_manipulation_gazebo) by extension 'colcon_meta'
[0.255s] Level 1:colcon.colcon_core.package_identification:_identify(src/turtlebot3_simulations/turtlebot3_manipulation_gazebo) by extensions ['ros']
[0.255s] Level 1:colcon.colcon_core.package_identification:_identify(src/turtlebot3_simulations/turtlebot3_manipulation_gazebo) by extension 'ros'
[0.255s] DEBUG:colcon.colcon_core.package_identification:Package 'src/turtlebot3_simulations/turtlebot3_manipulation_gazebo' with type 'ros.ament_cmake' and name 'turtlebot3_manipulation_gazebo'
[0.255s] Level 1:colcon.colcon_core.package_identification:_identify(src/turtlebot3_simulations/turtlebot3_simulations) by extensions ['ignore', 'ignore_ament_install']
[0.256s] Level 1:colcon.colcon_core.package_identification:_identify(src/turtlebot3_simulations/turtlebot3_simulations) by extension 'ignore'
[0.256s] Level 1:colcon.colcon_core.package_identification:_identify(src/turtlebot3_simulations/turtlebot3_simulations) by extension 'ignore_ament_install'
[0.256s] Level 1:colcon.colcon_core.package_identification:_identify(src/turtlebot3_simulations/turtlebot3_simulations) by extensions ['colcon_pkg']
[0.256s] Level 1:colcon.colcon_core.package_identification:_identify(src/turtlebot3_simulations/turtlebot3_simulations) by extension 'colcon_pkg'
[0.256s] Level 1:colcon.colcon_core.package_identification:_identify(src/turtlebot3_simulations/turtlebot3_simulations) by extensions ['colcon_meta']
[0.256s] Level 1:colcon.colcon_core.package_identification:_identify(src/turtlebot3_simulations/turtlebot3_simulations) by extension 'colcon_meta'
[0.256s] Level 1:colcon.colcon_core.package_identification:_identify(src/turtlebot3_simulations/turtlebot3_simulations) by extensions ['ros']
[0.256s] Level 1:colcon.colcon_core.package_identification:_identify(src/turtlebot3_simulations/turtlebot3_simulations) by extension 'ros'
[0.256s] DEBUG:colcon.colcon_core.package_identification:Package 'src/turtlebot3_simulations/turtlebot3_simulations' with type 'ros.ament_cmake' and name 'turtlebot3_simulations'
[0.256s] Level 1:colcon.colcon_core.package_discovery:discover_packages(recursive) using defaults
[0.256s] Level 1:colcon.colcon_core.package_discovery:discover_packages(ignore) discover
[0.256s] Level 1:colcon.colcon_core.package_discovery:discover_packages(ignore) using defaults
[0.256s] Level 1:colcon.colcon_core.package_discovery:discover_packages(path) discover
[0.256s] Level 1:colcon.colcon_core.package_discovery:discover_packages(path) using defaults
[0.279s] Level 5:colcon.colcon_core.verb:set package 'my_robot_controller' build argument 'cmake_args' from command line to 'None'
[0.279s] Level 5:colcon.colcon_core.verb:set package 'my_robot_controller' build argument 'cmake_target' from command line to 'None'
[0.279s] Level 5:colcon.colcon_core.verb:set package 'my_robot_controller' build argument 'cmake_target_skip_unavailable' from command line to 'False'
[0.279s] Level 5:colcon.colcon_core.verb:set package 'my_robot_controller' build argument 'cmake_clean_cache' from command line to 'False'
[0.279s] Level 5:colcon.colcon_core.verb:set package 'my_robot_controller' build argument 'cmake_clean_first' from command line to 'False'
[0.279s] Level 5:colcon.colcon_core.verb:set package 'my_robot_controller' build argument 'cmake_force_configure' from command line to 'False'
[0.279s] Level 5:colcon.colcon_core.verb:set package 'my_robot_controller' build argument 'ament_cmake_args' from command line to 'None'
[0.279s] Level 5:colcon.colcon_core.verb:set package 'my_robot_controller' build argument 'catkin_cmake_args' from command line to 'None'
[0.279s] Level 5:colcon.colcon_core.verb:set package 'my_robot_controller' build argument 'catkin_skip_building_tests' from command line to 'False'
[0.279s] DEBUG:colcon.colcon_core.verb:Building package 'my_robot_controller' with the following arguments: {'ament_cmake_args': None, 'build_base': '/home/student/ros2_ws/build/my_robot_controller', 'catkin_cmake_args': None, 'catkin_skip_building_tests': False, 'cmake_args': None, 'cmake_clean_cache': False, 'cmake_clean_first': False, 'cmake_force_configure': False, 'cmake_target': None, 'cmake_target_skip_unavailable': False, 'install_base': '/home/student/ros2_ws/install/my_robot_controller', 'merge_install': False, 'path': '/home/student/ros2_ws/src/my_robot_controller', 'symlink_install': True, 'test_result_base': None}
[0.279s] Level 5:colcon.colcon_core.verb:set package 'turtlebot3_cartographer' build argument 'cmake_args' from command line to 'None'
[0.279s] Level 5:colcon.colcon_core.verb:set package 'turtlebot3_cartographer' build argument 'cmake_target' from command line to 'None'
[0.279s] Level 5:colcon.colcon_core.verb:set package 'turtlebot3_cartographer' build argument 'cmake_target_skip_unavailable' from command line to 'False'
[0.279s] Level 5:colcon.colcon_core.verb:set package 'turtlebot3_cartographer' build argument 'cmake_clean_cache' from command line to 'False'
[0.279s] Level 5:colcon.colcon_core.verb:set package 'turtlebot3_cartographer' build argument 'cmake_clean_first' from command line to 'False'
[0.279s] Level 5:colcon.colcon_core.verb:set package 'turtlebot3_cartographer' build argument 'cmake_force_configure' from command line to 'False'
[0.280s] Level 5:colcon.colcon_core.verb:set package 'turtlebot3_cartographer' build argument 'ament_cmake_args' from command line to 'None'
[0.280s] Level 5:colcon.colcon_core.verb:set package 'turtlebot3_cartographer' build argument 'catkin_cmake_args' from command line to 'None'
[0.280s] Level 5:colcon.colcon_core.verb:set package 'turtlebot3_cartographer' build argument 'catkin_skip_building_tests' from command line to 'False'
[0.280s] DEBUG:colcon.colcon_core.verb:Building package 'turtlebot3_cartographer' with the following arguments: {'ament_cmake_args': None, 'build_base': '/home/student/ros2_ws/build/turtlebot3_cartographer', 'catkin_cmake_args': None, 'catkin_skip_building_tests': False, 'cmake_args': None, 'cmake_clean_cache': False, 'cmake_clean_first': False, 'cmake_force_configure': False, 'cmake_target': None, 'cmake_target_skip_unavailable': False, 'install_base': '/home/student/ros2_ws/install/turtlebot3_cartographer', 'merge_install': False, 'path': '/home/student/ros2_ws/src/turtlebot3/turtlebot3_cartographer', 'symlink_install': True, 'test_result_base': None}
[0.280s] Level 5:colcon.colcon_core.verb:set package 'turtlebot3_description' build argument 'cmake_args' from command line to 'None'
[0.280s] Level 5:colcon.colcon_core.verb:set package 'turtlebot3_description' build argument 'cmake_target' from command line to 'None'
[0.280s] Level 5:colcon.colcon_core.verb:set package 'turtlebot3_description' build argument 'cmake_target_skip_unavailable' from command line to 'False'
[0.280s] Level 5:colcon.colcon_core.verb:set package 'turtlebot3_description' build argument 'cmake_clean_cache' from command line to 'False'
[0.280s] Level 5:colcon.colcon_core.verb:set package 'turtlebot3_description' build argument 'cmake_clean_first' from command line to 'False'
[0.280s] Level 5:colcon.colcon_core.verb:set package 'turtlebot3_description' build argument 'cmake_force_configure' from command line to 'False'
[0.280s] Level 5:colcon.colcon_core.verb:set package 'turtlebot3_description' build argument 'ament_cmake_args' from command line to 'None'
[0.280s] Level 5:colcon.colcon_core.verb:set package 'turtlebot3_description' build argument 'catkin_cmake_args' from command line to 'None'
[0.280s] Level 5:colcon.colcon_core.verb:set package 'turtlebot3_description' build argument 'catkin_skip_building_tests' from command line to 'False'
[0.280s] DEBUG:colcon.colcon_core.verb:Building package 'turtlebot3_description' with the following arguments: {'ament_cmake_args': None, 'build_base': '/home/student/ros2_ws/build/turtlebot3_description', 'catkin_cmake_args': None, 'catkin_skip_building_tests': False, 'cmake_args': None, 'cmake_clean_cache': False, 'cmake_clean_first': False, 'cmake_force_configure': False, 'cmake_target': None, 'cmake_target_skip_unavailable': False, 'install_base': '/home/student/ros2_ws/install/turtlebot3_description', 'merge_install': False, 'path': '/home/student/ros2_ws/src/turtlebot3/turtlebot3_description', 'symlink_install': True, 'test_result_base': None}
[0.280s] Level 5:colcon.colcon_core.verb:set package 'turtlebot3_example' build argument 'cmake_args' from command line to 'None'
[0.280s] Level 5:colcon.colcon_core.verb:set package 'turtlebot3_example' build argument 'cmake_target' from command line to 'None'
[0.280s] Level 5:colcon.colcon_core.verb:set package 'turtlebot3_example' build argument 'cmake_target_skip_unavailable' from command line to 'False'
[0.280s] Level 5:colcon.colcon_core.verb:set package 'turtlebot3_example' build argument 'cmake_clean_cache' from command line to 'False'
[0.281s] Level 5:colcon.colcon_core.verb:set package 'turtlebot3_example' build argument 'cmake_clean_first' from command line to 'False'
[0.281s] Level 5:colcon.colcon_core.verb:set package 'turtlebot3_example' build argument 'cmake_force_configure' from command line to 'False'
[0.281s] Level 5:colcon.colcon_core.verb:set package 'turtlebot3_example' build argument 'ament_cmake_args' from command line to 'None'
[0.281s] Level 5:colcon.colcon_core.verb:set package 'turtlebot3_example' build argument 'catkin_cmake_args' from command line to 'None'
[0.281s] Level 5:colcon.colcon_core.verb:set package 'turtlebot3_example' build argument 'catkin_skip_building_tests' from command line to 'False'
[0.281s] DEBUG:colcon.colcon_core.verb:Building package 'turtlebot3_example' with the following arguments: {'ament_cmake_args': None, 'build_base': '/home/student/ros2_ws/build/turtlebot3_example', 'catkin_cmake_args': None, 'catkin_skip_building_tests': False, 'cmake_args': None, 'cmake_clean_cache': False, 'cmake_clean_first': False, 'cmake_force_configure': False, 'cmake_target': None, 'cmake_target_skip_unavailable': False, 'install_base': '/home/student/ros2_ws/install/turtlebot3_example', 'merge_install': False, 'path': '/home/student/ros2_ws/src/turtlebot3/turtlebot3_example', 'symlink_install': True, 'test_result_base': None}
[0.281s] Level 5:colcon.colcon_core.verb:set package 'turtlebot3_fake_node' build argument 'cmake_args' from command line to 'None'
[0.281s] Level 5:colcon.colcon_core.verb:set package 'turtlebot3_fake_node' build argument 'cmake_target' from command line to 'None'
[0.281s] Level 5:colcon.colcon_core.verb:set package 'turtlebot3_fake_node' build argument 'cmake_target_skip_unavailable' from command line to 'False'
[0.281s] Level 5:colcon.colcon_core.verb:set package 'turtlebot3_fake_node' build argument 'cmake_clean_cache' from command line to 'False'
[0.281s] Level 5:colcon.colcon_core.verb:set package 'turtlebot3_fake_node' build argument 'cmake_clean_first' from command line to 'False'
[0.281s] Level 5:colcon.colcon_core.verb:set package 'turtlebot3_fake_node' build argument 'cmake_force_configure' from command line to 'False'
[0.281s] Level 5:colcon.colcon_core.verb:set package 'turtlebot3_fake_node' build argument 'ament_cmake_args' from command line to 'None'
[0.281s] Level 5:colcon.colcon_core.verb:set package 'turtlebot3_fake_node' build argument 'catkin_cmake_args' from command line to 'None'
[0.281s] Level 5:colcon.colcon_core.verb:set package 'turtlebot3_fake_node' build argument 'catkin_skip_building_tests' from command line to 'False'
[0.281s] DEBUG:colcon.colcon_core.verb:Building package 'turtlebot3_fake_node' with the following arguments: {'ament_cmake_args': None, 'build_base': '/home/student/ros2_ws/build/turtlebot3_fake_node', 'catkin_cmake_args': None, 'catkin_skip_building_tests': False, 'cmake_args': None, 'cmake_clean_cache': False, 'cmake_clean_first': False, 'cmake_force_configure': False, 'cmake_target': None, 'cmake_target_skip_unavailable': False, 'install_base': '/home/student/ros2_ws/install/turtlebot3_fake_node', 'merge_install': False, 'path': '/home/student/ros2_ws/src/turtlebot3_simulations/turtlebot3_fake_node', 'symlink_install': True, 'test_result_base': None}
[0.282s] Level 5:colcon.colcon_core.verb:set package 'turtlebot3_gazebo' build argument 'cmake_args' from command line to 'None'
[0.282s] Level 5:colcon.colcon_core.verb:set package 'turtlebot3_gazebo' build argument 'cmake_target' from command line to 'None'
[0.282s] Level 5:colcon.colcon_core.verb:set package 'turtlebot3_gazebo' build argument 'cmake_target_skip_unavailable' from command line to 'False'
[0.282s] Level 5:colcon.colcon_core.verb:set package 'turtlebot3_gazebo' build argument 'cmake_clean_cache' from command line to 'False'
[0.282s] Level 5:colcon.colcon_core.verb:set package 'turtlebot3_gazebo' build argument 'cmake_clean_first' from command line to 'False'
[0.282s] Level 5:colcon.colcon_core.verb:set package 'turtlebot3_gazebo' build argument 'cmake_force_configure' from command line to 'False'
[0.282s] Level 5:colcon.colcon_core.verb:set package 'turtlebot3_gazebo' build argument 'ament_cmake_args' from command line to 'None'
[0.282s] Level 5:colcon.colcon_core.verb:set package 'turtlebot3_gazebo' build argument 'catkin_cmake_args' from command line to 'None'
[0.282s] Level 5:colcon.colcon_core.verb:set package 'turtlebot3_gazebo' build argument 'catkin_skip_building_tests' from command line to 'False'
[0.282s] DEBUG:colcon.colcon_core.verb:Building package 'turtlebot3_gazebo' with the following arguments: {'ament_cmake_args': None, 'build_base': '/home/student/ros2_ws/build/turtlebot3_gazebo', 'catkin_cmake_args': None, 'catkin_skip_building_tests': False, 'cmake_args': None, 'cmake_clean_cache': False, 'cmake_clean_first': False, 'cmake_force_configure': False, 'cmake_target': None, 'cmake_target_skip_unavailable': False, 'install_base': '/home/student/ros2_ws/install/turtlebot3_gazebo', 'merge_install': False, 'path': '/home/student/ros2_ws/src/turtlebot3_simulations/turtlebot3_gazebo', 'symlink_install': True, 'test_result_base': None}
[0.282s] Level 5:colcon.colcon_core.verb:set package 'turtlebot3_manipulation_gazebo' build argument 'cmake_args' from command line to 'None'
[0.282s] Level 5:colcon.colcon_core.verb:set package 'turtlebot3_manipulation_gazebo' build argument 'cmake_target' from command line to 'None'
[0.282s] Level 5:colcon.colcon_core.verb:set package 'turtlebot3_manipulation_gazebo' build argument 'cmake_target_skip_unavailable' from command line to 'False'
[0.282s] Level 5:colcon.colcon_core.verb:set package 'turtlebot3_manipulation_gazebo' build argument 'cmake_clean_cache' from command line to 'False'
[0.282s] Level 5:colcon.colcon_core.verb:set package 'turtlebot3_manipulation_gazebo' build argument 'cmake_clean_first' from command line to 'False'
[0.282s] Level 5:colcon.colcon_core.verb:set package 'turtlebot3_manipulation_gazebo' build argument 'cmake_force_configure' from command line to 'False'
[0.282s] Level 5:colcon.colcon_core.verb:set package 'turtlebot3_manipulation_gazebo' build argument 'ament_cmake_args' from command line to 'None'
[0.282s] Level 5:colcon.colcon_core.verb:set package 'turtlebot3_manipulation_gazebo' build argument 'catkin_cmake_args' from command line to 'None'
[0.282s] Level 5:colcon.colcon_core.verb:set package 'turtlebot3_manipulation_gazebo' build argument 'catkin_skip_building_tests' from command line to 'False'
[0.282s] DEBUG:colcon.colcon_core.verb:Building package 'turtlebot3_manipulation_gazebo' with the following arguments: {'ament_cmake_args': None, 'build_base': '/home/student/ros2_ws/build/turtlebot3_manipulation_gazebo', 'catkin_cmake_args': None, 'catkin_skip_building_tests': False, 'cmake_args': None, 'cmake_clean_cache': False, 'cmake_clean_first': False, 'cmake_force_configure': False, 'cmake_target': None, 'cmake_target_skip_unavailable': False, 'install_base': '/home/student/ros2_ws/install/turtlebot3_manipulation_gazebo', 'merge_install': False, 'path': '/home/student/ros2_ws/src/turtlebot3_simulations/turtlebot3_manipulation_gazebo', 'symlink_install': True, 'test_result_base': None}
[0.283s] Level 5:colcon.colcon_core.verb:set package 'turtlebot3_navigation2' build argument 'cmake_args' from command line to 'None'
[0.283s] Level 5:colcon.colcon_core.verb:set package 'turtlebot3_navigation2' build argument 'cmake_target' from command line to 'None'
[0.283s] Level 5:colcon.colcon_core.verb:set package 'turtlebot3_navigation2' build argument 'cmake_target_skip_unavailable' from command line to 'False'
[0.283s] Level 5:colcon.colcon_core.verb:set package 'turtlebot3_navigation2' build argument 'cmake_clean_cache' from command line to 'False'
[0.283s] Level 5:colcon.colcon_core.verb:set package 'turtlebot3_navigation2' build argument 'cmake_clean_first' from command line to 'False'
[0.283s] Level 5:colcon.colcon_core.verb:set package 'turtlebot3_navigation2' build argument 'cmake_force_configure' from command line to 'False'
[0.283s] Level 5:colcon.colcon_core.verb:set package 'turtlebot3_navigation2' build argument 'ament_cmake_args' from command line to 'None'
[0.283s] Level 5:colcon.colcon_core.verb:set package 'turtlebot3_navigation2' build argument 'catkin_cmake_args' from command line to 'None'
[0.283s] Level 5:colcon.colcon_core.verb:set package 'turtlebot3_navigation2' build argument 'catkin_skip_building_tests' from command line to 'False'
[0.283s] DEBUG:colcon.colcon_core.verb:Building package 'turtlebot3_navigation2' with the following arguments: {'ament_cmake_args': None, 'build_base': '/home/student/ros2_ws/build/turtlebot3_navigation2', 'catkin_cmake_args': None, 'catkin_skip_building_tests': False, 'cmake_args': None, 'cmake_clean_cache': False, 'cmake_clean_first': False, 'cmake_force_configure': False, 'cmake_target': None, 'cmake_target_skip_unavailable': False, 'install_base': '/home/student/ros2_ws/install/turtlebot3_navigation2', 'merge_install': False, 'path': '/home/student/ros2_ws/src/turtlebot3/turtlebot3_navigation2', 'symlink_install': True, 'test_result_base': None}
[0.283s] Level 5:colcon.colcon_core.verb:set package 'turtlebot3_node' build argument 'cmake_args' from command line to 'None'
[0.283s] Level 5:colcon.colcon_core.verb:set package 'turtlebot3_node' build argument 'cmake_target' from command line to 'None'
[0.283s] Level 5:colcon.colcon_core.verb:set package 'turtlebot3_node' build argument 'cmake_target_skip_unavailable' from command line to 'False'
[0.283s] Level 5:colcon.colcon_core.verb:set package 'turtlebot3_node' build argument 'cmake_clean_cache' from command line to 'False'
[0.283s] Level 5:colcon.colcon_core.verb:set package 'turtlebot3_node' build argument 'cmake_clean_first' from command line to 'False'
[0.283s] Level 5:colcon.colcon_core.verb:set package 'turtlebot3_node' build argument 'cmake_force_configure' from command line to 'False'
[0.283s] Level 5:colcon.colcon_core.verb:set package 'turtlebot3_node' build argument 'ament_cmake_args' from command line to 'None'
[0.283s] Level 5:colcon.colcon_core.verb:set package 'turtlebot3_node' build argument 'catkin_cmake_args' from command line to 'None'
[0.283s] Level 5:colcon.colcon_core.verb:set package 'turtlebot3_node' build argument 'catkin_skip_building_tests' from command line to 'False'
[0.283s] DEBUG:colcon.colcon_core.verb:Building package 'turtlebot3_node' with the following arguments: {'ament_cmake_args': None, 'build_base': '/home/student/ros2_ws/build/turtlebot3_node', 'catkin_cmake_args': None, 'catkin_skip_building_tests': False, 'cmake_args': None, 'cmake_clean_cache': False, 'cmake_clean_first': False, 'cmake_force_configure': False, 'cmake_target': None, 'cmake_target_skip_unavailable': False, 'install_base': '/home/student/ros2_ws/install/turtlebot3_node', 'merge_install': False, 'path': '/home/student/ros2_ws/src/turtlebot3/turtlebot3_node', 'symlink_install': True, 'test_result_base': None}
[0.283s] Level 5:colcon.colcon_core.verb:set package 'turtlebot3_teleop' build argument 'cmake_args' from command line to 'None'
[0.283s] Level 5:colcon.colcon_core.verb:set package 'turtlebot3_teleop' build argument 'cmake_target' from command line to 'None'
[0.283s] Level 5:colcon.colcon_core.verb:set package 'turtlebot3_teleop' build argument 'cmake_target_skip_unavailable' from command line to 'False'
[0.283s] Level 5:colcon.colcon_core.verb:set package 'turtlebot3_teleop' build argument 'cmake_clean_cache' from command line to 'False'
[0.283s] Level 5:colcon.colcon_core.verb:set package 'turtlebot3_teleop' build argument 'cmake_clean_first' from command line to 'False'
[0.283s] Level 5:colcon.colcon_core.verb:set package 'turtlebot3_teleop' build argument 'cmake_force_configure' from command line to 'False'
[0.283s] Level 5:colcon.colcon_core.verb:set package 'turtlebot3_teleop' build argument 'ament_cmake_args' from command line to 'None'
[0.283s] Level 5:colcon.colcon_core.verb:set package 'turtlebot3_teleop' build argument 'catkin_cmake_args' from command line to 'None'
[0.283s] Level 5:colcon.colcon_core.verb:set package 'turtlebot3_teleop' build argument 'catkin_skip_building_tests' from command line to 'False'
[0.284s] DEBUG:colcon.colcon_core.verb:Building package 'turtlebot3_teleop' with the following arguments: {'ament_cmake_args': None, 'build_base': '/home/student/ros2_ws/build/turtlebot3_teleop', 'catkin_cmake_args': None, 'catkin_skip_building_tests': False, 'cmake_args': None, 'cmake_clean_cache': False, 'cmake_clean_first': False, 'cmake_force_configure': False, 'cmake_target': None, 'cmake_target_skip_unavailable': False, 'install_base': '/home/student/ros2_ws/install/turtlebot3_teleop', 'merge_install': False, 'path': '/home/student/ros2_ws/src/turtlebot3/turtlebot3_teleop', 'symlink_install': True, 'test_result_base': None}
[0.284s] Level 5:colcon.colcon_core.verb:set package 'turtlebot3_bringup' build argument 'cmake_args' from command line to 'None'
[0.284s] Level 5:colcon.colcon_core.verb:set package 'turtlebot3_bringup' build argument 'cmake_target' from command line to 'None'
[0.284s] Level 5:colcon.colcon_core.verb:set package 'turtlebot3_bringup' build argument 'cmake_target_skip_unavailable' from command line to 'False'
[0.284s] Level 5:colcon.colcon_core.verb:set package 'turtlebot3_bringup' build argument 'cmake_clean_cache' from command line to 'False'
[0.284s] Level 5:colcon.colcon_core.verb:set package 'turtlebot3_bringup' build argument 'cmake_clean_first' from command line to 'False'
[0.284s] Level 5:colcon.colcon_core.verb:set package 'turtlebot3_bringup' build argument 'cmake_force_configure' from command line to 'False'
[0.284s] Level 5:colcon.colcon_core.verb:set package 'turtlebot3_bringup' build argument 'ament_cmake_args' from command line to 'None'
[0.284s] Level 5:colcon.colcon_core.verb:set package 'turtlebot3_bringup' build argument 'catkin_cmake_args' from command line to 'None'
[0.284s] Level 5:colcon.colcon_core.verb:set package 'turtlebot3_bringup' build argument 'catkin_skip_building_tests' from command line to 'False'
[0.284s] DEBUG:colcon.colcon_core.verb:Building package 'turtlebot3_bringup' with the following arguments: {'ament_cmake_args': None, 'build_base': '/home/student/ros2_ws/build/turtlebot3_bringup', 'catkin_cmake_args': None, 'catkin_skip_building_tests': False, 'cmake_args': None, 'cmake_clean_cache': False, 'cmake_clean_first': False, 'cmake_force_configure': False, 'cmake_target': None, 'cmake_target_skip_unavailable': False, 'install_base': '/home/student/ros2_ws/install/turtlebot3_bringup', 'merge_install': False, 'path': '/home/student/ros2_ws/src/turtlebot3/turtlebot3_bringup', 'symlink_install': True, 'test_result_base': None}
[0.284s] Level 5:colcon.colcon_core.verb:set package 'turtlebot3_simulations' build argument 'cmake_args' from command line to 'None'
[0.284s] Level 5:colcon.colcon_core.verb:set package 'turtlebot3_simulations' build argument 'cmake_target' from command line to 'None'
[0.284s] Level 5:colcon.colcon_core.verb:set package 'turtlebot3_simulations' build argument 'cmake_target_skip_unavailable' from command line to 'False'
[0.284s] Level 5:colcon.colcon_core.verb:set package 'turtlebot3_simulations' build argument 'cmake_clean_cache' from command line to 'False'
[0.284s] Level 5:colcon.colcon_core.verb:set package 'turtlebot3_simulations' build argument 'cmake_clean_first' from command line to 'False'
[0.284s] Level 5:colcon.colcon_core.verb:set package 'turtlebot3_simulations' build argument 'cmake_force_configure' from command line to 'False'
[0.284s] Level 5:colcon.colcon_core.verb:set package 'turtlebot3_simulations' build argument 'ament_cmake_args' from command line to 'None'
[0.284s] Level 5:colcon.colcon_core.verb:set package 'turtlebot3_simulations' build argument 'catkin_cmake_args' from command line to 'None'
[0.284s] Level 5:colcon.colcon_core.verb:set package 'turtlebot3_simulations' build argument 'catkin_skip_building_tests' from command line to 'False'
[0.284s] DEBUG:colcon.colcon_core.verb:Building package 'turtlebot3_simulations' with the following arguments: {'ament_cmake_args': None, 'build_base': '/home/student/ros2_ws/build/turtlebot3_simulations', 'catkin_cmake_args': None, 'catkin_skip_building_tests': False, 'cmake_args': None, 'cmake_clean_cache': False, 'cmake_clean_first': False, 'cmake_force_configure': False, 'cmake_target': None, 'cmake_target_skip_unavailable': False, 'install_base': '/home/student/ros2_ws/install/turtlebot3_simulations', 'merge_install': False, 'path': '/home/student/ros2_ws/src/turtlebot3_simulations/turtlebot3_simulations', 'symlink_install': True, 'test_result_base': None}
[0.285s] Level 5:colcon.colcon_core.verb:set package 'turtlebot3' build argument 'cmake_args' from command line to 'None'
[0.285s] Level 5:colcon.colcon_core.verb:set package 'turtlebot3' build argument 'cmake_target' from command line to 'None'
[0.285s] Level 5:colcon.colcon_core.verb:set package 'turtlebot3' build argument 'cmake_target_skip_unavailable' from command line to 'False'
[0.285s] Level 5:colcon.colcon_core.verb:set package 'turtlebot3' build argument 'cmake_clean_cache' from command line to 'False'
[0.285s] Level 5:colcon.colcon_core.verb:set package 'turtlebot3' build argument 'cmake_clean_first' from command line to 'False'
[0.285s] Level 5:colcon.colcon_core.verb:set package 'turtlebot3' build argument 'cmake_force_configure' from command line to 'False'
[0.285s] Level 5:colcon.colcon_core.verb:set package 'turtlebot3' build argument 'ament_cmake_args' from command line to 'None'
[0.285s] Level 5:colcon.colcon_core.verb:set package 'turtlebot3' build argument 'catkin_cmake_args' from command line to 'None'
[0.285s] Level 5:colcon.colcon_core.verb:set package 'turtlebot3' build argument 'catkin_skip_building_tests' from command line to 'False'
[0.285s] DEBUG:colcon.colcon_core.verb:Building package 'turtlebot3' with the following arguments: {'ament_cmake_args': None, 'build_base': '/home/student/ros2_ws/build/turtlebot3', 'catkin_cmake_args': None, 'catkin_skip_building_tests': False, 'cmake_args': None, 'cmake_clean_cache': False, 'cmake_clean_first': False, 'cmake_force_configure': False, 'cmake_target': None, 'cmake_target_skip_unavailable': False, 'install_base': '/home/student/ros2_ws/install/turtlebot3', 'merge_install': False, 'path': '/home/student/ros2_ws/src/turtlebot3/turtlebot3', 'symlink_install': True, 'test_result_base': None}
[0.285s] INFO:colcon.colcon_core.executor:Executing jobs using 'parallel' executor
[0.286s] DEBUG:colcon.colcon_parallel_executor.executor.parallel:run_until_complete
[0.286s] INFO:colcon.colcon_ros.task.ament_cmake.build:Building ROS package in '/home/student/ros2_ws/src/turtlebot3/turtlebot3_description' with build type 'ament_cmake'
[0.286s] INFO:colcon.colcon_cmake.task.cmake.build:Building CMake package in '/home/student/ros2_ws/src/turtlebot3/turtlebot3_description'
[0.288s] INFO:colcon.colcon_core.plugin_system:Skipping extension 'colcon_core.shell.bat': Not used on non-Windows systems
[0.288s] INFO:colcon.colcon_core.shell:Skip shell extension 'powershell' for command environment: Not usable outside of PowerShell
[0.288s] DEBUG:colcon.colcon_core.shell:Skip shell extension 'dsv' for command environment
[0.293s] INFO:colcon.colcon_ros.task.ament_cmake.build:Building ROS package in '/home/student/ros2_ws/src/turtlebot3/turtlebot3_node' with build type 'ament_cmake'
[0.293s] INFO:colcon.colcon_cmake.task.cmake.build:Building CMake package in '/home/student/ros2_ws/src/turtlebot3/turtlebot3_node'
[0.293s] INFO:colcon.colcon_core.shell:Skip shell extension 'powershell' for command environment: Not usable outside of PowerShell
[0.293s] DEBUG:colcon.colcon_core.shell:Skip shell extension 'dsv' for command environment
[0.297s] INFO:colcon.colcon_ros.task.ament_cmake.build:Building ROS package in '/home/student/ros2_ws/src/turtlebot3/turtlebot3_cartographer' with build type 'ament_cmake'
[0.297s] INFO:colcon.colcon_cmake.task.cmake.build:Building CMake package in '/home/student/ros2_ws/src/turtlebot3/turtlebot3_cartographer'
[0.297s] INFO:colcon.colcon_core.shell:Skip shell extension 'powershell' for command environment: Not usable outside of PowerShell
[0.297s] DEBUG:colcon.colcon_core.shell:Skip shell extension 'dsv' for command environment
[0.301s] INFO:colcon.colcon_ros.task.ament_python.build:Building ROS package in '/home/student/ros2_ws/src/turtlebot3/turtlebot3_example' with build type 'ament_python'
[0.301s] Level 1:colcon.colcon_core.shell:create_environment_hook('turtlebot3_example', 'ament_prefix_path')
[0.301s] INFO:colcon.colcon_core.shell:Creating environment hook '/home/student/ros2_ws/install/turtlebot3_example/share/turtlebot3_example/hook/ament_prefix_path.ps1'
[0.302s] INFO:colcon.colcon_core.shell:Creating environment descriptor '/home/student/ros2_ws/install/turtlebot3_example/share/turtlebot3_example/hook/ament_prefix_path.dsv'
[0.302s] INFO:colcon.colcon_core.shell:Creating environment hook '/home/student/ros2_ws/install/turtlebot3_example/share/turtlebot3_example/hook/ament_prefix_path.sh'
[0.303s] INFO:colcon.colcon_core.shell:Skip shell extension 'powershell' for command environment: Not usable outside of PowerShell
[0.303s] DEBUG:colcon.colcon_core.shell:Skip shell extension 'dsv' for command environment
[0.306s] INFO:colcon.colcon_ros.task.ament_cmake.build:Building ROS package in '/home/student/ros2_ws/src/turtlebot3_simulations/turtlebot3_fake_node' with build type 'ament_cmake'
[0.306s] INFO:colcon.colcon_cmake.task.cmake.build:Building CMake package in '/home/student/ros2_ws/src/turtlebot3_simulations/turtlebot3_fake_node'
[0.306s] INFO:colcon.colcon_core.shell:Skip shell extension 'powershell' for command environment: Not usable outside of PowerShell
[0.306s] DEBUG:colcon.colcon_core.shell:Skip shell extension 'dsv' for command environment
[0.311s] INFO:colcon.colcon_ros.task.ament_cmake.build:Building ROS package in '/home/student/ros2_ws/src/turtlebot3_simulations/turtlebot3_gazebo' with build type 'ament_cmake'
[0.311s] INFO:colcon.colcon_cmake.task.cmake.build:Building CMake package in '/home/student/ros2_ws/src/turtlebot3_simulations/turtlebot3_gazebo'
[0.311s] INFO:colcon.colcon_core.shell:Skip shell extension 'powershell' for command environment: Not usable outside of PowerShell
[0.311s] DEBUG:colcon.colcon_core.shell:Skip shell extension 'dsv' for command environment
[0.315s] INFO:colcon.colcon_ros.task.ament_cmake.build:Building ROS package in '/home/student/ros2_ws/src/turtlebot3_simulations/turtlebot3_manipulation_gazebo' with build type 'ament_cmake'
[0.315s] INFO:colcon.colcon_cmake.task.cmake.build:Building CMake package in '/home/student/ros2_ws/src/turtlebot3_simulations/turtlebot3_manipulation_gazebo'
[0.315s] INFO:colcon.colcon_core.shell:Skip shell extension 'powershell' for command environment: Not usable outside of PowerShell
[0.315s] DEBUG:colcon.colcon_core.shell:Skip shell extension 'dsv' for command environment
[0.318s] INFO:colcon.colcon_ros.task.ament_cmake.build:Building ROS package in '/home/student/ros2_ws/src/turtlebot3/turtlebot3_navigation2' with build type 'ament_cmake'
[0.319s] INFO:colcon.colcon_cmake.task.cmake.build:Building CMake package in '/home/student/ros2_ws/src/turtlebot3/turtlebot3_navigation2'
[0.319s] INFO:colcon.colcon_core.shell:Skip shell extension 'powershell' for command environment: Not usable outside of PowerShell
[0.319s] DEBUG:colcon.colcon_core.shell:Skip shell extension 'dsv' for command environment
[0.322s] INFO:colcon.colcon_ros.task.ament_python.build:Building ROS package in '/home/student/ros2_ws/src/turtlebot3/turtlebot3_teleop' with build type 'ament_python'
[0.322s] Level 1:colcon.colcon_core.shell:create_environment_hook('turtlebot3_teleop', 'ament_prefix_path')
[0.322s] INFO:colcon.colcon_core.shell:Creating environment hook '/home/student/ros2_ws/install/turtlebot3_teleop/share/turtlebot3_teleop/hook/ament_prefix_path.ps1'
[0.323s] INFO:colcon.colcon_core.shell:Creating environment descriptor '/home/student/ros2_ws/install/turtlebot3_teleop/share/turtlebot3_teleop/hook/ament_prefix_path.dsv'
[0.323s] INFO:colcon.colcon_core.shell:Creating environment hook '/home/student/ros2_ws/install/turtlebot3_teleop/share/turtlebot3_teleop/hook/ament_prefix_path.sh'
[0.323s] INFO:colcon.colcon_core.shell:Skip shell extension 'powershell' for command environment: Not usable outside of PowerShell
[0.323s] DEBUG:colcon.colcon_core.shell:Skip shell extension 'dsv' for command environment
[0.327s] INFO:colcon.colcon_ros.task.ament_python.build:Building ROS package in '/home/student/ros2_ws/src/my_robot_controller' with build type 'ament_python'
[0.327s] Level 1:colcon.colcon_core.shell:create_environment_hook('my_robot_controller', 'ament_prefix_path')
[0.327s] INFO:colcon.colcon_core.shell:Creating environment hook '/home/student/ros2_ws/install/my_robot_controller/share/my_robot_controller/hook/ament_prefix_path.ps1'
[0.328s] INFO:colcon.colcon_core.shell:Creating environment descriptor '/home/student/ros2_ws/install/my_robot_controller/share/my_robot_controller/hook/ament_prefix_path.dsv'
[0.328s] INFO:colcon.colcon_core.shell:Creating environment hook '/home/student/ros2_ws/install/my_robot_controller/share/my_robot_controller/hook/ament_prefix_path.sh'
[0.328s] INFO:colcon.colcon_core.shell:Skip shell extension 'powershell' for command environment: Not usable outside of PowerShell
[0.328s] DEBUG:colcon.colcon_core.shell:Skip shell extension 'dsv' for command environment
[0.336s] DEBUG:colcon.colcon_core.event_handler.log_command:Invoking command in '/home/student/ros2_ws/build/turtlebot3_description': CMAKE_PREFIX_PATH=${CMAKE_PREFIX_PATH}:/home/student/ros2_ws/install/turtlebot3_teleop:/home/student/ros2_ws/install/turtlebot3_example:/home/student/ros2_ws/install/my_robot_controller:/opt/ros/humble /usr/bin/cmake --build /home/student/ros2_ws/build/turtlebot3_description -- -j16 -l16
[0.337s] DEBUG:colcon.colcon_core.event_handler.log_command:Invoking command in '/home/student/ros2_ws/build/turtlebot3_node': CMAKE_PREFIX_PATH=${CMAKE_PREFIX_PATH}:/home/student/ros2_ws/install/turtlebot3_teleop:/home/student/ros2_ws/install/turtlebot3_example:/home/student/ros2_ws/install/my_robot_controller:/opt/ros/humble /usr/bin/cmake --build /home/student/ros2_ws/build/turtlebot3_node -- -j16 -l16
[0.339s] DEBUG:colcon.colcon_core.event_handler.log_command:Invoking command in '/home/student/ros2_ws/build/turtlebot3_cartographer': CMAKE_PREFIX_PATH=${CMAKE_PREFIX_PATH}:/home/student/ros2_ws/install/turtlebot3_teleop:/home/student/ros2_ws/install/turtlebot3_example:/home/student/ros2_ws/install/my_robot_controller:/opt/ros/humble /usr/bin/cmake --build /home/student/ros2_ws/build/turtlebot3_cartographer -- -j16 -l16
[0.559s] INFO:colcon.colcon_core.task.python.build:Building Python package in '/home/student/ros2_ws/src/turtlebot3/turtlebot3_example'
[0.559s] INFO:colcon.colcon_core.shell:Skip shell extension 'powershell' for command environment: Not usable outside of PowerShell
[0.559s] DEBUG:colcon.colcon_core.shell:Skip shell extension 'dsv' for command environment
[0.565s] DEBUG:colcon.colcon_core.event_handler.log_command:Invoking command in '/home/student/ros2_ws/build/turtlebot3_fake_node': CMAKE_PREFIX_PATH=${CMAKE_PREFIX_PATH}:/home/student/ros2_ws/install/turtlebot3_teleop:/home/student/ros2_ws/install/turtlebot3_example:/home/student/ros2_ws/install/my_robot_controller:/opt/ros/humble /usr/bin/cmake --build /home/student/ros2_ws/build/turtlebot3_fake_node -- -j16 -l16
[0.567s] DEBUG:colcon.colcon_core.event_handler.log_command:Invoking command in '/home/student/ros2_ws/build/turtlebot3_gazebo': CMAKE_PREFIX_PATH=${CMAKE_PREFIX_PATH}:/home/student/ros2_ws/install/turtlebot3_teleop:/home/student/ros2_ws/install/turtlebot3_example:/home/student/ros2_ws/install/my_robot_controller:/opt/ros/humble /usr/bin/cmake --build /home/student/ros2_ws/build/turtlebot3_gazebo -- -j16 -l16
[0.569s] DEBUG:colcon.colcon_core.event_handler.log_command:Invoking command in '/home/student/ros2_ws/build/turtlebot3_manipulation_gazebo': CMAKE_PREFIX_PATH=${CMAKE_PREFIX_PATH}:/home/student/ros2_ws/install/turtlebot3_teleop:/home/student/ros2_ws/install/turtlebot3_example:/home/student/ros2_ws/install/my_robot_controller:/opt/ros/humble /usr/bin/cmake --build /home/student/ros2_ws/build/turtlebot3_manipulation_gazebo -- -j16 -l16
[0.571s] DEBUG:colcon.colcon_core.event_handler.log_command:Invoking command in '/home/student/ros2_ws/build/turtlebot3_navigation2': CMAKE_PREFIX_PATH=${CMAKE_PREFIX_PATH}:/home/student/ros2_ws/install/turtlebot3_teleop:/home/student/ros2_ws/install/turtlebot3_example:/home/student/ros2_ws/install/my_robot_controller:/opt/ros/humble /usr/bin/cmake --build /home/student/ros2_ws/build/turtlebot3_navigation2 -- -j16 -l16
[0.787s] INFO:colcon.colcon_core.task.python.build:Building Python package in '/home/student/ros2_ws/src/turtlebot3/turtlebot3_teleop'
[0.788s] INFO:colcon.colcon_core.shell:Skip shell extension 'powershell' for command environment: Not usable outside of PowerShell
[0.788s] DEBUG:colcon.colcon_core.shell:Skip shell extension 'dsv' for command environment
[0.799s] DEBUG:colcon.colcon_core.event_handler.log_command:Invoked command in '/home/student/ros2_ws/build/turtlebot3_description' returned '0': CMAKE_PREFIX_PATH=${CMAKE_PREFIX_PATH}:/home/student/ros2_ws/install/turtlebot3_teleop:/home/student/ros2_ws/install/turtlebot3_example:/home/student/ros2_ws/install/my_robot_controller:/opt/ros/humble /usr/bin/cmake --build /home/student/ros2_ws/build/turtlebot3_description -- -j16 -l16
[0.808s] DEBUG:colcon.colcon_core.event_handler.log_command:Invoking command in '/home/student/ros2_ws/build/turtlebot3_description': CMAKE_PREFIX_PATH=${CMAKE_PREFIX_PATH}:/home/student/ros2_ws/install/turtlebot3_teleop:/home/student/ros2_ws/install/turtlebot3_example:/home/student/ros2_ws/install/my_robot_controller:/opt/ros/humble /usr/bin/cmake --install /home/student/ros2_ws/build/turtlebot3_description
[0.808s] DEBUG:colcon.colcon_core.event_handler.log_command:Invoked command in '/home/student/ros2_ws/build/turtlebot3_manipulation_gazebo' returned '0': CMAKE_PREFIX_PATH=${CMAKE_PREFIX_PATH}:/home/student/ros2_ws/install/turtlebot3_teleop:/home/student/ros2_ws/install/turtlebot3_example:/home/student/ros2_ws/install/my_robot_controller:/opt/ros/humble /usr/bin/cmake --build /home/student/ros2_ws/build/turtlebot3_manipulation_gazebo -- -j16 -l16
[0.809s] DEBUG:colcon.colcon_core.event_handler.log_command:Invoking command in '/home/student/ros2_ws/build/turtlebot3_manipulation_gazebo': CMAKE_PREFIX_PATH=${CMAKE_PREFIX_PATH}:/home/student/ros2_ws/install/turtlebot3_teleop:/home/student/ros2_ws/install/turtlebot3_example:/home/student/ros2_ws/install/my_robot_controller:/opt/ros/humble /usr/bin/cmake --install /home/student/ros2_ws/build/turtlebot3_manipulation_gazebo
[0.810s] DEBUG:colcon.colcon_core.event_handler.log_command:Invoked command in '/home/student/ros2_ws/build/turtlebot3_cartographer' returned '0': CMAKE_PREFIX_PATH=${CMAKE_PREFIX_PATH}:/home/student/ros2_ws/install/turtlebot3_teleop:/home/student/ros2_ws/install/turtlebot3_example:/home/student/ros2_ws/install/my_robot_controller:/opt/ros/humble /usr/bin/cmake --build /home/student/ros2_ws/build/turtlebot3_cartographer -- -j16 -l16
[0.811s] DEBUG:colcon.colcon_core.event_handler.log_command:Invoking command in '/home/student/ros2_ws/build/turtlebot3_cartographer': CMAKE_PREFIX_PATH=${CMAKE_PREFIX_PATH}:/home/student/ros2_ws/install/turtlebot3_teleop:/home/student/ros2_ws/install/turtlebot3_example:/home/student/ros2_ws/install/my_robot_controller:/opt/ros/humble /usr/bin/cmake --install /home/student/ros2_ws/build/turtlebot3_cartographer
[1.012s] INFO:colcon.colcon_core.task.python.build:Building Python package in '/home/student/ros2_ws/src/my_robot_controller'
[1.012s] INFO:colcon.colcon_core.shell:Skip shell extension 'powershell' for command environment: Not usable outside of PowerShell
[1.012s] DEBUG:colcon.colcon_core.shell:Skip shell extension 'dsv' for command environment
[1.017s] DEBUG:colcon.colcon_core.event_handler.log_command:Invoked command in '/home/student/ros2_ws/build/turtlebot3_node' returned '0': CMAKE_PREFIX_PATH=${CMAKE_PREFIX_PATH}:/home/student/ros2_ws/install/turtlebot3_teleop:/home/student/ros2_ws/install/turtlebot3_example:/home/student/ros2_ws/install/my_robot_controller:/opt/ros/humble /usr/bin/cmake --build /home/student/ros2_ws/build/turtlebot3_node -- -j16 -l16
[1.018s] DEBUG:colcon.colcon_core.event_handler.log_command:Invoking command in '/home/student/ros2_ws/build/turtlebot3_node': CMAKE_PREFIX_PATH=${CMAKE_PREFIX_PATH}:/home/student/ros2_ws/install/turtlebot3_teleop:/home/student/ros2_ws/install/turtlebot3_example:/home/student/ros2_ws/install/my_robot_controller:/opt/ros/humble /usr/bin/cmake --install /home/student/ros2_ws/build/turtlebot3_node
[1.018s] DEBUG:colcon.colcon_core.event_handler.log_command:Invoked command in '/home/student/ros2_ws/build/turtlebot3_navigation2' returned '0': CMAKE_PREFIX_PATH=${CMAKE_PREFIX_PATH}:/home/student/ros2_ws/install/turtlebot3_teleop:/home/student/ros2_ws/install/turtlebot3_example:/home/student/ros2_ws/install/my_robot_controller:/opt/ros/humble /usr/bin/cmake --build /home/student/ros2_ws/build/turtlebot3_navigation2 -- -j16 -l16
[1.019s] DEBUG:colcon.colcon_core.event_handler.log_command:Invoking command in '/home/student/ros2_ws/build/turtlebot3_navigation2': CMAKE_PREFIX_PATH=${CMAKE_PREFIX_PATH}:/home/student/ros2_ws/install/turtlebot3_teleop:/home/student/ros2_ws/install/turtlebot3_example:/home/student/ros2_ws/install/my_robot_controller:/opt/ros/humble /usr/bin/cmake --install /home/student/ros2_ws/build/turtlebot3_navigation2
[1.020s] DEBUG:colcon.colcon_core.event_handler.log_command:Invoked command in '/home/student/ros2_ws/build/turtlebot3_fake_node' returned '0': CMAKE_PREFIX_PATH=${CMAKE_PREFIX_PATH}:/home/student/ros2_ws/install/turtlebot3_teleop:/home/student/ros2_ws/install/turtlebot3_example:/home/student/ros2_ws/install/my_robot_controller:/opt/ros/humble /usr/bin/cmake --build /home/student/ros2_ws/build/turtlebot3_fake_node -- -j16 -l16
[1.021s] DEBUG:colcon.colcon_core.event_handler.log_command:Invoking command in '/home/student/ros2_ws/build/turtlebot3_fake_node': CMAKE_PREFIX_PATH=${CMAKE_PREFIX_PATH}:/home/student/ros2_ws/install/turtlebot3_teleop:/home/student/ros2_ws/install/turtlebot3_example:/home/student/ros2_ws/install/my_robot_controller:/opt/ros/humble /usr/bin/cmake --install /home/student/ros2_ws/build/turtlebot3_fake_node
[1.021s] DEBUG:colcon.colcon_core.event_handler.log_command:Invoked command in '/home/student/ros2_ws/build/turtlebot3_gazebo' returned '0': CMAKE_PREFIX_PATH=${CMAKE_PREFIX_PATH}:/home/student/ros2_ws/install/turtlebot3_teleop:/home/student/ros2_ws/install/turtlebot3_example:/home/student/ros2_ws/install/my_robot_controller:/opt/ros/humble /usr/bin/cmake --build /home/student/ros2_ws/build/turtlebot3_gazebo -- -j16 -l16
[1.023s] DEBUG:colcon.colcon_core.event_handler.log_command:Invoking command in '/home/student/ros2_ws/build/turtlebot3_gazebo': CMAKE_PREFIX_PATH=${CMAKE_PREFIX_PATH}:/home/student/ros2_ws/install/turtlebot3_teleop:/home/student/ros2_ws/install/turtlebot3_example:/home/student/ros2_ws/install/my_robot_controller:/opt/ros/humble /usr/bin/cmake --install /home/student/ros2_ws/build/turtlebot3_gazebo
[1.036s] Level 1:colcon.colcon_core.environment:create_environment_scripts_only(turtlebot3_description)
[1.048s] DEBUG:colcon.colcon_core.event_handler.log_command:Invoked command in '/home/student/ros2_ws/build/turtlebot3_description' returned '0': CMAKE_PREFIX_PATH=${CMAKE_PREFIX_PATH}:/home/student/ros2_ws/install/turtlebot3_teleop:/home/student/ros2_ws/install/turtlebot3_example:/home/student/ros2_ws/install/my_robot_controller:/opt/ros/humble /usr/bin/cmake --install /home/student/ros2_ws/build/turtlebot3_description
[1.051s] Level 1:colcon.colcon_core.environment:checking '/home/student/ros2_ws/install/turtlebot3_description' for CMake module files
[1.055s] Level 1:colcon.colcon_core.environment:checking '/home/student/ros2_ws/install/turtlebot3_description' for CMake config files
[1.059s] Level 1:colcon.colcon_core.shell:create_environment_hook('turtlebot3_description', 'cmake_prefix_path')
[1.059s] INFO:colcon.colcon_core.shell:Creating environment hook '/home/student/ros2_ws/install/turtlebot3_description/share/turtlebot3_description/hook/cmake_prefix_path.ps1'
[1.059s] INFO:colcon.colcon_core.shell:Creating environment descriptor '/home/student/ros2_ws/install/turtlebot3_description/share/turtlebot3_description/hook/cmake_prefix_path.dsv'
[1.060s] INFO:colcon.colcon_core.shell:Creating environment hook '/home/student/ros2_ws/install/turtlebot3_description/share/turtlebot3_description/hook/cmake_prefix_path.sh'
[1.061s] Level 1:colcon.colcon_core.environment:checking '/home/student/ros2_ws/install/turtlebot3_description/bin'
[1.061s] Level 1:colcon.colcon_core.environment:checking '/home/student/ros2_ws/install/turtlebot3_description/lib/pkgconfig/turtlebot3_description.pc'
[1.061s] Level 1:colcon.colcon_core.environment:checking '/home/student/ros2_ws/install/turtlebot3_description/lib/python3.10/site-packages'
[1.061s] Level 1:colcon.colcon_core.environment:checking '/home/student/ros2_ws/install/turtlebot3_description/bin'
[1.061s] INFO:colcon.colcon_core.shell:Creating package script '/home/student/ros2_ws/install/turtlebot3_description/share/turtlebot3_description/package.ps1'
[1.062s] INFO:colcon.colcon_core.shell:Creating package descriptor '/home/student/ros2_ws/install/turtlebot3_description/share/turtlebot3_description/package.dsv'
[1.062s] INFO:colcon.colcon_core.shell:Creating package script '/home/student/ros2_ws/install/turtlebot3_description/share/turtlebot3_description/package.sh'
[1.063s] INFO:colcon.colcon_core.shell:Creating package script '/home/student/ros2_ws/install/turtlebot3_description/share/turtlebot3_description/package.bash'
[1.064s] INFO:colcon.colcon_core.shell:Creating package script '/home/student/ros2_ws/install/turtlebot3_description/share/turtlebot3_description/package.zsh'
[1.064s] Level 1:colcon.colcon_core.environment:create_file_with_runtime_dependencies(/home/student/ros2_ws/install/turtlebot3_description/share/colcon-core/packages/turtlebot3_description)
[1.065s] Level 1:colcon.colcon_core.environment:create_environment_scripts_only(turtlebot3_description)
[1.065s] Level 1:colcon.colcon_core.environment:checking '/home/student/ros2_ws/install/turtlebot3_description' for CMake module files
[1.065s] Level 1:colcon.colcon_core.environment:checking '/home/student/ros2_ws/install/turtlebot3_description' for CMake config files
[1.065s] Level 1:colcon.colcon_core.shell:create_environment_hook('turtlebot3_description', 'cmake_prefix_path')
[1.066s] INFO:colcon.colcon_core.shell:Creating environment hook '/home/student/ros2_ws/install/turtlebot3_description/share/turtlebot3_description/hook/cmake_prefix_path.ps1'
[1.066s] INFO:colcon.colcon_core.shell:Creating environment descriptor '/home/student/ros2_ws/install/turtlebot3_description/share/turtlebot3_description/hook/cmake_prefix_path.dsv'
[1.066s] INFO:colcon.colcon_core.shell:Creating environment hook '/home/student/ros2_ws/install/turtlebot3_description/share/turtlebot3_description/hook/cmake_prefix_path.sh'
[1.067s] Level 1:colcon.colcon_core.environment:checking '/home/student/ros2_ws/install/turtlebot3_description/bin'
[1.067s] Level 1:colcon.colcon_core.environment:checking '/home/student/ros2_ws/install/turtlebot3_description/lib/pkgconfig/turtlebot3_description.pc'
[1.067s] Level 1:colcon.colcon_core.environment:checking '/home/student/ros2_ws/install/turtlebot3_description/lib/python3.10/site-packages'
[1.067s] Level 1:colcon.colcon_core.environment:checking '/home/student/ros2_ws/install/turtlebot3_description/bin'
[1.067s] INFO:colcon.colcon_core.shell:Creating package script '/home/student/ros2_ws/install/turtlebot3_description/share/turtlebot3_description/package.ps1'
[1.068s] INFO:colcon.colcon_core.shell:Creating package descriptor '/home/student/ros2_ws/install/turtlebot3_description/share/turtlebot3_description/package.dsv'
[1.068s] INFO:colcon.colcon_core.shell:Creating package script '/home/student/ros2_ws/install/turtlebot3_description/share/turtlebot3_description/package.sh'
[1.068s] INFO:colcon.colcon_core.shell:Creating package script '/home/student/ros2_ws/install/turtlebot3_description/share/turtlebot3_description/package.bash'
[1.069s] INFO:colcon.colcon_core.shell:Creating package script '/home/student/ros2_ws/install/turtlebot3_description/share/turtlebot3_description/package.zsh'
[1.069s] Level 1:colcon.colcon_core.environment:create_file_with_runtime_dependencies(/home/student/ros2_ws/install/turtlebot3_description/share/colcon-core/packages/turtlebot3_description)
[1.069s] Level 1:colcon.colcon_core.environment:create_environment_scripts_only(turtlebot3_cartographer)
[1.070s] Level 1:colcon.colcon_core.environment:checking '/home/student/ros2_ws/install/turtlebot3_cartographer' for CMake module files
[1.070s] DEBUG:colcon.colcon_core.event_handler.log_command:Invoked command in '/home/student/ros2_ws/build/turtlebot3_cartographer' returned '0': CMAKE_PREFIX_PATH=${CMAKE_PREFIX_PATH}:/home/student/ros2_ws/install/turtlebot3_teleop:/home/student/ros2_ws/install/turtlebot3_example:/home/student/ros2_ws/install/my_robot_controller:/opt/ros/humble /usr/bin/cmake --install /home/student/ros2_ws/build/turtlebot3_cartographer
[1.070s] Level 1:colcon.colcon_core.environment:checking '/home/student/ros2_ws/install/turtlebot3_cartographer' for CMake config files
[1.071s] Level 1:colcon.colcon_core.shell:create_environment_hook('turtlebot3_cartographer', 'cmake_prefix_path')
[1.071s] INFO:colcon.colcon_core.shell:Creating environment hook '/home/student/ros2_ws/install/turtlebot3_cartographer/share/turtlebot3_cartographer/hook/cmake_prefix_path.ps1'
[1.071s] INFO:colcon.colcon_core.shell:Creating environment descriptor '/home/student/ros2_ws/install/turtlebot3_cartographer/share/turtlebot3_cartographer/hook/cmake_prefix_path.dsv'
[1.071s] INFO:colcon.colcon_core.shell:Creating environment hook '/home/student/ros2_ws/install/turtlebot3_cartographer/share/turtlebot3_cartographer/hook/cmake_prefix_path.sh'
[1.072s] Level 1:colcon.colcon_core.environment:checking '/home/student/ros2_ws/install/turtlebot3_cartographer/bin'
[1.072s] Level 1:colcon.colcon_core.environment:checking '/home/student/ros2_ws/install/turtlebot3_cartographer/lib/pkgconfig/turtlebot3_cartographer.pc'
[1.072s] Level 1:colcon.colcon_core.environment:checking '/home/student/ros2_ws/install/turtlebot3_cartographer/lib/python3.10/site-packages'
[1.072s] Level 1:colcon.colcon_core.environment:checking '/home/student/ros2_ws/install/turtlebot3_cartographer/bin'
[1.073s] INFO:colcon.colcon_core.shell:Creating package script '/home/student/ros2_ws/install/turtlebot3_cartographer/share/turtlebot3_cartographer/package.ps1'
[1.073s] INFO:colcon.colcon_core.shell:Creating package descriptor '/home/student/ros2_ws/install/turtlebot3_cartographer/share/turtlebot3_cartographer/package.dsv'
[1.073s] INFO:colcon.colcon_core.shell:Creating package script '/home/student/ros2_ws/install/turtlebot3_cartographer/share/turtlebot3_cartographer/package.sh'
[1.074s] INFO:colcon.colcon_core.shell:Creating package script '/home/student/ros2_ws/install/turtlebot3_cartographer/share/turtlebot3_cartographer/package.bash'
[1.074s] INFO:colcon.colcon_core.shell:Creating package script '/home/student/ros2_ws/install/turtlebot3_cartographer/share/turtlebot3_cartographer/package.zsh'
[1.074s] Level 1:colcon.colcon_core.environment:create_file_with_runtime_dependencies(/home/student/ros2_ws/install/turtlebot3_cartographer/share/colcon-core/packages/turtlebot3_cartographer)
[1.074s] Level 1:colcon.colcon_core.environment:create_environment_scripts_only(turtlebot3_cartographer)
[1.075s] Level 1:colcon.colcon_core.environment:checking '/home/student/ros2_ws/install/turtlebot3_cartographer' for CMake module files
[1.075s] Level 1:colcon.colcon_core.environment:checking '/home/student/ros2_ws/install/turtlebot3_cartographer' for CMake config files
[1.075s] Level 1:colcon.colcon_core.shell:create_environment_hook('turtlebot3_cartographer', 'cmake_prefix_path')
[1.075s] INFO:colcon.colcon_core.shell:Creating environment hook '/home/student/ros2_ws/install/turtlebot3_cartographer/share/turtlebot3_cartographer/hook/cmake_prefix_path.ps1'
[1.076s] INFO:colcon.colcon_core.shell:Creating environment descriptor '/home/student/ros2_ws/install/turtlebot3_cartographer/share/turtlebot3_cartographer/hook/cmake_prefix_path.dsv'
[1.076s] INFO:colcon.colcon_core.shell:Creating environment hook '/home/student/ros2_ws/install/turtlebot3_cartographer/share/turtlebot3_cartographer/hook/cmake_prefix_path.sh'
[1.076s] Level 1:colcon.colcon_core.environment:checking '/home/student/ros2_ws/install/turtlebot3_cartographer/bin'
[1.076s] Level 1:colcon.colcon_core.environment:checking '/home/student/ros2_ws/install/turtlebot3_cartographer/lib/pkgconfig/turtlebot3_cartographer.pc'
[1.076s] Level 1:colcon.colcon_core.environment:checking '/home/student/ros2_ws/install/turtlebot3_cartographer/lib/python3.10/site-packages'
[1.077s] Level 1:colcon.colcon_core.environment:checking '/home/student/ros2_ws/install/turtlebot3_cartographer/bin'
[1.077s] INFO:colcon.colcon_core.shell:Creating package script '/home/student/ros2_ws/install/turtlebot3_cartographer/share/turtlebot3_cartographer/package.ps1'
[1.077s] INFO:colcon.colcon_core.shell:Creating package descriptor '/home/student/ros2_ws/install/turtlebot3_cartographer/share/turtlebot3_cartographer/package.dsv'
[1.078s] INFO:colcon.colcon_core.shell:Creating package script '/home/student/ros2_ws/install/turtlebot3_cartographer/share/turtlebot3_cartographer/package.sh'
[1.078s] INFO:colcon.colcon_core.shell:Creating package script '/home/student/ros2_ws/install/turtlebot3_cartographer/share/turtlebot3_cartographer/package.bash'
[1.078s] INFO:colcon.colcon_core.shell:Creating package script '/home/student/ros2_ws/install/turtlebot3_cartographer/share/turtlebot3_cartographer/package.zsh'
[1.079s] Level 1:colcon.colcon_core.environment:create_file_with_runtime_dependencies(/home/student/ros2_ws/install/turtlebot3_cartographer/share/colcon-core/packages/turtlebot3_cartographer)
[1.081s] Level 1:colcon.colcon_core.environment:create_environment_scripts_only(turtlebot3_node)
[1.081s] Level 1:colcon.colcon_core.environment:checking '/home/student/ros2_ws/install/turtlebot3_node' for CMake module files
[1.082s] DEBUG:colcon.colcon_core.event_handler.log_command:Invoked command in '/home/student/ros2_ws/build/turtlebot3_node' returned '0': CMAKE_PREFIX_PATH=${CMAKE_PREFIX_PATH}:/home/student/ros2_ws/install/turtlebot3_teleop:/home/student/ros2_ws/install/turtlebot3_example:/home/student/ros2_ws/install/my_robot_controller:/opt/ros/humble /usr/bin/cmake --install /home/student/ros2_ws/build/turtlebot3_node
[1.082s] Level 1:colcon.colcon_core.environment:checking '/home/student/ros2_ws/install/turtlebot3_node' for CMake config files
[1.082s] Level 1:colcon.colcon_core.shell:create_environment_hook('turtlebot3_node', 'cmake_prefix_path')
[1.082s] INFO:colcon.colcon_core.shell:Creating environment hook '/home/student/ros2_ws/install/turtlebot3_node/share/turtlebot3_node/hook/cmake_prefix_path.ps1'
[1.083s] INFO:colcon.colcon_core.shell:Creating environment descriptor '/home/student/ros2_ws/install/turtlebot3_node/share/turtlebot3_node/hook/cmake_prefix_path.dsv'
[1.083s] INFO:colcon.colcon_core.shell:Creating environment hook '/home/student/ros2_ws/install/turtlebot3_node/share/turtlebot3_node/hook/cmake_prefix_path.sh'
[1.083s] Level 1:colcon.colcon_core.environment:checking '/home/student/ros2_ws/install/turtlebot3_node/lib'
[1.084s] Level 1:colcon.colcon_core.environment:checking '/home/student/ros2_ws/install/turtlebot3_node/bin'
[1.084s] Level 1:colcon.colcon_core.environment:checking '/home/student/ros2_ws/install/turtlebot3_node/lib/pkgconfig/turtlebot3_node.pc'
[1.084s] Level 1:colcon.colcon_core.environment:checking '/home/student/ros2_ws/install/turtlebot3_node/lib/python3.10/site-packages'
[1.084s] Level 1:colcon.colcon_core.environment:checking '/home/student/ros2_ws/install/turtlebot3_node/bin'
[1.084s] INFO:colcon.colcon_core.shell:Creating package script '/home/student/ros2_ws/install/turtlebot3_node/share/turtlebot3_node/package.ps1'
[1.085s] INFO:colcon.colcon_core.shell:Creating package descriptor '/home/student/ros2_ws/install/turtlebot3_node/share/turtlebot3_node/package.dsv'
[1.085s] INFO:colcon.colcon_core.shell:Creating package script '/home/student/ros2_ws/install/turtlebot3_node/share/turtlebot3_node/package.sh'
[1.085s] INFO:colcon.colcon_core.shell:Creating package script '/home/student/ros2_ws/install/turtlebot3_node/share/turtlebot3_node/package.bash'
[1.086s] INFO:colcon.colcon_core.shell:Creating package script '/home/student/ros2_ws/install/turtlebot3_node/share/turtlebot3_node/package.zsh'
[1.086s] Level 1:colcon.colcon_core.environment:create_file_with_runtime_dependencies(/home/student/ros2_ws/install/turtlebot3_node/share/colcon-core/packages/turtlebot3_node)
[1.086s] Level 1:colcon.colcon_core.environment:create_environment_scripts_only(turtlebot3_node)
[1.086s] Level 1:colcon.colcon_core.environment:checking '/home/student/ros2_ws/install/turtlebot3_node' for CMake module files
[1.087s] Level 1:colcon.colcon_core.environment:checking '/home/student/ros2_ws/install/turtlebot3_node' for CMake config files
[1.087s] Level 1:colcon.colcon_core.shell:create_environment_hook('turtlebot3_node', 'cmake_prefix_path')
[1.087s] INFO:colcon.colcon_core.shell:Creating environment hook '/home/student/ros2_ws/install/turtlebot3_node/share/turtlebot3_node/hook/cmake_prefix_path.ps1'
[1.088s] INFO:colcon.colcon_core.shell:Creating environment descriptor '/home/student/ros2_ws/install/turtlebot3_node/share/turtlebot3_node/hook/cmake_prefix_path.dsv'
[1.088s] INFO:colcon.colcon_core.shell:Creating environment hook '/home/student/ros2_ws/install/turtlebot3_node/share/turtlebot3_node/hook/cmake_prefix_path.sh'
[1.088s] Level 1:colcon.colcon_core.environment:checking '/home/student/ros2_ws/install/turtlebot3_node/lib'
[1.088s] Level 1:colcon.colcon_core.environment:checking '/home/student/ros2_ws/install/turtlebot3_node/bin'
[1.088s] Level 1:colcon.colcon_core.environment:checking '/home/student/ros2_ws/install/turtlebot3_node/lib/pkgconfig/turtlebot3_node.pc'
[1.089s] Level 1:colcon.colcon_core.environment:checking '/home/student/ros2_ws/install/turtlebot3_node/lib/python3.10/site-packages'
[1.089s] Level 1:colcon.colcon_core.environment:checking '/home/student/ros2_ws/install/turtlebot3_node/bin'
[1.089s] INFO:colcon.colcon_core.shell:Creating package script '/home/student/ros2_ws/install/turtlebot3_node/share/turtlebot3_node/package.ps1'
[1.090s] INFO:colcon.colcon_core.shell:Creating package descriptor '/home/student/ros2_ws/install/turtlebot3_node/share/turtlebot3_node/package.dsv'
[1.090s] INFO:colcon.colcon_core.shell:Creating package script '/home/student/ros2_ws/install/turtlebot3_node/share/turtlebot3_node/package.sh'
[1.090s] INFO:colcon.colcon_core.shell:Creating package script '/home/student/ros2_ws/install/turtlebot3_node/share/turtlebot3_node/package.bash'
[1.090s] INFO:colcon.colcon_core.shell:Creating package script '/home/student/ros2_ws/install/turtlebot3_node/share/turtlebot3_node/package.zsh'
[1.091s] Level 1:colcon.colcon_core.environment:create_file_with_runtime_dependencies(/home/student/ros2_ws/install/turtlebot3_node/share/colcon-core/packages/turtlebot3_node)
[1.091s] Level 1:colcon.colcon_core.environment:create_environment_scripts_only(turtlebot3_manipulation_gazebo)
[1.091s] Level 1:colcon.colcon_core.environment:checking '/home/student/ros2_ws/install/turtlebot3_manipulation_gazebo' for CMake module files
[1.092s] DEBUG:colcon.colcon_core.event_handler.log_command:Invoked command in '/home/student/ros2_ws/build/turtlebot3_manipulation_gazebo' returned '0': CMAKE_PREFIX_PATH=${CMAKE_PREFIX_PATH}:/home/student/ros2_ws/install/turtlebot3_teleop:/home/student/ros2_ws/install/turtlebot3_example:/home/student/ros2_ws/install/my_robot_controller:/opt/ros/humble /usr/bin/cmake --install /home/student/ros2_ws/build/turtlebot3_manipulation_gazebo
[1.092s] Level 1:colcon.colcon_core.environment:checking '/home/student/ros2_ws/install/turtlebot3_manipulation_gazebo' for CMake config files
[1.092s] Level 1:colcon.colcon_core.shell:create_environment_hook('turtlebot3_manipulation_gazebo', 'cmake_prefix_path')
[1.093s] INFO:colcon.colcon_core.shell:Creating environment hook '/home/student/ros2_ws/install/turtlebot3_manipulation_gazebo/share/turtlebot3_manipulation_gazebo/hook/cmake_prefix_path.ps1'
[1.093s] INFO:colcon.colcon_core.shell:Creating environment descriptor '/home/student/ros2_ws/install/turtlebot3_manipulation_gazebo/share/turtlebot3_manipulation_gazebo/hook/cmake_prefix_path.dsv'
[1.093s] INFO:colcon.colcon_core.shell:Creating environment hook '/home/student/ros2_ws/install/turtlebot3_manipulation_gazebo/share/turtlebot3_manipulation_gazebo/hook/cmake_prefix_path.sh'
[1.093s] Level 1:colcon.colcon_core.environment:checking '/home/student/ros2_ws/install/turtlebot3_manipulation_gazebo/bin'
[1.094s] Level 1:colcon.colcon_core.environment:checking '/home/student/ros2_ws/install/turtlebot3_manipulation_gazebo/lib/pkgconfig/turtlebot3_manipulation_gazebo.pc'
[1.094s] Level 1:colcon.colcon_core.environment:checking '/home/student/ros2_ws/install/turtlebot3_manipulation_gazebo/lib/python3.10/site-packages'
[1.094s] Level 1:colcon.colcon_core.environment:checking '/home/student/ros2_ws/install/turtlebot3_manipulation_gazebo/bin'
[1.094s] INFO:colcon.colcon_core.shell:Creating package script '/home/student/ros2_ws/install/turtlebot3_manipulation_gazebo/share/turtlebot3_manipulation_gazebo/package.ps1'
[1.095s] INFO:colcon.colcon_core.shell:Creating package descriptor '/home/student/ros2_ws/install/turtlebot3_manipulation_gazebo/share/turtlebot3_manipulation_gazebo/package.dsv'
[1.095s] INFO:colcon.colcon_core.shell:Creating package script '/home/student/ros2_ws/install/turtlebot3_manipulation_gazebo/share/turtlebot3_manipulation_gazebo/package.sh'
[1.095s] INFO:colcon.colcon_core.shell:Creating package script '/home/student/ros2_ws/install/turtlebot3_manipulation_gazebo/share/turtlebot3_manipulation_gazebo/package.bash'
[1.095s] INFO:colcon.colcon_core.shell:Creating package script '/home/student/ros2_ws/install/turtlebot3_manipulation_gazebo/share/turtlebot3_manipulation_gazebo/package.zsh'
[1.096s] Level 1:colcon.colcon_core.environment:create_file_with_runtime_dependencies(/home/student/ros2_ws/install/turtlebot3_manipulation_gazebo/share/colcon-core/packages/turtlebot3_manipulation_gazebo)
[1.096s] Level 1:colcon.colcon_core.environment:create_environment_scripts_only(turtlebot3_manipulation_gazebo)
[1.096s] Level 1:colcon.colcon_core.environment:checking '/home/student/ros2_ws/install/turtlebot3_manipulation_gazebo' for CMake module files
[1.097s] Level 1:colcon.colcon_core.environment:checking '/home/student/ros2_ws/install/turtlebot3_manipulation_gazebo' for CMake config files
[1.097s] Level 1:colcon.colcon_core.shell:create_environment_hook('turtlebot3_manipulation_gazebo', 'cmake_prefix_path')
[1.097s] INFO:colcon.colcon_core.shell:Creating environment hook '/home/student/ros2_ws/install/turtlebot3_manipulation_gazebo/share/turtlebot3_manipulation_gazebo/hook/cmake_prefix_path.ps1'
[1.097s] INFO:colcon.colcon_core.shell:Creating environment descriptor '/home/student/ros2_ws/install/turtlebot3_manipulation_gazebo/share/turtlebot3_manipulation_gazebo/hook/cmake_prefix_path.dsv'
[1.098s] INFO:colcon.colcon_core.shell:Creating environment hook '/home/student/ros2_ws/install/turtlebot3_manipulation_gazebo/share/turtlebot3_manipulation_gazebo/hook/cmake_prefix_path.sh'
[1.098s] Level 1:colcon.colcon_core.environment:checking '/home/student/ros2_ws/install/turtlebot3_manipulation_gazebo/bin'
[1.098s] Level 1:colcon.colcon_core.environment:checking '/home/student/ros2_ws/install/turtlebot3_manipulation_gazebo/lib/pkgconfig/turtlebot3_manipulation_gazebo.pc'
[1.098s] Level 1:colcon.colcon_core.environment:checking '/home/student/ros2_ws/install/turtlebot3_manipulation_gazebo/lib/python3.10/site-packages'
[1.099s] Level 1:colcon.colcon_core.environment:checking '/home/student/ros2_ws/install/turtlebot3_manipulation_gazebo/bin'
[1.099s] INFO:colcon.colcon_core.shell:Creating package script '/home/student/ros2_ws/install/turtlebot3_manipulation_gazebo/share/turtlebot3_manipulation_gazebo/package.ps1'
[1.099s] INFO:colcon.colcon_core.shell:Creating package descriptor '/home/student/ros2_ws/install/turtlebot3_manipulation_gazebo/share/turtlebot3_manipulation_gazebo/package.dsv'
[1.100s] INFO:colcon.colcon_core.shell:Creating package script '/home/student/ros2_ws/install/turtlebot3_manipulation_gazebo/share/turtlebot3_manipulation_gazebo/package.sh'
[1.100s] INFO:colcon.colcon_core.shell:Creating package script '/home/student/ros2_ws/install/turtlebot3_manipulation_gazebo/share/turtlebot3_manipulation_gazebo/package.bash'
[1.100s] INFO:colcon.colcon_core.shell:Creating package script '/home/student/ros2_ws/install/turtlebot3_manipulation_gazebo/share/turtlebot3_manipulation_gazebo/package.zsh'
[1.101s] Level 1:colcon.colcon_core.environment:create_file_with_runtime_dependencies(/home/student/ros2_ws/install/turtlebot3_manipulation_gazebo/share/colcon-core/packages/turtlebot3_manipulation_gazebo)
[1.101s] Level 1:colcon.colcon_core.environment:create_environment_scripts_only(turtlebot3_navigation2)
[1.101s] Level 1:colcon.colcon_core.environment:checking '/home/student/ros2_ws/install/turtlebot3_navigation2' for CMake module files
[1.102s] DEBUG:colcon.colcon_core.event_handler.log_command:Invoked command in '/home/student/ros2_ws/build/turtlebot3_navigation2' returned '0': CMAKE_PREFIX_PATH=${CMAKE_PREFIX_PATH}:/home/student/ros2_ws/install/turtlebot3_teleop:/home/student/ros2_ws/install/turtlebot3_example:/home/student/ros2_ws/install/my_robot_controller:/opt/ros/humble /usr/bin/cmake --install /home/student/ros2_ws/build/turtlebot3_navigation2
[1.102s] Level 1:colcon.colcon_core.environment:checking '/home/student/ros2_ws/install/turtlebot3_navigation2' for CMake config files
[1.102s] Level 1:colcon.colcon_core.shell:create_environment_hook('turtlebot3_navigation2', 'cmake_prefix_path')
[1.102s] INFO:colcon.colcon_core.shell:Creating environment hook '/home/student/ros2_ws/install/turtlebot3_navigation2/share/turtlebot3_navigation2/hook/cmake_prefix_path.ps1'
[1.102s] INFO:colcon.colcon_core.shell:Creating environment descriptor '/home/student/ros2_ws/install/turtlebot3_navigation2/share/turtlebot3_navigation2/hook/cmake_prefix_path.dsv'
[1.103s] INFO:colcon.colcon_core.shell:Creating environment hook '/home/student/ros2_ws/install/turtlebot3_navigation2/share/turtlebot3_navigation2/hook/cmake_prefix_path.sh'
[1.103s] Level 1:colcon.colcon_core.environment:checking '/home/student/ros2_ws/install/turtlebot3_navigation2/bin'
[1.103s] Level 1:colcon.colcon_core.environment:checking '/home/student/ros2_ws/install/turtlebot3_navigation2/lib/pkgconfig/turtlebot3_navigation2.pc'
[1.103s] Level 1:colcon.colcon_core.environment:checking '/home/student/ros2_ws/install/turtlebot3_navigation2/lib/python3.10/site-packages'
[1.104s] Level 1:colcon.colcon_core.environment:checking '/home/student/ros2_ws/install/turtlebot3_navigation2/bin'
[1.104s] INFO:colcon.colcon_core.shell:Creating package script '/home/student/ros2_ws/install/turtlebot3_navigation2/share/turtlebot3_navigation2/package.ps1'
[1.104s] INFO:colcon.colcon_core.shell:Creating package descriptor '/home/student/ros2_ws/install/turtlebot3_navigation2/share/turtlebot3_navigation2/package.dsv'
[1.105s] INFO:colcon.colcon_core.shell:Creating package script '/home/student/ros2_ws/install/turtlebot3_navigation2/share/turtlebot3_navigation2/package.sh'
[1.105s] INFO:colcon.colcon_core.shell:Creating package script '/home/student/ros2_ws/install/turtlebot3_navigation2/share/turtlebot3_navigation2/package.bash'
[1.106s] INFO:colcon.colcon_core.shell:Creating package script '/home/student/ros2_ws/install/turtlebot3_navigation2/share/turtlebot3_navigation2/package.zsh'
[1.106s] Level 1:colcon.colcon_core.environment:create_file_with_runtime_dependencies(/home/student/ros2_ws/install/turtlebot3_navigation2/share/colcon-core/packages/turtlebot3_navigation2)
[1.106s] Level 1:colcon.colcon_core.environment:create_environment_scripts_only(turtlebot3_navigation2)
[1.107s] Level 1:colcon.colcon_core.environment:checking '/home/student/ros2_ws/install/turtlebot3_navigation2' for CMake module files
[1.107s] Level 1:colcon.colcon_core.environment:checking '/home/student/ros2_ws/install/turtlebot3_navigation2' for CMake config files
[1.108s] Level 1:colcon.colcon_core.shell:create_environment_hook('turtlebot3_navigation2', 'cmake_prefix_path')
[1.108s] INFO:colcon.colcon_core.shell:Creating environment hook '/home/student/ros2_ws/install/turtlebot3_navigation2/share/turtlebot3_navigation2/hook/cmake_prefix_path.ps1'
[1.108s] INFO:colcon.colcon_core.shell:Creating environment descriptor '/home/student/ros2_ws/install/turtlebot3_navigation2/share/turtlebot3_navigation2/hook/cmake_prefix_path.dsv'
[1.108s] INFO:colcon.colcon_core.shell:Creating environment hook '/home/student/ros2_ws/install/turtlebot3_navigation2/share/turtlebot3_navigation2/hook/cmake_prefix_path.sh'
[1.109s] Level 1:colcon.colcon_core.environment:checking '/home/student/ros2_ws/install/turtlebot3_navigation2/bin'
[1.109s] Level 1:colcon.colcon_core.environment:checking '/home/student/ros2_ws/install/turtlebot3_navigation2/lib/pkgconfig/turtlebot3_navigation2.pc'
[1.109s] Level 1:colcon.colcon_core.environment:checking '/home/student/ros2_ws/install/turtlebot3_navigation2/lib/python3.10/site-packages'
[1.109s] Level 1:colcon.colcon_core.environment:checking '/home/student/ros2_ws/install/turtlebot3_navigation2/bin'
[1.110s] INFO:colcon.colcon_core.shell:Creating package script '/home/student/ros2_ws/install/turtlebot3_navigation2/share/turtlebot3_navigation2/package.ps1'
[1.110s] INFO:colcon.colcon_core.shell:Creating package descriptor '/home/student/ros2_ws/install/turtlebot3_navigation2/share/turtlebot3_navigation2/package.dsv'
[1.110s] INFO:colcon.colcon_core.shell:Creating package script '/home/student/ros2_ws/install/turtlebot3_navigation2/share/turtlebot3_navigation2/package.sh'
[1.111s] INFO:colcon.colcon_core.shell:Creating package script '/home/student/ros2_ws/install/turtlebot3_navigation2/share/turtlebot3_navigation2/package.bash'
[1.111s] INFO:colcon.colcon_core.shell:Creating package script '/home/student/ros2_ws/install/turtlebot3_navigation2/share/turtlebot3_navigation2/package.zsh'
[1.112s] Level 1:colcon.colcon_core.environment:create_file_with_runtime_dependencies(/home/student/ros2_ws/install/turtlebot3_navigation2/share/colcon-core/packages/turtlebot3_navigation2)
[1.112s] Level 1:colcon.colcon_core.environment:create_environment_scripts_only(turtlebot3_gazebo)
[1.113s] Level 1:colcon.colcon_core.environment:checking '/home/student/ros2_ws/install/turtlebot3_gazebo' for CMake module files
[1.113s] DEBUG:colcon.colcon_core.event_handler.log_command:Invoked command in '/home/student/ros2_ws/build/turtlebot3_gazebo' returned '0': CMAKE_PREFIX_PATH=${CMAKE_PREFIX_PATH}:/home/student/ros2_ws/install/turtlebot3_teleop:/home/student/ros2_ws/install/turtlebot3_example:/home/student/ros2_ws/install/my_robot_controller:/opt/ros/humble /usr/bin/cmake --install /home/student/ros2_ws/build/turtlebot3_gazebo
[1.114s] Level 1:colcon.colcon_core.environment:checking '/home/student/ros2_ws/install/turtlebot3_gazebo' for CMake config files
[1.114s] Level 1:colcon.colcon_core.shell:create_environment_hook('turtlebot3_gazebo', 'cmake_prefix_path')
[1.114s] INFO:colcon.colcon_core.shell:Creating environment hook '/home/student/ros2_ws/install/turtlebot3_gazebo/share/turtlebot3_gazebo/hook/cmake_prefix_path.ps1'
[1.115s] INFO:colcon.colcon_core.shell:Creating environment descriptor '/home/student/ros2_ws/install/turtlebot3_gazebo/share/turtlebot3_gazebo/hook/cmake_prefix_path.dsv'
[1.115s] INFO:colcon.colcon_core.shell:Creating environment hook '/home/student/ros2_ws/install/turtlebot3_gazebo/share/turtlebot3_gazebo/hook/cmake_prefix_path.sh'
[1.115s] Level 1:colcon.colcon_core.environment:checking '/home/student/ros2_ws/install/turtlebot3_gazebo/lib'
[1.115s] Level 1:colcon.colcon_core.environment:checking '/home/student/ros2_ws/install/turtlebot3_gazebo/bin'
[1.115s] Level 1:colcon.colcon_core.environment:checking '/home/student/ros2_ws/install/turtlebot3_gazebo/lib/pkgconfig/turtlebot3_gazebo.pc'
[1.115s] Level 1:colcon.colcon_core.environment:checking '/home/student/ros2_ws/install/turtlebot3_gazebo/lib/python3.10/site-packages'
[1.116s] Level 1:colcon.colcon_core.environment:checking '/home/student/ros2_ws/install/turtlebot3_gazebo/bin'
[1.116s] INFO:colcon.colcon_core.shell:Creating package script '/home/student/ros2_ws/install/turtlebot3_gazebo/share/turtlebot3_gazebo/package.ps1'
[1.116s] INFO:colcon.colcon_core.shell:Creating package descriptor '/home/student/ros2_ws/install/turtlebot3_gazebo/share/turtlebot3_gazebo/package.dsv'
[1.117s] INFO:colcon.colcon_core.shell:Creating package script '/home/student/ros2_ws/install/turtlebot3_gazebo/share/turtlebot3_gazebo/package.sh'
[1.117s] INFO:colcon.colcon_core.shell:Creating package script '/home/student/ros2_ws/install/turtlebot3_gazebo/share/turtlebot3_gazebo/package.bash'
[1.118s] INFO:colcon.colcon_core.shell:Creating package script '/home/student/ros2_ws/install/turtlebot3_gazebo/share/turtlebot3_gazebo/package.zsh'
[1.118s] Level 1:colcon.colcon_core.environment:create_file_with_runtime_dependencies(/home/student/ros2_ws/install/turtlebot3_gazebo/share/colcon-core/packages/turtlebot3_gazebo)
[1.118s] Level 1:colcon.colcon_core.environment:create_environment_scripts_only(turtlebot3_gazebo)
[1.119s] Level 1:colcon.colcon_core.environment:checking '/home/student/ros2_ws/install/turtlebot3_gazebo' for CMake module files
[1.119s] Level 1:colcon.colcon_core.environment:checking '/home/student/ros2_ws/install/turtlebot3_gazebo' for CMake config files
[1.119s] Level 1:colcon.colcon_core.shell:create_environment_hook('turtlebot3_gazebo', 'cmake_prefix_path')
[1.120s] INFO:colcon.colcon_core.shell:Creating environment hook '/home/student/ros2_ws/install/turtlebot3_gazebo/share/turtlebot3_gazebo/hook/cmake_prefix_path.ps1'
[1.120s] INFO:colcon.colcon_core.shell:Creating environment descriptor '/home/student/ros2_ws/install/turtlebot3_gazebo/share/turtlebot3_gazebo/hook/cmake_prefix_path.dsv'
[1.120s] INFO:colcon.colcon_core.shell:Creating environment hook '/home/student/ros2_ws/install/turtlebot3_gazebo/share/turtlebot3_gazebo/hook/cmake_prefix_path.sh'
[1.121s] Level 1:colcon.colcon_core.environment:checking '/home/student/ros2_ws/install/turtlebot3_gazebo/lib'
[1.121s] Level 1:colcon.colcon_core.environment:checking '/home/student/ros2_ws/install/turtlebot3_gazebo/bin'
[1.121s] Level 1:colcon.colcon_core.environment:checking '/home/student/ros2_ws/install/turtlebot3_gazebo/lib/pkgconfig/turtlebot3_gazebo.pc'
[1.121s] Level 1:colcon.colcon_core.environment:checking '/home/student/ros2_ws/install/turtlebot3_gazebo/lib/python3.10/site-packages'
[1.121s] Level 1:colcon.colcon_core.environment:checking '/home/student/ros2_ws/install/turtlebot3_gazebo/bin'
[1.121s] INFO:colcon.colcon_core.shell:Creating package script '/home/student/ros2_ws/install/turtlebot3_gazebo/share/turtlebot3_gazebo/package.ps1'
[1.122s] INFO:colcon.colcon_core.shell:Creating package descriptor '/home/student/ros2_ws/install/turtlebot3_gazebo/share/turtlebot3_gazebo/package.dsv'
[1.122s] INFO:colcon.colcon_core.shell:Creating package script '/home/student/ros2_ws/install/turtlebot3_gazebo/share/turtlebot3_gazebo/package.sh'
[1.122s] INFO:colcon.colcon_core.shell:Creating package script '/home/student/ros2_ws/install/turtlebot3_gazebo/share/turtlebot3_gazebo/package.bash'
[1.123s] INFO:colcon.colcon_core.shell:Creating package script '/home/student/ros2_ws/install/turtlebot3_gazebo/share/turtlebot3_gazebo/package.zsh'
[1.123s] Level 1:colcon.colcon_core.environment:create_file_with_runtime_dependencies(/home/student/ros2_ws/install/turtlebot3_gazebo/share/colcon-core/packages/turtlebot3_gazebo)
[1.123s] Level 1:colcon.colcon_core.environment:create_environment_scripts_only(turtlebot3_fake_node)
[1.123s] Level 1:colcon.colcon_core.environment:checking '/home/student/ros2_ws/install/turtlebot3_fake_node' for CMake module files
[1.124s] DEBUG:colcon.colcon_core.event_handler.log_command:Invoked command in '/home/student/ros2_ws/build/turtlebot3_fake_node' returned '0': CMAKE_PREFIX_PATH=${CMAKE_PREFIX_PATH}:/home/student/ros2_ws/install/turtlebot3_teleop:/home/student/ros2_ws/install/turtlebot3_example:/home/student/ros2_ws/install/my_robot_controller:/opt/ros/humble /usr/bin/cmake --install /home/student/ros2_ws/build/turtlebot3_fake_node
[1.124s] Level 1:colcon.colcon_core.environment:checking '/home/student/ros2_ws/install/turtlebot3_fake_node' for CMake config files
[1.125s] Level 1:colcon.colcon_core.shell:create_environment_hook('turtlebot3_fake_node', 'cmake_prefix_path')
[1.125s] INFO:colcon.colcon_core.shell:Creating environment hook '/home/student/ros2_ws/install/turtlebot3_fake_node/share/turtlebot3_fake_node/hook/cmake_prefix_path.ps1'
[1.125s] INFO:colcon.colcon_core.shell:Creating environment descriptor '/home/student/ros2_ws/install/turtlebot3_fake_node/share/turtlebot3_fake_node/hook/cmake_prefix_path.dsv'
[1.126s] INFO:colcon.colcon_core.shell:Creating environment hook '/home/student/ros2_ws/install/turtlebot3_fake_node/share/turtlebot3_fake_node/hook/cmake_prefix_path.sh'
[1.126s] Level 1:colcon.colcon_core.environment:checking '/home/student/ros2_ws/install/turtlebot3_fake_node/lib'
[1.126s] Level 1:colcon.colcon_core.environment:checking '/home/student/ros2_ws/install/turtlebot3_fake_node/bin'
[1.126s] Level 1:colcon.colcon_core.environment:checking '/home/student/ros2_ws/install/turtlebot3_fake_node/lib/pkgconfig/turtlebot3_fake_node.pc'
[1.126s] Level 1:colcon.colcon_core.environment:checking '/home/student/ros2_ws/install/turtlebot3_fake_node/lib/python3.10/site-packages'
[1.127s] Level 1:colcon.colcon_core.environment:checking '/home/student/ros2_ws/install/turtlebot3_fake_node/bin'
[1.127s] INFO:colcon.colcon_core.shell:Creating package script '/home/student/ros2_ws/install/turtlebot3_fake_node/share/turtlebot3_fake_node/package.ps1'
[1.127s] INFO:colcon.colcon_core.shell:Creating package descriptor '/home/student/ros2_ws/install/turtlebot3_fake_node/share/turtlebot3_fake_node/package.dsv'
[1.128s] INFO:colcon.colcon_core.shell:Creating package script '/home/student/ros2_ws/install/turtlebot3_fake_node/share/turtlebot3_fake_node/package.sh'
[1.128s] INFO:colcon.colcon_core.shell:Creating package script '/home/student/ros2_ws/install/turtlebot3_fake_node/share/turtlebot3_fake_node/package.bash'
[1.128s] INFO:colcon.colcon_core.shell:Creating package script '/home/student/ros2_ws/install/turtlebot3_fake_node/share/turtlebot3_fake_node/package.zsh'
[1.129s] Level 1:colcon.colcon_core.environment:create_file_with_runtime_dependencies(/home/student/ros2_ws/install/turtlebot3_fake_node/share/colcon-core/packages/turtlebot3_fake_node)
[1.129s] Level 1:colcon.colcon_core.environment:create_environment_scripts_only(turtlebot3_fake_node)
[1.130s] Level 1:colcon.colcon_core.environment:checking '/home/student/ros2_ws/install/turtlebot3_fake_node' for CMake module files
[1.130s] Level 1:colcon.colcon_core.environment:checking '/home/student/ros2_ws/install/turtlebot3_fake_node' for CMake config files
[1.131s] Level 1:colcon.colcon_core.shell:create_environment_hook('turtlebot3_fake_node', 'cmake_prefix_path')
[1.131s] INFO:colcon.colcon_core.shell:Creating environment hook '/home/student/ros2_ws/install/turtlebot3_fake_node/share/turtlebot3_fake_node/hook/cmake_prefix_path.ps1'
[1.131s] INFO:colcon.colcon_core.shell:Creating environment descriptor '/home/student/ros2_ws/install/turtlebot3_fake_node/share/turtlebot3_fake_node/hook/cmake_prefix_path.dsv'
[1.131s] INFO:colcon.colcon_core.shell:Creating environment hook '/home/student/ros2_ws/install/turtlebot3_fake_node/share/turtlebot3_fake_node/hook/cmake_prefix_path.sh'
[1.132s] Level 1:colcon.colcon_core.environment:checking '/home/student/ros2_ws/install/turtlebot3_fake_node/lib'
[1.132s] Level 1:colcon.colcon_core.environment:checking '/home/student/ros2_ws/install/turtlebot3_fake_node/bin'
[1.132s] Level 1:colcon.colcon_core.environment:checking '/home/student/ros2_ws/install/turtlebot3_fake_node/lib/pkgconfig/turtlebot3_fake_node.pc'
[1.132s] Level 1:colcon.colcon_core.environment:checking '/home/student/ros2_ws/install/turtlebot3_fake_node/lib/python3.10/site-packages'
[1.132s] Level 1:colcon.colcon_core.environment:checking '/home/student/ros2_ws/install/turtlebot3_fake_node/bin'
[1.133s] INFO:colcon.colcon_core.shell:Creating package script '/home/student/ros2_ws/install/turtlebot3_fake_node/share/turtlebot3_fake_node/package.ps1'
[1.133s] INFO:colcon.colcon_core.shell:Creating package descriptor '/home/student/ros2_ws/install/turtlebot3_fake_node/share/turtlebot3_fake_node/package.dsv'
[1.134s] INFO:colcon.colcon_core.shell:Creating package script '/home/student/ros2_ws/install/turtlebot3_fake_node/share/turtlebot3_fake_node/package.sh'
[1.134s] INFO:colcon.colcon_core.shell:Creating package script '/home/student/ros2_ws/install/turtlebot3_fake_node/share/turtlebot3_fake_node/package.bash'
[1.134s] INFO:colcon.colcon_core.shell:Creating package script '/home/student/ros2_ws/install/turtlebot3_fake_node/share/turtlebot3_fake_node/package.zsh'
[1.135s] Level 1:colcon.colcon_core.environment:create_file_with_runtime_dependencies(/home/student/ros2_ws/install/turtlebot3_fake_node/share/colcon-core/packages/turtlebot3_fake_node)
[1.135s] INFO:colcon.colcon_ros.task.ament_cmake.build:Building ROS package in '/home/student/ros2_ws/src/turtlebot3/turtlebot3_bringup' with build type 'ament_cmake'
[1.135s] INFO:colcon.colcon_cmake.task.cmake.build:Building CMake package in '/home/student/ros2_ws/src/turtlebot3/turtlebot3_bringup'
[1.135s] INFO:colcon.colcon_core.shell:Skip shell extension 'powershell' for command environment: Not usable outside of PowerShell
[1.136s] DEBUG:colcon.colcon_core.shell:Skip shell extension 'dsv' for command environment
[1.140s] INFO:colcon.colcon_ros.task.ament_cmake.build:Building ROS package in '/home/student/ros2_ws/src/turtlebot3_simulations/turtlebot3_simulations' with build type 'ament_cmake'
[1.141s] INFO:colcon.colcon_cmake.task.cmake.build:Building CMake package in '/home/student/ros2_ws/src/turtlebot3_simulations/turtlebot3_simulations'
[1.141s] INFO:colcon.colcon_core.shell:Skip shell extension 'powershell' for command environment: Not usable outside of PowerShell
[1.141s] DEBUG:colcon.colcon_core.shell:Skip shell extension 'dsv' for command environment
[1.148s] DEBUG:colcon.colcon_core.event_handler.log_command:Invoking command in '/home/student/ros2_ws/build/turtlebot3_bringup': CMAKE_PREFIX_PATH=/home/student/ros2_ws/install/turtlebot3_node:/home/student/ros2_ws/install/turtlebot3_description:/home/student/ros2_ws/install/turtlebot3:/home/student/ros2_ws/install/turtlebot3_simulations:/home/student/ros2_ws/install/turtlebot3_bringup:/home/student/ros2_ws/install/turtlebot3_navigation2:/home/student/ros2_ws/install/turtlebot3_manipulation_gazebo:/home/student/ros2_ws/install/turtlebot3_gazebo:/home/student/ros2_ws/install/turtlebot3_fake_node:/home/student/ros2_ws/install/turtlebot3_cartographer:/home/student/ros2_ws/install/turtlebot3_teleop:/home/student/ros2_ws/install/turtlebot3_example:/home/student/ros2_ws/install/my_robot_controller:/opt/ros/humble /usr/bin/cmake --build /home/student/ros2_ws/build/turtlebot3_bringup -- -j16 -l16
[1.151s] DEBUG:colcon.colcon_core.event_handler.log_command:Invoking command in '/home/student/ros2_ws/build/turtlebot3_simulations': CMAKE_PREFIX_PATH=/home/student/ros2_ws/install/turtlebot3_manipulation_gazebo:/home/student/ros2_ws/install/turtlebot3_gazebo:/home/student/ros2_ws/install/turtlebot3_fake_node:/home/student/ros2_ws/install/turtlebot3:/home/student/ros2_ws/install/turtlebot3_simulations:/home/student/ros2_ws/install/turtlebot3_bringup:/home/student/ros2_ws/install/turtlebot3_node:/home/student/ros2_ws/install/turtlebot3_navigation2:/home/student/ros2_ws/install/turtlebot3_description:/home/student/ros2_ws/install/turtlebot3_cartographer:/home/student/ros2_ws/install/turtlebot3_teleop:/home/student/ros2_ws/install/turtlebot3_example:/home/student/ros2_ws/install/my_robot_controller:/opt/ros/humble /usr/bin/cmake --build /home/student/ros2_ws/build/turtlebot3_simulations -- -j16 -l16
[1.181s] DEBUG:colcon.colcon_core.event_handler.log_command:Invoked command in '/home/student/ros2_ws/build/turtlebot3_bringup' returned '0': CMAKE_PREFIX_PATH=/home/student/ros2_ws/install/turtlebot3_node:/home/student/ros2_ws/install/turtlebot3_description:/home/student/ros2_ws/install/turtlebot3:/home/student/ros2_ws/install/turtlebot3_simulations:/home/student/ros2_ws/install/turtlebot3_bringup:/home/student/ros2_ws/install/turtlebot3_navigation2:/home/student/ros2_ws/install/turtlebot3_manipulation_gazebo:/home/student/ros2_ws/install/turtlebot3_gazebo:/home/student/ros2_ws/install/turtlebot3_fake_node:/home/student/ros2_ws/install/turtlebot3_cartographer:/home/student/ros2_ws/install/turtlebot3_teleop:/home/student/ros2_ws/install/turtlebot3_example:/home/student/ros2_ws/install/my_robot_controller:/opt/ros/humble /usr/bin/cmake --build /home/student/ros2_ws/build/turtlebot3_bringup -- -j16 -l16
[1.183s] DEBUG:colcon.colcon_core.event_handler.log_command:Invoking command in '/home/student/ros2_ws/build/turtlebot3_bringup': CMAKE_PREFIX_PATH=/home/student/ros2_ws/install/turtlebot3_node:/home/student/ros2_ws/install/turtlebot3_description:/home/student/ros2_ws/install/turtlebot3:/home/student/ros2_ws/install/turtlebot3_simulations:/home/student/ros2_ws/install/turtlebot3_bringup:/home/student/ros2_ws/install/turtlebot3_navigation2:/home/student/ros2_ws/install/turtlebot3_manipulation_gazebo:/home/student/ros2_ws/install/turtlebot3_gazebo:/home/student/ros2_ws/install/turtlebot3_fake_node:/home/student/ros2_ws/install/turtlebot3_cartographer:/home/student/ros2_ws/install/turtlebot3_teleop:/home/student/ros2_ws/install/turtlebot3_example:/home/student/ros2_ws/install/my_robot_controller:/opt/ros/humble /usr/bin/cmake --install /home/student/ros2_ws/build/turtlebot3_bringup
[1.183s] DEBUG:colcon.colcon_core.event_handler.log_command:Invoked command in '/home/student/ros2_ws/build/turtlebot3_simulations' returned '0': CMAKE_PREFIX_PATH=/home/student/ros2_ws/install/turtlebot3_manipulation_gazebo:/home/student/ros2_ws/install/turtlebot3_gazebo:/home/student/ros2_ws/install/turtlebot3_fake_node:/home/student/ros2_ws/install/turtlebot3:/home/student/ros2_ws/install/turtlebot3_simulations:/home/student/ros2_ws/install/turtlebot3_bringup:/home/student/ros2_ws/install/turtlebot3_node:/home/student/ros2_ws/install/turtlebot3_navigation2:/home/student/ros2_ws/install/turtlebot3_description:/home/student/ros2_ws/install/turtlebot3_cartographer:/home/student/ros2_ws/install/turtlebot3_teleop:/home/student/ros2_ws/install/turtlebot3_example:/home/student/ros2_ws/install/my_robot_controller:/opt/ros/humble /usr/bin/cmake --build /home/student/ros2_ws/build/turtlebot3_simulations -- -j16 -l16
[1.184s] DEBUG:colcon.colcon_core.event_handler.log_command:Invoking command in '/home/student/ros2_ws/build/turtlebot3_simulations': CMAKE_PREFIX_PATH=/home/student/ros2_ws/install/turtlebot3_manipulation_gazebo:/home/student/ros2_ws/install/turtlebot3_gazebo:/home/student/ros2_ws/install/turtlebot3_fake_node:/home/student/ros2_ws/install/turtlebot3:/home/student/ros2_ws/install/turtlebot3_simulations:/home/student/ros2_ws/install/turtlebot3_bringup:/home/student/ros2_ws/install/turtlebot3_node:/home/student/ros2_ws/install/turtlebot3_navigation2:/home/student/ros2_ws/install/turtlebot3_description:/home/student/ros2_ws/install/turtlebot3_cartographer:/home/student/ros2_ws/install/turtlebot3_teleop:/home/student/ros2_ws/install/turtlebot3_example:/home/student/ros2_ws/install/my_robot_controller:/opt/ros/humble /usr/bin/cmake --install /home/student/ros2_ws/build/turtlebot3_simulations
[1.202s] Level 1:colcon.colcon_core.environment:create_environment_scripts_only(turtlebot3_simulations)
[1.203s] Level 1:colcon.colcon_core.environment:checking '/home/student/ros2_ws/install/turtlebot3_simulations' for CMake module files
[1.203s] DEBUG:colcon.colcon_core.event_handler.log_command:Invoked command in '/home/student/ros2_ws/build/turtlebot3_simulations' returned '0': CMAKE_PREFIX_PATH=/home/student/ros2_ws/install/turtlebot3_manipulation_gazebo:/home/student/ros2_ws/install/turtlebot3_gazebo:/home/student/ros2_ws/install/turtlebot3_fake_node:/home/student/ros2_ws/install/turtlebot3:/home/student/ros2_ws/install/turtlebot3_simulations:/home/student/ros2_ws/install/turtlebot3_bringup:/home/student/ros2_ws/install/turtlebot3_node:/home/student/ros2_ws/install/turtlebot3_navigation2:/home/student/ros2_ws/install/turtlebot3_description:/home/student/ros2_ws/install/turtlebot3_cartographer:/home/student/ros2_ws/install/turtlebot3_teleop:/home/student/ros2_ws/install/turtlebot3_example:/home/student/ros2_ws/install/my_robot_controller:/opt/ros/humble /usr/bin/cmake --install /home/student/ros2_ws/build/turtlebot3_simulations
[1.203s] Level 1:colcon.colcon_core.environment:checking '/home/student/ros2_ws/install/turtlebot3_simulations' for CMake config files
[1.204s] Level 1:colcon.colcon_core.shell:create_environment_hook('turtlebot3_simulations', 'cmake_prefix_path')
[1.204s] INFO:colcon.colcon_core.shell:Creating environment hook '/home/student/ros2_ws/install/turtlebot3_simulations/share/turtlebot3_simulations/hook/cmake_prefix_path.ps1'
[1.204s] INFO:colcon.colcon_core.shell:Creating environment descriptor '/home/student/ros2_ws/install/turtlebot3_simulations/share/turtlebot3_simulations/hook/cmake_prefix_path.dsv'
[1.204s] INFO:colcon.colcon_core.shell:Creating environment hook '/home/student/ros2_ws/install/turtlebot3_simulations/share/turtlebot3_simulations/hook/cmake_prefix_path.sh'
[1.205s] Level 1:colcon.colcon_core.environment:checking '/home/student/ros2_ws/install/turtlebot3_simulations/bin'
[1.205s] Level 1:colcon.colcon_core.environment:checking '/home/student/ros2_ws/install/turtlebot3_simulations/lib/pkgconfig/turtlebot3_simulations.pc'
[1.205s] Level 1:colcon.colcon_core.environment:checking '/home/student/ros2_ws/install/turtlebot3_simulations/lib/python3.10/site-packages'
[1.205s] Level 1:colcon.colcon_core.environment:checking '/home/student/ros2_ws/install/turtlebot3_simulations/bin'
[1.205s] INFO:colcon.colcon_core.shell:Creating package script '/home/student/ros2_ws/install/turtlebot3_simulations/share/turtlebot3_simulations/package.ps1'
[1.206s] INFO:colcon.colcon_core.shell:Creating package descriptor '/home/student/ros2_ws/install/turtlebot3_simulations/share/turtlebot3_simulations/package.dsv'
[1.206s] INFO:colcon.colcon_core.shell:Creating package script '/home/student/ros2_ws/install/turtlebot3_simulations/share/turtlebot3_simulations/package.sh'
[1.206s] INFO:colcon.colcon_core.shell:Creating package script '/home/student/ros2_ws/install/turtlebot3_simulations/share/turtlebot3_simulations/package.bash'
[1.207s] INFO:colcon.colcon_core.shell:Creating package script '/home/student/ros2_ws/install/turtlebot3_simulations/share/turtlebot3_simulations/package.zsh'
[1.207s] Level 1:colcon.colcon_core.environment:create_file_with_runtime_dependencies(/home/student/ros2_ws/install/turtlebot3_simulations/share/colcon-core/packages/turtlebot3_simulations)
[1.207s] Level 1:colcon.colcon_core.environment:create_environment_scripts_only(turtlebot3_simulations)
[1.207s] Level 1:colcon.colcon_core.environment:checking '/home/student/ros2_ws/install/turtlebot3_simulations' for CMake module files
[1.208s] Level 1:colcon.colcon_core.environment:checking '/home/student/ros2_ws/install/turtlebot3_simulations' for CMake config files
[1.208s] Level 1:colcon.colcon_core.shell:create_environment_hook('turtlebot3_simulations', 'cmake_prefix_path')
[1.208s] INFO:colcon.colcon_core.shell:Creating environment hook '/home/student/ros2_ws/install/turtlebot3_simulations/share/turtlebot3_simulations/hook/cmake_prefix_path.ps1'
[1.208s] INFO:colcon.colcon_core.shell:Creating environment descriptor '/home/student/ros2_ws/install/turtlebot3_simulations/share/turtlebot3_simulations/hook/cmake_prefix_path.dsv'
[1.209s] INFO:colcon.colcon_core.shell:Creating environment hook '/home/student/ros2_ws/install/turtlebot3_simulations/share/turtlebot3_simulations/hook/cmake_prefix_path.sh'
[1.209s] Level 1:colcon.colcon_core.environment:checking '/home/student/ros2_ws/install/turtlebot3_simulations/bin'
[1.209s] Level 1:colcon.colcon_core.environment:checking '/home/student/ros2_ws/install/turtlebot3_simulations/lib/pkgconfig/turtlebot3_simulations.pc'
[1.209s] Level 1:colcon.colcon_core.environment:checking '/home/student/ros2_ws/install/turtlebot3_simulations/lib/python3.10/site-packages'
[1.210s] Level 1:colcon.colcon_core.environment:checking '/home/student/ros2_ws/install/turtlebot3_simulations/bin'
[1.210s] INFO:colcon.colcon_core.shell:Creating package script '/home/student/ros2_ws/install/turtlebot3_simulations/share/turtlebot3_simulations/package.ps1'
[1.210s] INFO:colcon.colcon_core.shell:Creating package descriptor '/home/student/ros2_ws/install/turtlebot3_simulations/share/turtlebot3_simulations/package.dsv'
[1.211s] INFO:colcon.colcon_core.shell:Creating package script '/home/student/ros2_ws/install/turtlebot3_simulations/share/turtlebot3_simulations/package.sh'
[1.211s] INFO:colcon.colcon_core.shell:Creating package script '/home/student/ros2_ws/install/turtlebot3_simulations/share/turtlebot3_simulations/package.bash'
[1.211s] INFO:colcon.colcon_core.shell:Creating package script '/home/student/ros2_ws/install/turtlebot3_simulations/share/turtlebot3_simulations/package.zsh'
[1.211s] Level 1:colcon.colcon_core.environment:create_file_with_runtime_dependencies(/home/student/ros2_ws/install/turtlebot3_simulations/share/colcon-core/packages/turtlebot3_simulations)
[1.212s] Level 1:colcon.colcon_core.environment:create_environment_scripts_only(turtlebot3_bringup)
[1.212s] Level 1:colcon.colcon_core.environment:checking '/home/student/ros2_ws/install/turtlebot3_bringup' for CMake module files
[1.213s] DEBUG:colcon.colcon_core.event_handler.log_command:Invoked command in '/home/student/ros2_ws/build/turtlebot3_bringup' returned '0': CMAKE_PREFIX_PATH=/home/student/ros2_ws/install/turtlebot3_node:/home/student/ros2_ws/install/turtlebot3_description:/home/student/ros2_ws/install/turtlebot3:/home/student/ros2_ws/install/turtlebot3_simulations:/home/student/ros2_ws/install/turtlebot3_bringup:/home/student/ros2_ws/install/turtlebot3_navigation2:/home/student/ros2_ws/install/turtlebot3_manipulation_gazebo:/home/student/ros2_ws/install/turtlebot3_gazebo:/home/student/ros2_ws/install/turtlebot3_fake_node:/home/student/ros2_ws/install/turtlebot3_cartographer:/home/student/ros2_ws/install/turtlebot3_teleop:/home/student/ros2_ws/install/turtlebot3_example:/home/student/ros2_ws/install/my_robot_controller:/opt/ros/humble /usr/bin/cmake --install /home/student/ros2_ws/build/turtlebot3_bringup
[1.213s] Level 1:colcon.colcon_core.environment:checking '/home/student/ros2_ws/install/turtlebot3_bringup' for CMake config files
[1.213s] Level 1:colcon.colcon_core.shell:create_environment_hook('turtlebot3_bringup', 'cmake_prefix_path')
[1.213s] INFO:colcon.colcon_core.shell:Creating environment hook '/home/student/ros2_ws/install/turtlebot3_bringup/share/turtlebot3_bringup/hook/cmake_prefix_path.ps1'
[1.214s] INFO:colcon.colcon_core.shell:Creating environment descriptor '/home/student/ros2_ws/install/turtlebot3_bringup/share/turtlebot3_bringup/hook/cmake_prefix_path.dsv'
[1.214s] INFO:colcon.colcon_core.shell:Creating environment hook '/home/student/ros2_ws/install/turtlebot3_bringup/share/turtlebot3_bringup/hook/cmake_prefix_path.sh'
[1.214s] Level 1:colcon.colcon_core.environment:checking '/home/student/ros2_ws/install/turtlebot3_bringup/bin'
[1.215s] Level 1:colcon.colcon_core.environment:checking '/home/student/ros2_ws/install/turtlebot3_bringup/lib/pkgconfig/turtlebot3_bringup.pc'
[1.215s] Level 1:colcon.colcon_core.environment:checking '/home/student/ros2_ws/install/turtlebot3_bringup/lib/python3.10/site-packages'
[1.215s] Level 1:colcon.colcon_core.environment:checking '/home/student/ros2_ws/install/turtlebot3_bringup/bin'
[1.215s] INFO:colcon.colcon_core.shell:Creating package script '/home/student/ros2_ws/install/turtlebot3_bringup/share/turtlebot3_bringup/package.ps1'
[1.215s] INFO:colcon.colcon_core.shell:Creating package descriptor '/home/student/ros2_ws/install/turtlebot3_bringup/share/turtlebot3_bringup/package.dsv'
[1.216s] INFO:colcon.colcon_core.shell:Creating package script '/home/student/ros2_ws/install/turtlebot3_bringup/share/turtlebot3_bringup/package.sh'
[1.216s] INFO:colcon.colcon_core.shell:Creating package script '/home/student/ros2_ws/install/turtlebot3_bringup/share/turtlebot3_bringup/package.bash'
[1.216s] INFO:colcon.colcon_core.shell:Creating package script '/home/student/ros2_ws/install/turtlebot3_bringup/share/turtlebot3_bringup/package.zsh'
[1.217s] Level 1:colcon.colcon_core.environment:create_file_with_runtime_dependencies(/home/student/ros2_ws/install/turtlebot3_bringup/share/colcon-core/packages/turtlebot3_bringup)
[1.217s] Level 1:colcon.colcon_core.environment:create_environment_scripts_only(turtlebot3_bringup)
[1.217s] Level 1:colcon.colcon_core.environment:checking '/home/student/ros2_ws/install/turtlebot3_bringup' for CMake module files
[1.217s] Level 1:colcon.colcon_core.environment:checking '/home/student/ros2_ws/install/turtlebot3_bringup' for CMake config files
[1.218s] Level 1:colcon.colcon_core.shell:create_environment_hook('turtlebot3_bringup', 'cmake_prefix_path')
[1.218s] INFO:colcon.colcon_core.shell:Creating environment hook '/home/student/ros2_ws/install/turtlebot3_bringup/share/turtlebot3_bringup/hook/cmake_prefix_path.ps1'
[1.218s] INFO:colcon.colcon_core.shell:Creating environment descriptor '/home/student/ros2_ws/install/turtlebot3_bringup/share/turtlebot3_bringup/hook/cmake_prefix_path.dsv'
[1.218s] INFO:colcon.colcon_core.shell:Creating environment hook '/home/student/ros2_ws/install/turtlebot3_bringup/share/turtlebot3_bringup/hook/cmake_prefix_path.sh'
[1.219s] Level 1:colcon.colcon_core.environment:checking '/home/student/ros2_ws/install/turtlebot3_bringup/bin'
[1.219s] Level 1:colcon.colcon_core.environment:checking '/home/student/ros2_ws/install/turtlebot3_bringup/lib/pkgconfig/turtlebot3_bringup.pc'
[1.219s] Level 1:colcon.colcon_core.environment:checking '/home/student/ros2_ws/install/turtlebot3_bringup/lib/python3.10/site-packages'
[1.219s] Level 1:colcon.colcon_core.environment:checking '/home/student/ros2_ws/install/turtlebot3_bringup/bin'
[1.219s] INFO:colcon.colcon_core.shell:Creating package script '/home/student/ros2_ws/install/turtlebot3_bringup/share/turtlebot3_bringup/package.ps1'
[1.220s] INFO:colcon.colcon_core.shell:Creating package descriptor '/home/student/ros2_ws/install/turtlebot3_bringup/share/turtlebot3_bringup/package.dsv'
[1.220s] INFO:colcon.colcon_core.shell:Creating package script '/home/student/ros2_ws/install/turtlebot3_bringup/share/turtlebot3_bringup/package.sh'
[1.220s] INFO:colcon.colcon_core.shell:Creating package script '/home/student/ros2_ws/install/turtlebot3_bringup/share/turtlebot3_bringup/package.bash'
[1.221s] INFO:colcon.colcon_core.shell:Creating package script '/home/student/ros2_ws/install/turtlebot3_bringup/share/turtlebot3_bringup/package.zsh'
[1.221s] Level 1:colcon.colcon_core.environment:create_file_with_runtime_dependencies(/home/student/ros2_ws/install/turtlebot3_bringup/share/colcon-core/packages/turtlebot3_bringup)
[1.309s] DEBUG:colcon.colcon_core.event_handler.log_command:Invoking command in '/home/student/ros2_ws/build/turtlebot3_teleop': PYTHONPATH=/home/student/ros2_ws/build/turtlebot3_teleop/prefix_override:/usr/lib/python3/dist-packages/colcon_core/task/python/colcon_distutils_commands:/home/student/ros2_ws/install/turtlebot3_teleop/lib/python3.10/site-packages:${PYTHONPATH} /usr/bin/python3 -W ignore:setup.py install is deprecated -W ignore:easy_install command is deprecated setup.py develop --editable --build-directory /home/student/ros2_ws/build/turtlebot3_teleop/build --no-deps symlink_data
[1.331s] DEBUG:colcon.colcon_core.event_handler.log_command:Invoking command in '/home/student/ros2_ws/build/turtlebot3_example': PYTHONPATH=/home/student/ros2_ws/build/turtlebot3_example/prefix_override:/usr/lib/python3/dist-packages/colcon_core/task/python/colcon_distutils_commands:/home/student/ros2_ws/install/turtlebot3_example/lib/python3.10/site-packages:${PYTHONPATH} /usr/bin/python3 -W ignore:setup.py install is deprecated -W ignore:easy_install command is deprecated setup.py develop --editable --build-directory /home/student/ros2_ws/build/turtlebot3_example/build --no-deps symlink_data
[1.363s] DEBUG:colcon.colcon_core.event_handler.log_command:Invoking command in '/home/student/ros2_ws/build/my_robot_controller': PYTHONPATH=/home/student/ros2_ws/build/my_robot_controller/prefix_override:/usr/lib/python3/dist-packages/colcon_core/task/python/colcon_distutils_commands:/home/student/ros2_ws/install/my_robot_controller/lib/python3.10/site-packages:${PYTHONPATH} /usr/bin/python3 -W ignore:setup.py install is deprecated -W ignore:easy_install command is deprecated setup.py develop --editable --build-directory /home/student/ros2_ws/build/my_robot_controller/build --no-deps symlink_data
[1.665s] Level 1:colcon.colcon_core.shell:create_environment_hook('turtlebot3_teleop', 'pythonpath_develop')
[1.665s] INFO:colcon.colcon_core.shell:Creating environment hook '/home/student/ros2_ws/build/turtlebot3_teleop/share/turtlebot3_teleop/hook/pythonpath_develop.ps1'
[1.666s] DEBUG:colcon.colcon_core.event_handler.log_command:Invoked command in '/home/student/ros2_ws/build/turtlebot3_teleop' returned '0': PYTHONPATH=/home/student/ros2_ws/build/turtlebot3_teleop/prefix_override:/usr/lib/python3/dist-packages/colcon_core/task/python/colcon_distutils_commands:/home/student/ros2_ws/install/turtlebot3_teleop/lib/python3.10/site-packages:${PYTHONPATH} /usr/bin/python3 -W ignore:setup.py install is deprecated -W ignore:easy_install command is deprecated setup.py develop --editable --build-directory /home/student/ros2_ws/build/turtlebot3_teleop/build --no-deps symlink_data
[1.667s] INFO:colcon.colcon_core.shell:Creating environment descriptor '/home/student/ros2_ws/build/turtlebot3_teleop/share/turtlebot3_teleop/hook/pythonpath_develop.dsv'
[1.668s] INFO:colcon.colcon_core.shell:Creating environment hook '/home/student/ros2_ws/build/turtlebot3_teleop/share/turtlebot3_teleop/hook/pythonpath_develop.sh'
[1.668s] Level 1:colcon.colcon_core.environment:checking '/home/student/ros2_ws/install/turtlebot3_teleop' for CMake module files
[1.669s] Level 1:colcon.colcon_core.environment:checking '/home/student/ros2_ws/install/turtlebot3_teleop' for CMake config files
[1.669s] Level 1:colcon.colcon_core.environment:checking '/home/student/ros2_ws/install/turtlebot3_teleop/lib'
[1.669s] Level 1:colcon.colcon_core.environment:checking '/home/student/ros2_ws/install/turtlebot3_teleop/bin'
[1.670s] Level 1:colcon.colcon_core.environment:checking '/home/student/ros2_ws/install/turtlebot3_teleop/lib/pkgconfig/turtlebot3_teleop.pc'
[1.670s] Level 1:colcon.colcon_core.environment:checking '/home/student/ros2_ws/install/turtlebot3_teleop/lib/python3.10/site-packages'
[1.670s] Level 1:colcon.colcon_core.shell:create_environment_hook('turtlebot3_teleop', 'pythonpath')
[1.670s] INFO:colcon.colcon_core.shell:Creating environment hook '/home/student/ros2_ws/install/turtlebot3_teleop/share/turtlebot3_teleop/hook/pythonpath.ps1'
[1.670s] INFO:colcon.colcon_core.shell:Creating environment descriptor '/home/student/ros2_ws/install/turtlebot3_teleop/share/turtlebot3_teleop/hook/pythonpath.dsv'
[1.671s] INFO:colcon.colcon_core.shell:Creating environment hook '/home/student/ros2_ws/install/turtlebot3_teleop/share/turtlebot3_teleop/hook/pythonpath.sh'
[1.672s] Level 1:colcon.colcon_core.environment:checking '/home/student/ros2_ws/install/turtlebot3_teleop/bin'
[1.672s] Level 1:colcon.colcon_core.environment:create_environment_scripts_only(turtlebot3_teleop)
[1.672s] INFO:colcon.colcon_core.shell:Creating package script '/home/student/ros2_ws/install/turtlebot3_teleop/share/turtlebot3_teleop/package.ps1'
[1.673s] INFO:colcon.colcon_core.shell:Creating package descriptor '/home/student/ros2_ws/install/turtlebot3_teleop/share/turtlebot3_teleop/package.dsv'
[1.673s] INFO:colcon.colcon_core.shell:Creating package script '/home/student/ros2_ws/install/turtlebot3_teleop/share/turtlebot3_teleop/package.sh'
[1.674s] INFO:colcon.colcon_core.shell:Creating package script '/home/student/ros2_ws/install/turtlebot3_teleop/share/turtlebot3_teleop/package.bash'
[1.674s] INFO:colcon.colcon_core.shell:Creating package script '/home/student/ros2_ws/install/turtlebot3_teleop/share/turtlebot3_teleop/package.zsh'
[1.674s] Level 1:colcon.colcon_core.environment:create_file_with_runtime_dependencies(/home/student/ros2_ws/install/turtlebot3_teleop/share/colcon-core/packages/turtlebot3_teleop)
[1.695s] Level 1:colcon.colcon_core.shell:create_environment_hook('turtlebot3_example', 'pythonpath_develop')
[1.695s] INFO:colcon.colcon_core.shell:Creating environment hook '/home/student/ros2_ws/build/turtlebot3_example/share/turtlebot3_example/hook/pythonpath_develop.ps1'
[1.695s] DEBUG:colcon.colcon_core.event_handler.log_command:Invoked command in '/home/student/ros2_ws/build/turtlebot3_example' returned '0': PYTHONPATH=/home/student/ros2_ws/build/turtlebot3_example/prefix_override:/usr/lib/python3/dist-packages/colcon_core/task/python/colcon_distutils_commands:/home/student/ros2_ws/install/turtlebot3_example/lib/python3.10/site-packages:${PYTHONPATH} /usr/bin/python3 -W ignore:setup.py install is deprecated -W ignore:easy_install command is deprecated setup.py develop --editable --build-directory /home/student/ros2_ws/build/turtlebot3_example/build --no-deps symlink_data
[1.695s] INFO:colcon.colcon_core.shell:Creating environment descriptor '/home/student/ros2_ws/build/turtlebot3_example/share/turtlebot3_example/hook/pythonpath_develop.dsv'
[1.696s] INFO:colcon.colcon_core.shell:Creating environment hook '/home/student/ros2_ws/build/turtlebot3_example/share/turtlebot3_example/hook/pythonpath_develop.sh'
[1.696s] Level 1:colcon.colcon_core.environment:checking '/home/student/ros2_ws/install/turtlebot3_example' for CMake module files
[1.696s] Level 1:colcon.colcon_core.environment:checking '/home/student/ros2_ws/install/turtlebot3_example' for CMake config files
[1.697s] Level 1:colcon.colcon_core.environment:checking '/home/student/ros2_ws/install/turtlebot3_example/lib'
[1.697s] Level 1:colcon.colcon_core.environment:checking '/home/student/ros2_ws/install/turtlebot3_example/bin'
[1.697s] Level 1:colcon.colcon_core.environment:checking '/home/student/ros2_ws/install/turtlebot3_example/lib/pkgconfig/turtlebot3_example.pc'
[1.697s] Level 1:colcon.colcon_core.environment:checking '/home/student/ros2_ws/install/turtlebot3_example/lib/python3.10/site-packages'
[1.697s] Level 1:colcon.colcon_core.shell:create_environment_hook('turtlebot3_example', 'pythonpath')
[1.698s] INFO:colcon.colcon_core.shell:Creating environment hook '/home/student/ros2_ws/install/turtlebot3_example/share/turtlebot3_example/hook/pythonpath.ps1'
[1.698s] INFO:colcon.colcon_core.shell:Creating environment descriptor '/home/student/ros2_ws/install/turtlebot3_example/share/turtlebot3_example/hook/pythonpath.dsv'
[1.698s] INFO:colcon.colcon_core.shell:Creating environment hook '/home/student/ros2_ws/install/turtlebot3_example/share/turtlebot3_example/hook/pythonpath.sh'
[1.699s] Level 1:colcon.colcon_core.environment:checking '/home/student/ros2_ws/install/turtlebot3_example/bin'
[1.699s] Level 1:colcon.colcon_core.environment:create_environment_scripts_only(turtlebot3_example)
[1.699s] INFO:colcon.colcon_core.shell:Creating package script '/home/student/ros2_ws/install/turtlebot3_example/share/turtlebot3_example/package.ps1'
[1.700s] INFO:colcon.colcon_core.shell:Creating package descriptor '/home/student/ros2_ws/install/turtlebot3_example/share/turtlebot3_example/package.dsv'
[1.700s] INFO:colcon.colcon_core.shell:Creating package script '/home/student/ros2_ws/install/turtlebot3_example/share/turtlebot3_example/package.sh'
[1.700s] INFO:colcon.colcon_core.shell:Creating package script '/home/student/ros2_ws/install/turtlebot3_example/share/turtlebot3_example/package.bash'
[1.700s] INFO:colcon.colcon_core.shell:Creating package script '/home/student/ros2_ws/install/turtlebot3_example/share/turtlebot3_example/package.zsh'
[1.701s] Level 1:colcon.colcon_core.environment:create_file_with_runtime_dependencies(/home/student/ros2_ws/install/turtlebot3_example/share/colcon-core/packages/turtlebot3_example)
[1.701s] INFO:colcon.colcon_ros.task.ament_cmake.build:Building ROS package in '/home/student/ros2_ws/src/turtlebot3/turtlebot3' with build type 'ament_cmake'
[1.701s] INFO:colcon.colcon_cmake.task.cmake.build:Building CMake package in '/home/student/ros2_ws/src/turtlebot3/turtlebot3'
[1.701s] INFO:colcon.colcon_core.shell:Skip shell extension 'powershell' for command environment: Not usable outside of PowerShell
[1.701s] DEBUG:colcon.colcon_core.shell:Skip shell extension 'dsv' for command environment
[1.715s] DEBUG:colcon.colcon_core.event_handler.log_command:Invoking command in '/home/student/ros2_ws/build/turtlebot3': AMENT_PREFIX_PATH=/home/student/ros2_ws/install/turtlebot3_teleop:/home/student/ros2_ws/install/turtlebot3_example:/home/student/ros2_ws/install/turtlebot3:/home/student/ros2_ws/install/turtlebot3_simulations:/home/student/ros2_ws/install/turtlebot3_bringup:/home/student/ros2_ws/install/turtlebot3_node:/home/student/ros2_ws/install/turtlebot3_navigation2:/home/student/ros2_ws/install/turtlebot3_manipulation_gazebo:/home/student/ros2_ws/install/turtlebot3_gazebo:/home/student/ros2_ws/install/turtlebot3_fake_node:/home/student/ros2_ws/install/turtlebot3_description:/home/student/ros2_ws/install/turtlebot3_cartographer:/home/student/ros2_ws/install/my_robot_controller:/opt/ros/humble CMAKE_PREFIX_PATH=/home/student/ros2_ws/install/turtlebot3_bringup:/home/student/ros2_ws/install/turtlebot3_node:/home/student/ros2_ws/install/turtlebot3_navigation2:/home/student/ros2_ws/install/turtlebot3_description:/home/student/ros2_ws/install/turtlebot3_cartographer:/home/student/ros2_ws/install/turtlebot3:/home/student/ros2_ws/install/turtlebot3_simulations:/home/student/ros2_ws/install/turtlebot3_manipulation_gazebo:/home/student/ros2_ws/install/turtlebot3_gazebo:/home/student/ros2_ws/install/turtlebot3_fake_node:/home/student/ros2_ws/install/turtlebot3_teleop:/home/student/ros2_ws/install/turtlebot3_example:/home/student/ros2_ws/install/my_robot_controller:/opt/ros/humble /usr/bin/cmake --build /home/student/ros2_ws/build/turtlebot3 -- -j16 -l16
[1.730s] Level 1:colcon.colcon_core.shell:create_environment_hook('my_robot_controller', 'pythonpath_develop')
[1.730s] INFO:colcon.colcon_core.shell:Creating environment hook '/home/student/ros2_ws/build/my_robot_controller/share/my_robot_controller/hook/pythonpath_develop.ps1'
[1.730s] DEBUG:colcon.colcon_core.event_handler.log_command:Invoked command in '/home/student/ros2_ws/build/my_robot_controller' returned '0': PYTHONPATH=/home/student/ros2_ws/build/my_robot_controller/prefix_override:/usr/lib/python3/dist-packages/colcon_core/task/python/colcon_distutils_commands:/home/student/ros2_ws/install/my_robot_controller/lib/python3.10/site-packages:${PYTHONPATH} /usr/bin/python3 -W ignore:setup.py install is deprecated -W ignore:easy_install command is deprecated setup.py develop --editable --build-directory /home/student/ros2_ws/build/my_robot_controller/build --no-deps symlink_data
[1.731s] INFO:colcon.colcon_core.shell:Creating environment descriptor '/home/student/ros2_ws/build/my_robot_controller/share/my_robot_controller/hook/pythonpath_develop.dsv'
[1.731s] INFO:colcon.colcon_core.shell:Creating environment hook '/home/student/ros2_ws/build/my_robot_controller/share/my_robot_controller/hook/pythonpath_develop.sh'
[1.732s] Level 1:colcon.colcon_core.environment:checking '/home/student/ros2_ws/install/my_robot_controller' for CMake module files
[1.732s] Level 1:colcon.colcon_core.environment:checking '/home/student/ros2_ws/install/my_robot_controller' for CMake config files
[1.733s] Level 1:colcon.colcon_core.environment:checking '/home/student/ros2_ws/install/my_robot_controller/lib'
[1.733s] Level 1:colcon.colcon_core.environment:checking '/home/student/ros2_ws/install/my_robot_controller/bin'
[1.733s] Level 1:colcon.colcon_core.environment:checking '/home/student/ros2_ws/install/my_robot_controller/lib/pkgconfig/my_robot_controller.pc'
[1.733s] Level 1:colcon.colcon_core.environment:checking '/home/student/ros2_ws/install/my_robot_controller/lib/python3.10/site-packages'
[1.733s] Level 1:colcon.colcon_core.shell:create_environment_hook('my_robot_controller', 'pythonpath')
[1.733s] INFO:colcon.colcon_core.shell:Creating environment hook '/home/student/ros2_ws/install/my_robot_controller/share/my_robot_controller/hook/pythonpath.ps1'
[1.733s] INFO:colcon.colcon_core.shell:Creating environment descriptor '/home/student/ros2_ws/install/my_robot_controller/share/my_robot_controller/hook/pythonpath.dsv'
[1.734s] INFO:colcon.colcon_core.shell:Creating environment hook '/home/student/ros2_ws/install/my_robot_controller/share/my_robot_controller/hook/pythonpath.sh'
[1.734s] Level 1:colcon.colcon_core.environment:checking '/home/student/ros2_ws/install/my_robot_controller/bin'
[1.734s] Level 1:colcon.colcon_core.environment:create_environment_scripts_only(my_robot_controller)
[1.734s] INFO:colcon.colcon_core.shell:Creating package script '/home/student/ros2_ws/install/my_robot_controller/share/my_robot_controller/package.ps1'
[1.735s] INFO:colcon.colcon_core.shell:Creating package descriptor '/home/student/ros2_ws/install/my_robot_controller/share/my_robot_controller/package.dsv'
[1.735s] INFO:colcon.colcon_core.shell:Creating package script '/home/student/ros2_ws/install/my_robot_controller/share/my_robot_controller/package.sh'
[1.736s] INFO:colcon.colcon_core.shell:Creating package script '/home/student/ros2_ws/install/my_robot_controller/share/my_robot_controller/package.bash'
[1.736s] INFO:colcon.colcon_core.shell:Creating package script '/home/student/ros2_ws/install/my_robot_controller/share/my_robot_controller/package.zsh'
[1.736s] Level 1:colcon.colcon_core.environment:create_file_with_runtime_dependencies(/home/student/ros2_ws/install/my_robot_controller/share/colcon-core/packages/my_robot_controller)
[1.750s] DEBUG:colcon.colcon_core.event_handler.log_command:Invoked command in '/home/student/ros2_ws/build/turtlebot3' returned '0': AMENT_PREFIX_PATH=/home/student/ros2_ws/install/turtlebot3_teleop:/home/student/ros2_ws/install/turtlebot3_example:/home/student/ros2_ws/install/turtlebot3:/home/student/ros2_ws/install/turtlebot3_simulations:/home/student/ros2_ws/install/turtlebot3_bringup:/home/student/ros2_ws/install/turtlebot3_node:/home/student/ros2_ws/install/turtlebot3_navigation2:/home/student/ros2_ws/install/turtlebot3_manipulation_gazebo:/home/student/ros2_ws/install/turtlebot3_gazebo:/home/student/ros2_ws/install/turtlebot3_fake_node:/home/student/ros2_ws/install/turtlebot3_description:/home/student/ros2_ws/install/turtlebot3_cartographer:/home/student/ros2_ws/install/my_robot_controller:/opt/ros/humble CMAKE_PREFIX_PATH=/home/student/ros2_ws/install/turtlebot3_bringup:/home/student/ros2_ws/install/turtlebot3_node:/home/student/ros2_ws/install/turtlebot3_navigation2:/home/student/ros2_ws/install/turtlebot3_description:/home/student/ros2_ws/install/turtlebot3_cartographer:/home/student/ros2_ws/install/turtlebot3:/home/student/ros2_ws/install/turtlebot3_simulations:/home/student/ros2_ws/install/turtlebot3_manipulation_gazebo:/home/student/ros2_ws/install/turtlebot3_gazebo:/home/student/ros2_ws/install/turtlebot3_fake_node:/home/student/ros2_ws/install/turtlebot3_teleop:/home/student/ros2_ws/install/turtlebot3_example:/home/student/ros2_ws/install/my_robot_controller:/opt/ros/humble /usr/bin/cmake --build /home/student/ros2_ws/build/turtlebot3 -- -j16 -l16
[1.752s] DEBUG:colcon.colcon_core.event_handler.log_command:Invoking command in '/home/student/ros2_ws/build/turtlebot3': AMENT_PREFIX_PATH=/home/student/ros2_ws/install/turtlebot3_teleop:/home/student/ros2_ws/install/turtlebot3_example:/home/student/ros2_ws/install/turtlebot3:/home/student/ros2_ws/install/turtlebot3_simulations:/home/student/ros2_ws/install/turtlebot3_bringup:/home/student/ros2_ws/install/turtlebot3_node:/home/student/ros2_ws/install/turtlebot3_navigation2:/home/student/ros2_ws/install/turtlebot3_manipulation_gazebo:/home/student/ros2_ws/install/turtlebot3_gazebo:/home/student/ros2_ws/install/turtlebot3_fake_node:/home/student/ros2_ws/install/turtlebot3_description:/home/student/ros2_ws/install/turtlebot3_cartographer:/home/student/ros2_ws/install/my_robot_controller:/opt/ros/humble CMAKE_PREFIX_PATH=/home/student/ros2_ws/install/turtlebot3_bringup:/home/student/ros2_ws/install/turtlebot3_node:/home/student/ros2_ws/install/turtlebot3_navigation2:/home/student/ros2_ws/install/turtlebot3_description:/home/student/ros2_ws/install/turtlebot3_cartographer:/home/student/ros2_ws/install/turtlebot3:/home/student/ros2_ws/install/turtlebot3_simulations:/home/student/ros2_ws/install/turtlebot3_manipulation_gazebo:/home/student/ros2_ws/install/turtlebot3_gazebo:/home/student/ros2_ws/install/turtlebot3_fake_node:/home/student/ros2_ws/install/turtlebot3_teleop:/home/student/ros2_ws/install/turtlebot3_example:/home/student/ros2_ws/install/my_robot_controller:/opt/ros/humble /usr/bin/cmake --install /home/student/ros2_ws/build/turtlebot3
[1.769s] Level 1:colcon.colcon_core.environment:create_environment_scripts_only(turtlebot3)
[1.769s] Level 1:colcon.colcon_core.environment:checking '/home/student/ros2_ws/install/turtlebot3' for CMake module files
[1.770s] DEBUG:colcon.colcon_core.event_handler.log_command:Invoked command in '/home/student/ros2_ws/build/turtlebot3' returned '0': AMENT_PREFIX_PATH=/home/student/ros2_ws/install/turtlebot3_teleop:/home/student/ros2_ws/install/turtlebot3_example:/home/student/ros2_ws/install/turtlebot3:/home/student/ros2_ws/install/turtlebot3_simulations:/home/student/ros2_ws/install/turtlebot3_bringup:/home/student/ros2_ws/install/turtlebot3_node:/home/student/ros2_ws/install/turtlebot3_navigation2:/home/student/ros2_ws/install/turtlebot3_manipulation_gazebo:/home/student/ros2_ws/install/turtlebot3_gazebo:/home/student/ros2_ws/install/turtlebot3_fake_node:/home/student/ros2_ws/install/turtlebot3_description:/home/student/ros2_ws/install/turtlebot3_cartographer:/home/student/ros2_ws/install/my_robot_controller:/opt/ros/humble CMAKE_PREFIX_PATH=/home/student/ros2_ws/install/turtlebot3_bringup:/home/student/ros2_ws/install/turtlebot3_node:/home/student/ros2_ws/install/turtlebot3_navigation2:/home/student/ros2_ws/install/turtlebot3_description:/home/student/ros2_ws/install/turtlebot3_cartographer:/home/student/ros2_ws/install/turtlebot3:/home/student/ros2_ws/install/turtlebot3_simulations:/home/student/ros2_ws/install/turtlebot3_manipulation_gazebo:/home/student/ros2_ws/install/turtlebot3_gazebo:/home/student/ros2_ws/install/turtlebot3_fake_node:/home/student/ros2_ws/install/turtlebot3_teleop:/home/student/ros2_ws/install/turtlebot3_example:/home/student/ros2_ws/install/my_robot_controller:/opt/ros/humble /usr/bin/cmake --install /home/student/ros2_ws/build/turtlebot3
[1.770s] Level 1:colcon.colcon_core.environment:checking '/home/student/ros2_ws/install/turtlebot3' for CMake config files
[1.770s] Level 1:colcon.colcon_core.shell:create_environment_hook('turtlebot3', 'cmake_prefix_path')
[1.770s] INFO:colcon.colcon_core.shell:Creating environment hook '/home/student/ros2_ws/install/turtlebot3/share/turtlebot3/hook/cmake_prefix_path.ps1'
[1.771s] INFO:colcon.colcon_core.shell:Creating environment descriptor '/home/student/ros2_ws/install/turtlebot3/share/turtlebot3/hook/cmake_prefix_path.dsv'
[1.771s] INFO:colcon.colcon_core.shell:Creating environment hook '/home/student/ros2_ws/install/turtlebot3/share/turtlebot3/hook/cmake_prefix_path.sh'
[1.772s] Level 1:colcon.colcon_core.environment:checking '/home/student/ros2_ws/install/turtlebot3/bin'
[1.772s] Level 1:colcon.colcon_core.environment:checking '/home/student/ros2_ws/install/turtlebot3/lib/pkgconfig/turtlebot3.pc'
[1.772s] Level 1:colcon.colcon_core.environment:checking '/home/student/ros2_ws/install/turtlebot3/lib/python3.10/site-packages'
[1.772s] Level 1:colcon.colcon_core.environment:checking '/home/student/ros2_ws/install/turtlebot3/bin'
[1.772s] INFO:colcon.colcon_core.shell:Creating package script '/home/student/ros2_ws/install/turtlebot3/share/turtlebot3/package.ps1'
[1.773s] INFO:colcon.colcon_core.shell:Creating package descriptor '/home/student/ros2_ws/install/turtlebot3/share/turtlebot3/package.dsv'
[1.773s] INFO:colcon.colcon_core.shell:Creating package script '/home/student/ros2_ws/install/turtlebot3/share/turtlebot3/package.sh'
[1.774s] INFO:colcon.colcon_core.shell:Creating package script '/home/student/ros2_ws/install/turtlebot3/share/turtlebot3/package.bash'
[1.774s] INFO:colcon.colcon_core.shell:Creating package script '/home/student/ros2_ws/install/turtlebot3/share/turtlebot3/package.zsh'
[1.774s] Level 1:colcon.colcon_core.environment:create_file_with_runtime_dependencies(/home/student/ros2_ws/install/turtlebot3/share/colcon-core/packages/turtlebot3)
[1.775s] Level 1:colcon.colcon_core.environment:create_environment_scripts_only(turtlebot3)
[1.775s] Level 1:colcon.colcon_core.environment:checking '/home/student/ros2_ws/install/turtlebot3' for CMake module files
[1.775s] Level 1:colcon.colcon_core.environment:checking '/home/student/ros2_ws/install/turtlebot3' for CMake config files
[1.776s] Level 1:colcon.colcon_core.shell:create_environment_hook('turtlebot3', 'cmake_prefix_path')
[1.776s] INFO:colcon.colcon_core.shell:Creating environment hook '/home/student/ros2_ws/install/turtlebot3/share/turtlebot3/hook/cmake_prefix_path.ps1'
[1.776s] INFO:colcon.colcon_core.shell:Creating environment descriptor '/home/student/ros2_ws/install/turtlebot3/share/turtlebot3/hook/cmake_prefix_path.dsv'
[1.776s] INFO:colcon.colcon_core.shell:Creating environment hook '/home/student/ros2_ws/install/turtlebot3/share/turtlebot3/hook/cmake_prefix_path.sh'
[1.777s] Level 1:colcon.colcon_core.environment:checking '/home/student/ros2_ws/install/turtlebot3/bin'
[1.777s] Level 1:colcon.colcon_core.environment:checking '/home/student/ros2_ws/install/turtlebot3/lib/pkgconfig/turtlebot3.pc'
[1.777s] Level 1:colcon.colcon_core.environment:checking '/home/student/ros2_ws/install/turtlebot3/lib/python3.10/site-packages'
[1.777s] Level 1:colcon.colcon_core.environment:checking '/home/student/ros2_ws/install/turtlebot3/bin'
[1.778s] INFO:colcon.colcon_core.shell:Creating package script '/home/student/ros2_ws/install/turtlebot3/share/turtlebot3/package.ps1'
[1.778s] INFO:colcon.colcon_core.shell:Creating package descriptor '/home/student/ros2_ws/install/turtlebot3/share/turtlebot3/package.dsv'
[1.779s] INFO:colcon.colcon_core.shell:Creating package script '/home/student/ros2_ws/install/turtlebot3/share/turtlebot3/package.sh'
[1.779s] INFO:colcon.colcon_core.shell:Creating package script '/home/student/ros2_ws/install/turtlebot3/share/turtlebot3/package.bash'
[1.779s] INFO:colcon.colcon_core.shell:Creating package script '/home/student/ros2_ws/install/turtlebot3/share/turtlebot3/package.zsh'
[1.780s] Level 1:colcon.colcon_core.environment:create_file_with_runtime_dependencies(/home/student/ros2_ws/install/turtlebot3/share/colcon-core/packages/turtlebot3)
[1.780s] DEBUG:colcon.colcon_parallel_executor.executor.parallel:closing loop
[1.780s] DEBUG:colcon.colcon_parallel_executor.executor.parallel:loop closed
[1.780s] DEBUG:colcon.colcon_parallel_executor.executor.parallel:run_until_complete finished with '0'
[1.781s] DEBUG:colcon.colcon_core.event_reactor:joining thread
[1.786s] INFO:colcon.colcon_core.plugin_system:Skipping extension 'colcon_notification.desktop_notification.notify_send': Could not find 'notify-send'
[1.786s] INFO:colcon.colcon_core.plugin_system:Skipping extension 'colcon_notification.desktop_notification.terminal_notifier': Not used on non-Darwin systems
[1.786s] INFO:colcon.colcon_core.plugin_system:Skipping extension 'colcon_notification.desktop_notification.win32': Not used on non-Windows systems
[1.786s] INFO:colcon.colcon_notification.desktop_notification:Sending desktop notification using 'notify2'
[1.788s] DEBUG:colcon.colcon_notification.desktop_notification.notify2:Failed to initialize notify2: org.freedesktop.DBus.Error.Spawn.ExecFailed: /usr/bin/dbus-launch terminated abnormally without any error message
[1.789s] DEBUG:colcon.colcon_core.event_reactor:joined thread
[1.789s] INFO:colcon.colcon_core.shell:Creating prefix script '/home/student/ros2_ws/install/local_setup.ps1'
[1.790s] INFO:colcon.colcon_core.shell:Creating prefix util module '/home/student/ros2_ws/install/_local_setup_util_ps1.py'
[1.791s] INFO:colcon.colcon_core.shell:Creating prefix chain script '/home/student/ros2_ws/install/setup.ps1'
[1.793s] INFO:colcon.colcon_core.shell:Creating prefix script '/home/student/ros2_ws/install/local_setup.sh'
[1.794s] INFO:colcon.colcon_core.shell:Creating prefix util module '/home/student/ros2_ws/install/_local_setup_util_sh.py'
[1.794s] INFO:colcon.colcon_core.shell:Creating prefix chain script '/home/student/ros2_ws/install/setup.sh'
[1.795s] INFO:colcon.colcon_core.shell:Creating prefix script '/home/student/ros2_ws/install/local_setup.bash'
[1.796s] INFO:colcon.colcon_core.shell:Creating prefix chain script '/home/student/ros2_ws/install/setup.bash'
[1.797s] INFO:colcon.colcon_core.shell:Creating prefix script '/home/student/ros2_ws/install/local_setup.zsh'
[1.798s] INFO:colcon.colcon_core.shell:Creating prefix chain script '/home/student/ros2_ws/install/setup.zsh'
