[0.000000] (-) TimerEvent: {}
[0.000095] (my_robot_controller) JobQueued: {'identifier': 'my_robot_controller', 'dependencies': OrderedDict()}
[0.000129] (turtlebot3_cartographer) JobQueued: {'identifier': 'turtlebot3_cartographer', 'dependencies': OrderedDict()}
[0.000153] (turtlebot3_description) JobQueued: {'identifier': 'turtlebot3_description', 'dependencies': OrderedDict()}
[0.000169] (turtlebot3_example) JobQueued: {'identifier': 'turtlebot3_example', 'dependencies': OrderedDict()}
[0.000182] (turtlebot3_fake_node) JobQueued: {'identifier': 'turtlebot3_fake_node', 'dependencies': OrderedDict()}
[0.000201] (turtlebot3_gazebo) JobQueued: {'identifier': 'turtlebot3_gazebo', 'dependencies': OrderedDict()}
[0.000223] (turtlebot3_manipulation_gazebo) JobQueued: {'identifier': 'turtlebot3_manipulation_gazebo', 'dependencies': OrderedDict()}
[0.000243] (turtlebot3_navigation2) JobQueued: {'identifier': 'turtlebot3_navigation2', 'dependencies': OrderedDict()}
[0.000258] (turtlebot3_node) JobQueued: {'identifier': 'turtlebot3_node', 'dependencies': OrderedDict()}
[0.000271] (turtlebot3_teleop) JobQueued: {'identifier': 'turtlebot3_teleop', 'dependencies': OrderedDict()}
[0.000283] (turtlebot3_bringup) JobQueued: {'identifier': 'turtlebot3_bringup', 'dependencies': OrderedDict([('turtlebot3_description', '/home/student/ros2_ws/install/turtlebot3_description'), ('turtlebot3_node', '/home/student/ros2_ws/install/turtlebot3_node')])}
[0.000307] (turtlebot3_simulations) JobQueued: {'identifier': 'turtlebot3_simulations', 'dependencies': OrderedDict([('turtlebot3_fake_node', '/home/student/ros2_ws/install/turtlebot3_fake_node'), ('turtlebot3_gazebo', '/home/student/ros2_ws/install/turtlebot3_gazebo'), ('turtlebot3_manipulation_gazebo', '/home/student/ros2_ws/install/turtlebot3_manipulation_gazebo')])}
[0.000324] (turtlebot3) JobQueued: {'identifier': 'turtlebot3', 'dependencies': OrderedDict([('turtlebot3_cartographer', '/home/student/ros2_ws/install/turtlebot3_cartographer'), ('turtlebot3_description', '/home/student/ros2_ws/install/turtlebot3_description'), ('turtlebot3_example', '/home/student/ros2_ws/install/turtlebot3_example'), ('turtlebot3_navigation2', '/home/student/ros2_ws/install/turtlebot3_navigation2'), ('turtlebot3_node', '/home/student/ros2_ws/install/turtlebot3_node'), ('turtlebot3_teleop', '/home/student/ros2_ws/install/turtlebot3_teleop'), ('turtlebot3_bringup', '/home/student/ros2_ws/install/turtlebot3_bringup')])}
[0.000347] (turtlebot3_description) JobStarted: {'identifier': 'turtlebot3_description'}
[0.009681] (turtlebot3_node) JobStarted: {'identifier': 'turtlebot3_node'}
[0.013282] (turtlebot3_cartographer) JobStarted: {'identifier': 'turtlebot3_cartographer'}
[0.016346] (turtlebot3_example) JobStarted: {'identifier': 'turtlebot3_example'}
[0.021574] (turtlebot3_fake_node) JobStarted: {'identifier': 'turtlebot3_fake_node'}
[0.024751] (turtlebot3_gazebo) JobStarted: {'identifier': 'turtlebot3_gazebo'}
[0.027904] (turtlebot3_manipulation_gazebo) JobStarted: {'identifier': 'turtlebot3_manipulation_gazebo'}
[0.031080] (turtlebot3_navigation2) JobStarted: {'identifier': 'turtlebot3_navigation2'}
[0.034225] (turtlebot3_teleop) JobStarted: {'identifier': 'turtlebot3_teleop'}
[0.038393] (my_robot_controller) JobStarted: {'identifier': 'my_robot_controller'}
[0.044096] (turtlebot3_description) JobProgress: {'identifier': 'turtlebot3_description', 'progress': 'cmake'}
[0.044474] (turtlebot3_description) Command: {'cmd': ['/usr/bin/cmake', '/home/student/ros2_ws/src/turtlebot3/turtlebot3_description', '-DAMENT_CMAKE_SYMLINK_INSTALL=1', '-DCMAKE_INSTALL_PREFIX=/home/student/ros2_ws/install/turtlebot3_description'], 'cwd': '/home/student/ros2_ws/build/turtlebot3_description', 'env': OrderedDict([('HOSTNAME', 'gregor-PC'), ('SHLVL', '1'), ('LD_LIBRARY_PATH', '/usr/lib/x86_64-linux-gnu/gazebo-11/plugins:/opt/ros/humble/opt/rviz_ogre_vendor/lib:/opt/ros/humble/lib/x86_64-linux-gnu:/opt/ros/humble/lib:/usr/lib/x86_64-linux-gnu/gazebo-11/plugins:'), ('HOME', '/home/student'), ('OLDPWD', '/home/student'), ('GAZEBO_MASTER_URI', 'http://localhost:11345'), ('ROS_PYTHON_VERSION', '3'), ('COLCON_PREFIX_PATH', '/home/student/ros2_ws/install'), ('ROS_DISTRO', 'humble'), ('_', '/usr/bin/colcon'), ('ROS_VERSION', '2'), ('TERM', 'xterm'), ('GAZEBO_MODEL_PATH', '/usr/share/gazebo-11/models:'), ('ROS_LOCALHOST_ONLY', '1'), ('QT_X11_NO_MITSHM', '1'), ('OGRE_RESOURCE_PATH', '/usr/lib/x86_64-linux-gnu/OGRE-1.9.0'), ('PATH', '/opt/ros/humble/bin:/usr/local/sbin:/usr/local/bin:/usr/sbin:/usr/bin:/sbin:/bin'), ('DISPLAY', ':0'), ('LANG', 'C.UTF-8'), ('LS_COLORS', 'rs=0:di=01;34:ln=01;36:mh=00:pi=40;33:so=01;35:do=01;35:bd=40;33;01:cd=40;33;01:or=40;31;01:mi=00:su=37;41:sg=30;43:ca=30;41:tw=30;42:ow=34;42:st=37;44:ex=01;32:*.tar=01;31:*.tgz=01;31:*.arc=01;31:*.arj=01;31:*.taz=01;31:*.lha=01;31:*.lz4=01;31:*.lzh=01;31:*.lzma=01;31:*.tlz=01;31:*.txz=01;31:*.tzo=01;31:*.t7z=01;31:*.zip=01;31:*.z=01;31:*.dz=01;31:*.gz=01;31:*.lrz=01;31:*.lz=01;31:*.lzo=01;31:*.xz=01;31:*.zst=01;31:*.tzst=01;31:*.bz2=01;31:*.bz=01;31:*.tbz=01;31:*.tbz2=01;31:*.tz=01;31:*.deb=01;31:*.rpm=01;31:*.jar=01;31:*.war=01;31:*.ear=01;31:*.sar=01;31:*.rar=01;31:*.alz=01;31:*.ace=01;31:*.zoo=01;31:*.cpio=01;31:*.7z=01;31:*.rz=01;31:*.cab=01;31:*.wim=01;31:*.swm=01;31:*.dwm=01;31:*.esd=01;31:*.jpg=01;35:*.jpeg=01;35:*.mjpg=01;35:*.mjpeg=01;35:*.gif=01;35:*.bmp=01;35:*.pbm=01;35:*.pgm=01;35:*.ppm=01;35:*.tga=01;35:*.xbm=01;35:*.xpm=01;35:*.tif=01;35:*.tiff=01;35:*.png=01;35:*.svg=01;35:*.svgz=01;35:*.mng=01;35:*.pcx=01;35:*.mov=01;35:*.mpg=01;35:*.mpeg=01;35:*.m2v=01;35:*.mkv=01;35:*.webm=01;35:*.webp=01;35:*.ogm=01;35:*.mp4=01;35:*.m4v=01;35:*.mp4v=01;35:*.vob=01;35:*.qt=01;35:*.nuv=01;35:*.wmv=01;35:*.asf=01;35:*.rm=01;35:*.rmvb=01;35:*.flc=01;35:*.avi=01;35:*.fli=01;35:*.flv=01;35:*.gl=01;35:*.dl=01;35:*.xcf=01;35:*.xwd=01;35:*.yuv=01;35:*.cgm=01;35:*.emf=01;35:*.ogv=01;35:*.ogx=01;35:*.aac=00;36:*.au=00;36:*.flac=00;36:*.m4a=00;36:*.mid=00;36:*.midi=00;36:*.mka=00;36:*.mp3=00;36:*.mpc=00;36:*.ogg=00;36:*.ra=00;36:*.wav=00;36:*.oga=00;36:*.opus=00;36:*.spx=00;36:*.xspf=00;36:'), ('ROS_DOMAIN_ID', '30'), ('AMENT_PREFIX_PATH', '/home/student/ros2_ws/install/my_robot_controller:/opt/ros/humble'), ('GAZEBO_RESOURCE_PATH', '/usr/share/gazebo-11:'), ('GAZEBO_MODEL_DATABASE_URI', 'http://models.gazebosim.org'), ('PWD', '/home/student/ros2_ws/build/turtlebot3_description'), ('TURTLEBOT3_MODEL', 'burger'), ('LC_ALL', 'C.UTF-8'), ('GAZEBO_PLUGIN_PATH', '/usr/lib/x86_64-linux-gnu/gazebo-11/plugins:'), ('PYTHONPATH', '/home/student/ros2_ws/install/my_robot_controller/lib/python3.10/site-packages:/opt/ros/humble/lib/python3.10/site-packages:/opt/ros/humble/local/lib/python3.10/dist-packages'), ('COLCON', '1'), ('CMAKE_PREFIX_PATH', '/home/student/ros2_ws/install/my_robot_controller:/opt/ros/humble')]), 'shell': False}
[0.046371] (turtlebot3_node) JobProgress: {'identifier': 'turtlebot3_node', 'progress': 'cmake'}
[0.046842] (turtlebot3_node) Command: {'cmd': ['/usr/bin/cmake', '/home/student/ros2_ws/src/turtlebot3/turtlebot3_node', '-DAMENT_CMAKE_SYMLINK_INSTALL=1', '-DCMAKE_INSTALL_PREFIX=/home/student/ros2_ws/install/turtlebot3_node'], 'cwd': '/home/student/ros2_ws/build/turtlebot3_node', 'env': OrderedDict([('HOSTNAME', 'gregor-PC'), ('SHLVL', '1'), ('LD_LIBRARY_PATH', '/usr/lib/x86_64-linux-gnu/gazebo-11/plugins:/opt/ros/humble/opt/rviz_ogre_vendor/lib:/opt/ros/humble/lib/x86_64-linux-gnu:/opt/ros/humble/lib:/usr/lib/x86_64-linux-gnu/gazebo-11/plugins:'), ('HOME', '/home/student'), ('OLDPWD', '/home/student'), ('GAZEBO_MASTER_URI', 'http://localhost:11345'), ('ROS_PYTHON_VERSION', '3'), ('COLCON_PREFIX_PATH', '/home/student/ros2_ws/install'), ('ROS_DISTRO', 'humble'), ('_', '/usr/bin/colcon'), ('ROS_VERSION', '2'), ('TERM', 'xterm'), ('GAZEBO_MODEL_PATH', '/usr/share/gazebo-11/models:'), ('ROS_LOCALHOST_ONLY', '1'), ('QT_X11_NO_MITSHM', '1'), ('OGRE_RESOURCE_PATH', '/usr/lib/x86_64-linux-gnu/OGRE-1.9.0'), ('PATH', '/opt/ros/humble/bin:/usr/local/sbin:/usr/local/bin:/usr/sbin:/usr/bin:/sbin:/bin'), ('DISPLAY', ':0'), ('LANG', 'C.UTF-8'), ('LS_COLORS', 'rs=0:di=01;34:ln=01;36:mh=00:pi=40;33:so=01;35:do=01;35:bd=40;33;01:cd=40;33;01:or=40;31;01:mi=00:su=37;41:sg=30;43:ca=30;41:tw=30;42:ow=34;42:st=37;44:ex=01;32:*.tar=01;31:*.tgz=01;31:*.arc=01;31:*.arj=01;31:*.taz=01;31:*.lha=01;31:*.lz4=01;31:*.lzh=01;31:*.lzma=01;31:*.tlz=01;31:*.txz=01;31:*.tzo=01;31:*.t7z=01;31:*.zip=01;31:*.z=01;31:*.dz=01;31:*.gz=01;31:*.lrz=01;31:*.lz=01;31:*.lzo=01;31:*.xz=01;31:*.zst=01;31:*.tzst=01;31:*.bz2=01;31:*.bz=01;31:*.tbz=01;31:*.tbz2=01;31:*.tz=01;31:*.deb=01;31:*.rpm=01;31:*.jar=01;31:*.war=01;31:*.ear=01;31:*.sar=01;31:*.rar=01;31:*.alz=01;31:*.ace=01;31:*.zoo=01;31:*.cpio=01;31:*.7z=01;31:*.rz=01;31:*.cab=01;31:*.wim=01;31:*.swm=01;31:*.dwm=01;31:*.esd=01;31:*.jpg=01;35:*.jpeg=01;35:*.mjpg=01;35:*.mjpeg=01;35:*.gif=01;35:*.bmp=01;35:*.pbm=01;35:*.pgm=01;35:*.ppm=01;35:*.tga=01;35:*.xbm=01;35:*.xpm=01;35:*.tif=01;35:*.tiff=01;35:*.png=01;35:*.svg=01;35:*.svgz=01;35:*.mng=01;35:*.pcx=01;35:*.mov=01;35:*.mpg=01;35:*.mpeg=01;35:*.m2v=01;35:*.mkv=01;35:*.webm=01;35:*.webp=01;35:*.ogm=01;35:*.mp4=01;35:*.m4v=01;35:*.mp4v=01;35:*.vob=01;35:*.qt=01;35:*.nuv=01;35:*.wmv=01;35:*.asf=01;35:*.rm=01;35:*.rmvb=01;35:*.flc=01;35:*.avi=01;35:*.fli=01;35:*.flv=01;35:*.gl=01;35:*.dl=01;35:*.xcf=01;35:*.xwd=01;35:*.yuv=01;35:*.cgm=01;35:*.emf=01;35:*.ogv=01;35:*.ogx=01;35:*.aac=00;36:*.au=00;36:*.flac=00;36:*.m4a=00;36:*.mid=00;36:*.midi=00;36:*.mka=00;36:*.mp3=00;36:*.mpc=00;36:*.ogg=00;36:*.ra=00;36:*.wav=00;36:*.oga=00;36:*.opus=00;36:*.spx=00;36:*.xspf=00;36:'), ('ROS_DOMAIN_ID', '30'), ('AMENT_PREFIX_PATH', '/home/student/ros2_ws/install/my_robot_controller:/opt/ros/humble'), ('GAZEBO_RESOURCE_PATH', '/usr/share/gazebo-11:'), ('GAZEBO_MODEL_DATABASE_URI', 'http://models.gazebosim.org'), ('PWD', '/home/student/ros2_ws/build/turtlebot3_node'), ('TURTLEBOT3_MODEL', 'burger'), ('LC_ALL', 'C.UTF-8'), ('GAZEBO_PLUGIN_PATH', '/usr/lib/x86_64-linux-gnu/gazebo-11/plugins:'), ('PYTHONPATH', '/home/student/ros2_ws/install/my_robot_controller/lib/python3.10/site-packages:/opt/ros/humble/lib/python3.10/site-packages:/opt/ros/humble/local/lib/python3.10/dist-packages'), ('COLCON', '1'), ('CMAKE_PREFIX_PATH', '/home/student/ros2_ws/install/my_robot_controller:/opt/ros/humble')]), 'shell': False}
[0.047891] (turtlebot3_cartographer) JobProgress: {'identifier': 'turtlebot3_cartographer', 'progress': 'cmake'}
[0.048345] (turtlebot3_cartographer) Command: {'cmd': ['/usr/bin/cmake', '/home/student/ros2_ws/src/turtlebot3/turtlebot3_cartographer', '-DAMENT_CMAKE_SYMLINK_INSTALL=1', '-DCMAKE_INSTALL_PREFIX=/home/student/ros2_ws/install/turtlebot3_cartographer'], 'cwd': '/home/student/ros2_ws/build/turtlebot3_cartographer', 'env': OrderedDict([('HOSTNAME', 'gregor-PC'), ('SHLVL', '1'), ('LD_LIBRARY_PATH', '/usr/lib/x86_64-linux-gnu/gazebo-11/plugins:/opt/ros/humble/opt/rviz_ogre_vendor/lib:/opt/ros/humble/lib/x86_64-linux-gnu:/opt/ros/humble/lib:/usr/lib/x86_64-linux-gnu/gazebo-11/plugins:'), ('HOME', '/home/student'), ('OLDPWD', '/home/student'), ('GAZEBO_MASTER_URI', 'http://localhost:11345'), ('ROS_PYTHON_VERSION', '3'), ('COLCON_PREFIX_PATH', '/home/student/ros2_ws/install'), ('ROS_DISTRO', 'humble'), ('_', '/usr/bin/colcon'), ('ROS_VERSION', '2'), ('TERM', 'xterm'), ('GAZEBO_MODEL_PATH', '/usr/share/gazebo-11/models:'), ('ROS_LOCALHOST_ONLY', '1'), ('QT_X11_NO_MITSHM', '1'), ('OGRE_RESOURCE_PATH', '/usr/lib/x86_64-linux-gnu/OGRE-1.9.0'), ('PATH', '/opt/ros/humble/bin:/usr/local/sbin:/usr/local/bin:/usr/sbin:/usr/bin:/sbin:/bin'), ('DISPLAY', ':0'), ('LANG', 'C.UTF-8'), ('LS_COLORS', 'rs=0:di=01;34:ln=01;36:mh=00:pi=40;33:so=01;35:do=01;35:bd=40;33;01:cd=40;33;01:or=40;31;01:mi=00:su=37;41:sg=30;43:ca=30;41:tw=30;42:ow=34;42:st=37;44:ex=01;32:*.tar=01;31:*.tgz=01;31:*.arc=01;31:*.arj=01;31:*.taz=01;31:*.lha=01;31:*.lz4=01;31:*.lzh=01;31:*.lzma=01;31:*.tlz=01;31:*.txz=01;31:*.tzo=01;31:*.t7z=01;31:*.zip=01;31:*.z=01;31:*.dz=01;31:*.gz=01;31:*.lrz=01;31:*.lz=01;31:*.lzo=01;31:*.xz=01;31:*.zst=01;31:*.tzst=01;31:*.bz2=01;31:*.bz=01;31:*.tbz=01;31:*.tbz2=01;31:*.tz=01;31:*.deb=01;31:*.rpm=01;31:*.jar=01;31:*.war=01;31:*.ear=01;31:*.sar=01;31:*.rar=01;31:*.alz=01;31:*.ace=01;31:*.zoo=01;31:*.cpio=01;31:*.7z=01;31:*.rz=01;31:*.cab=01;31:*.wim=01;31:*.swm=01;31:*.dwm=01;31:*.esd=01;31:*.jpg=01;35:*.jpeg=01;35:*.mjpg=01;35:*.mjpeg=01;35:*.gif=01;35:*.bmp=01;35:*.pbm=01;35:*.pgm=01;35:*.ppm=01;35:*.tga=01;35:*.xbm=01;35:*.xpm=01;35:*.tif=01;35:*.tiff=01;35:*.png=01;35:*.svg=01;35:*.svgz=01;35:*.mng=01;35:*.pcx=01;35:*.mov=01;35:*.mpg=01;35:*.mpeg=01;35:*.m2v=01;35:*.mkv=01;35:*.webm=01;35:*.webp=01;35:*.ogm=01;35:*.mp4=01;35:*.m4v=01;35:*.mp4v=01;35:*.vob=01;35:*.qt=01;35:*.nuv=01;35:*.wmv=01;35:*.asf=01;35:*.rm=01;35:*.rmvb=01;35:*.flc=01;35:*.avi=01;35:*.fli=01;35:*.flv=01;35:*.gl=01;35:*.dl=01;35:*.xcf=01;35:*.xwd=01;35:*.yuv=01;35:*.cgm=01;35:*.emf=01;35:*.ogv=01;35:*.ogx=01;35:*.aac=00;36:*.au=00;36:*.flac=00;36:*.m4a=00;36:*.mid=00;36:*.midi=00;36:*.mka=00;36:*.mp3=00;36:*.mpc=00;36:*.ogg=00;36:*.ra=00;36:*.wav=00;36:*.oga=00;36:*.opus=00;36:*.spx=00;36:*.xspf=00;36:'), ('ROS_DOMAIN_ID', '30'), ('AMENT_PREFIX_PATH', '/home/student/ros2_ws/install/my_robot_controller:/opt/ros/humble'), ('GAZEBO_RESOURCE_PATH', '/usr/share/gazebo-11:'), ('GAZEBO_MODEL_DATABASE_URI', 'http://models.gazebosim.org'), ('PWD', '/home/student/ros2_ws/build/turtlebot3_cartographer'), ('TURTLEBOT3_MODEL', 'burger'), ('LC_ALL', 'C.UTF-8'), ('GAZEBO_PLUGIN_PATH', '/usr/lib/x86_64-linux-gnu/gazebo-11/plugins:'), ('PYTHONPATH', '/home/student/ros2_ws/install/my_robot_controller/lib/python3.10/site-packages:/opt/ros/humble/lib/python3.10/site-packages:/opt/ros/humble/local/lib/python3.10/dist-packages'), ('COLCON', '1'), ('CMAKE_PREFIX_PATH', '/home/student/ros2_ws/install/my_robot_controller:/opt/ros/humble')]), 'shell': False}
[0.099383] (-) TimerEvent: {}
[0.199567] (-) TimerEvent: {}
[0.255584] (turtlebot3_fake_node) JobProgress: {'identifier': 'turtlebot3_fake_node', 'progress': 'cmake'}
[0.256101] (turtlebot3_fake_node) Command: {'cmd': ['/usr/bin/cmake', '/home/student/ros2_ws/src/turtlebot3_simulations/turtlebot3_fake_node', '-DAMENT_CMAKE_SYMLINK_INSTALL=1', '-DCMAKE_INSTALL_PREFIX=/home/student/ros2_ws/install/turtlebot3_fake_node'], 'cwd': '/home/student/ros2_ws/build/turtlebot3_fake_node', 'env': OrderedDict([('HOSTNAME', 'gregor-PC'), ('SHLVL', '1'), ('LD_LIBRARY_PATH', '/usr/lib/x86_64-linux-gnu/gazebo-11/plugins:/opt/ros/humble/opt/rviz_ogre_vendor/lib:/opt/ros/humble/lib/x86_64-linux-gnu:/opt/ros/humble/lib:/usr/lib/x86_64-linux-gnu/gazebo-11/plugins:'), ('HOME', '/home/student'), ('OLDPWD', '/home/student'), ('GAZEBO_MASTER_URI', 'http://localhost:11345'), ('ROS_PYTHON_VERSION', '3'), ('COLCON_PREFIX_PATH', '/home/student/ros2_ws/install'), ('ROS_DISTRO', 'humble'), ('_', '/usr/bin/colcon'), ('ROS_VERSION', '2'), ('TERM', 'xterm'), ('GAZEBO_MODEL_PATH', '/usr/share/gazebo-11/models:'), ('ROS_LOCALHOST_ONLY', '1'), ('QT_X11_NO_MITSHM', '1'), ('OGRE_RESOURCE_PATH', '/usr/lib/x86_64-linux-gnu/OGRE-1.9.0'), ('PATH', '/opt/ros/humble/bin:/usr/local/sbin:/usr/local/bin:/usr/sbin:/usr/bin:/sbin:/bin'), ('DISPLAY', ':0'), ('LANG', 'C.UTF-8'), ('LS_COLORS', 'rs=0:di=01;34:ln=01;36:mh=00:pi=40;33:so=01;35:do=01;35:bd=40;33;01:cd=40;33;01:or=40;31;01:mi=00:su=37;41:sg=30;43:ca=30;41:tw=30;42:ow=34;42:st=37;44:ex=01;32:*.tar=01;31:*.tgz=01;31:*.arc=01;31:*.arj=01;31:*.taz=01;31:*.lha=01;31:*.lz4=01;31:*.lzh=01;31:*.lzma=01;31:*.tlz=01;31:*.txz=01;31:*.tzo=01;31:*.t7z=01;31:*.zip=01;31:*.z=01;31:*.dz=01;31:*.gz=01;31:*.lrz=01;31:*.lz=01;31:*.lzo=01;31:*.xz=01;31:*.zst=01;31:*.tzst=01;31:*.bz2=01;31:*.bz=01;31:*.tbz=01;31:*.tbz2=01;31:*.tz=01;31:*.deb=01;31:*.rpm=01;31:*.jar=01;31:*.war=01;31:*.ear=01;31:*.sar=01;31:*.rar=01;31:*.alz=01;31:*.ace=01;31:*.zoo=01;31:*.cpio=01;31:*.7z=01;31:*.rz=01;31:*.cab=01;31:*.wim=01;31:*.swm=01;31:*.dwm=01;31:*.esd=01;31:*.jpg=01;35:*.jpeg=01;35:*.mjpg=01;35:*.mjpeg=01;35:*.gif=01;35:*.bmp=01;35:*.pbm=01;35:*.pgm=01;35:*.ppm=01;35:*.tga=01;35:*.xbm=01;35:*.xpm=01;35:*.tif=01;35:*.tiff=01;35:*.png=01;35:*.svg=01;35:*.svgz=01;35:*.mng=01;35:*.pcx=01;35:*.mov=01;35:*.mpg=01;35:*.mpeg=01;35:*.m2v=01;35:*.mkv=01;35:*.webm=01;35:*.webp=01;35:*.ogm=01;35:*.mp4=01;35:*.m4v=01;35:*.mp4v=01;35:*.vob=01;35:*.qt=01;35:*.nuv=01;35:*.wmv=01;35:*.asf=01;35:*.rm=01;35:*.rmvb=01;35:*.flc=01;35:*.avi=01;35:*.fli=01;35:*.flv=01;35:*.gl=01;35:*.dl=01;35:*.xcf=01;35:*.xwd=01;35:*.yuv=01;35:*.cgm=01;35:*.emf=01;35:*.ogv=01;35:*.ogx=01;35:*.aac=00;36:*.au=00;36:*.flac=00;36:*.m4a=00;36:*.mid=00;36:*.midi=00;36:*.mka=00;36:*.mp3=00;36:*.mpc=00;36:*.ogg=00;36:*.ra=00;36:*.wav=00;36:*.oga=00;36:*.opus=00;36:*.spx=00;36:*.xspf=00;36:'), ('ROS_DOMAIN_ID', '30'), ('AMENT_PREFIX_PATH', '/home/student/ros2_ws/install/my_robot_controller:/opt/ros/humble'), ('GAZEBO_RESOURCE_PATH', '/usr/share/gazebo-11:'), ('GAZEBO_MODEL_DATABASE_URI', 'http://models.gazebosim.org'), ('PWD', '/home/student/ros2_ws/build/turtlebot3_fake_node'), ('TURTLEBOT3_MODEL', 'burger'), ('LC_ALL', 'C.UTF-8'), ('GAZEBO_PLUGIN_PATH', '/usr/lib/x86_64-linux-gnu/gazebo-11/plugins:'), ('PYTHONPATH', '/home/student/ros2_ws/install/my_robot_controller/lib/python3.10/site-packages:/opt/ros/humble/lib/python3.10/site-packages:/opt/ros/humble/local/lib/python3.10/dist-packages'), ('COLCON', '1'), ('CMAKE_PREFIX_PATH', '/home/student/ros2_ws/install/my_robot_controller:/opt/ros/humble')]), 'shell': False}
[0.257159] (turtlebot3_gazebo) JobProgress: {'identifier': 'turtlebot3_gazebo', 'progress': 'cmake'}
[0.257422] (turtlebot3_gazebo) Command: {'cmd': ['/usr/bin/cmake', '/home/student/ros2_ws/src/turtlebot3_simulations/turtlebot3_gazebo', '-DAMENT_CMAKE_SYMLINK_INSTALL=1', '-DCMAKE_INSTALL_PREFIX=/home/student/ros2_ws/install/turtlebot3_gazebo'], 'cwd': '/home/student/ros2_ws/build/turtlebot3_gazebo', 'env': OrderedDict([('HOSTNAME', 'gregor-PC'), ('SHLVL', '1'), ('LD_LIBRARY_PATH', '/usr/lib/x86_64-linux-gnu/gazebo-11/plugins:/opt/ros/humble/opt/rviz_ogre_vendor/lib:/opt/ros/humble/lib/x86_64-linux-gnu:/opt/ros/humble/lib:/usr/lib/x86_64-linux-gnu/gazebo-11/plugins:'), ('HOME', '/home/student'), ('OLDPWD', '/home/student'), ('GAZEBO_MASTER_URI', 'http://localhost:11345'), ('ROS_PYTHON_VERSION', '3'), ('COLCON_PREFIX_PATH', '/home/student/ros2_ws/install'), ('ROS_DISTRO', 'humble'), ('_', '/usr/bin/colcon'), ('ROS_VERSION', '2'), ('TERM', 'xterm'), ('GAZEBO_MODEL_PATH', '/usr/share/gazebo-11/models:'), ('ROS_LOCALHOST_ONLY', '1'), ('QT_X11_NO_MITSHM', '1'), ('OGRE_RESOURCE_PATH', '/usr/lib/x86_64-linux-gnu/OGRE-1.9.0'), ('PATH', '/opt/ros/humble/bin:/usr/local/sbin:/usr/local/bin:/usr/sbin:/usr/bin:/sbin:/bin'), ('DISPLAY', ':0'), ('LANG', 'C.UTF-8'), ('LS_COLORS', 'rs=0:di=01;34:ln=01;36:mh=00:pi=40;33:so=01;35:do=01;35:bd=40;33;01:cd=40;33;01:or=40;31;01:mi=00:su=37;41:sg=30;43:ca=30;41:tw=30;42:ow=34;42:st=37;44:ex=01;32:*.tar=01;31:*.tgz=01;31:*.arc=01;31:*.arj=01;31:*.taz=01;31:*.lha=01;31:*.lz4=01;31:*.lzh=01;31:*.lzma=01;31:*.tlz=01;31:*.txz=01;31:*.tzo=01;31:*.t7z=01;31:*.zip=01;31:*.z=01;31:*.dz=01;31:*.gz=01;31:*.lrz=01;31:*.lz=01;31:*.lzo=01;31:*.xz=01;31:*.zst=01;31:*.tzst=01;31:*.bz2=01;31:*.bz=01;31:*.tbz=01;31:*.tbz2=01;31:*.tz=01;31:*.deb=01;31:*.rpm=01;31:*.jar=01;31:*.war=01;31:*.ear=01;31:*.sar=01;31:*.rar=01;31:*.alz=01;31:*.ace=01;31:*.zoo=01;31:*.cpio=01;31:*.7z=01;31:*.rz=01;31:*.cab=01;31:*.wim=01;31:*.swm=01;31:*.dwm=01;31:*.esd=01;31:*.jpg=01;35:*.jpeg=01;35:*.mjpg=01;35:*.mjpeg=01;35:*.gif=01;35:*.bmp=01;35:*.pbm=01;35:*.pgm=01;35:*.ppm=01;35:*.tga=01;35:*.xbm=01;35:*.xpm=01;35:*.tif=01;35:*.tiff=01;35:*.png=01;35:*.svg=01;35:*.svgz=01;35:*.mng=01;35:*.pcx=01;35:*.mov=01;35:*.mpg=01;35:*.mpeg=01;35:*.m2v=01;35:*.mkv=01;35:*.webm=01;35:*.webp=01;35:*.ogm=01;35:*.mp4=01;35:*.m4v=01;35:*.mp4v=01;35:*.vob=01;35:*.qt=01;35:*.nuv=01;35:*.wmv=01;35:*.asf=01;35:*.rm=01;35:*.rmvb=01;35:*.flc=01;35:*.avi=01;35:*.fli=01;35:*.flv=01;35:*.gl=01;35:*.dl=01;35:*.xcf=01;35:*.xwd=01;35:*.yuv=01;35:*.cgm=01;35:*.emf=01;35:*.ogv=01;35:*.ogx=01;35:*.aac=00;36:*.au=00;36:*.flac=00;36:*.m4a=00;36:*.mid=00;36:*.midi=00;36:*.mka=00;36:*.mp3=00;36:*.mpc=00;36:*.ogg=00;36:*.ra=00;36:*.wav=00;36:*.oga=00;36:*.opus=00;36:*.spx=00;36:*.xspf=00;36:'), ('ROS_DOMAIN_ID', '30'), ('AMENT_PREFIX_PATH', '/home/student/ros2_ws/install/my_robot_controller:/opt/ros/humble'), ('GAZEBO_RESOURCE_PATH', '/usr/share/gazebo-11:'), ('GAZEBO_MODEL_DATABASE_URI', 'http://models.gazebosim.org'), ('PWD', '/home/student/ros2_ws/build/turtlebot3_gazebo'), ('TURTLEBOT3_MODEL', 'burger'), ('LC_ALL', 'C.UTF-8'), ('GAZEBO_PLUGIN_PATH', '/usr/lib/x86_64-linux-gnu/gazebo-11/plugins:'), ('PYTHONPATH', '/home/student/ros2_ws/install/my_robot_controller/lib/python3.10/site-packages:/opt/ros/humble/lib/python3.10/site-packages:/opt/ros/humble/local/lib/python3.10/dist-packages'), ('COLCON', '1'), ('CMAKE_PREFIX_PATH', '/home/student/ros2_ws/install/my_robot_controller:/opt/ros/humble')]), 'shell': False}
[0.258627] (turtlebot3_manipulation_gazebo) JobProgress: {'identifier': 'turtlebot3_manipulation_gazebo', 'progress': 'cmake'}
[0.258866] (turtlebot3_manipulation_gazebo) Command: {'cmd': ['/usr/bin/cmake', '/home/student/ros2_ws/src/turtlebot3_simulations/turtlebot3_manipulation_gazebo', '-DAMENT_CMAKE_SYMLINK_INSTALL=1', '-DCMAKE_INSTALL_PREFIX=/home/student/ros2_ws/install/turtlebot3_manipulation_gazebo'], 'cwd': '/home/student/ros2_ws/build/turtlebot3_manipulation_gazebo', 'env': OrderedDict([('HOSTNAME', 'gregor-PC'), ('SHLVL', '1'), ('LD_LIBRARY_PATH', '/usr/lib/x86_64-linux-gnu/gazebo-11/plugins:/opt/ros/humble/opt/rviz_ogre_vendor/lib:/opt/ros/humble/lib/x86_64-linux-gnu:/opt/ros/humble/lib:/usr/lib/x86_64-linux-gnu/gazebo-11/plugins:'), ('HOME', '/home/student'), ('OLDPWD', '/home/student'), ('GAZEBO_MASTER_URI', 'http://localhost:11345'), ('ROS_PYTHON_VERSION', '3'), ('COLCON_PREFIX_PATH', '/home/student/ros2_ws/install'), ('ROS_DISTRO', 'humble'), ('_', '/usr/bin/colcon'), ('ROS_VERSION', '2'), ('TERM', 'xterm'), ('GAZEBO_MODEL_PATH', '/usr/share/gazebo-11/models:'), ('ROS_LOCALHOST_ONLY', '1'), ('QT_X11_NO_MITSHM', '1'), ('OGRE_RESOURCE_PATH', '/usr/lib/x86_64-linux-gnu/OGRE-1.9.0'), ('PATH', '/opt/ros/humble/bin:/usr/local/sbin:/usr/local/bin:/usr/sbin:/usr/bin:/sbin:/bin'), ('DISPLAY', ':0'), ('LANG', 'C.UTF-8'), ('LS_COLORS', 'rs=0:di=01;34:ln=01;36:mh=00:pi=40;33:so=01;35:do=01;35:bd=40;33;01:cd=40;33;01:or=40;31;01:mi=00:su=37;41:sg=30;43:ca=30;41:tw=30;42:ow=34;42:st=37;44:ex=01;32:*.tar=01;31:*.tgz=01;31:*.arc=01;31:*.arj=01;31:*.taz=01;31:*.lha=01;31:*.lz4=01;31:*.lzh=01;31:*.lzma=01;31:*.tlz=01;31:*.txz=01;31:*.tzo=01;31:*.t7z=01;31:*.zip=01;31:*.z=01;31:*.dz=01;31:*.gz=01;31:*.lrz=01;31:*.lz=01;31:*.lzo=01;31:*.xz=01;31:*.zst=01;31:*.tzst=01;31:*.bz2=01;31:*.bz=01;31:*.tbz=01;31:*.tbz2=01;31:*.tz=01;31:*.deb=01;31:*.rpm=01;31:*.jar=01;31:*.war=01;31:*.ear=01;31:*.sar=01;31:*.rar=01;31:*.alz=01;31:*.ace=01;31:*.zoo=01;31:*.cpio=01;31:*.7z=01;31:*.rz=01;31:*.cab=01;31:*.wim=01;31:*.swm=01;31:*.dwm=01;31:*.esd=01;31:*.jpg=01;35:*.jpeg=01;35:*.mjpg=01;35:*.mjpeg=01;35:*.gif=01;35:*.bmp=01;35:*.pbm=01;35:*.pgm=01;35:*.ppm=01;35:*.tga=01;35:*.xbm=01;35:*.xpm=01;35:*.tif=01;35:*.tiff=01;35:*.png=01;35:*.svg=01;35:*.svgz=01;35:*.mng=01;35:*.pcx=01;35:*.mov=01;35:*.mpg=01;35:*.mpeg=01;35:*.m2v=01;35:*.mkv=01;35:*.webm=01;35:*.webp=01;35:*.ogm=01;35:*.mp4=01;35:*.m4v=01;35:*.mp4v=01;35:*.vob=01;35:*.qt=01;35:*.nuv=01;35:*.wmv=01;35:*.asf=01;35:*.rm=01;35:*.rmvb=01;35:*.flc=01;35:*.avi=01;35:*.fli=01;35:*.flv=01;35:*.gl=01;35:*.dl=01;35:*.xcf=01;35:*.xwd=01;35:*.yuv=01;35:*.cgm=01;35:*.emf=01;35:*.ogv=01;35:*.ogx=01;35:*.aac=00;36:*.au=00;36:*.flac=00;36:*.m4a=00;36:*.mid=00;36:*.midi=00;36:*.mka=00;36:*.mp3=00;36:*.mpc=00;36:*.ogg=00;36:*.ra=00;36:*.wav=00;36:*.oga=00;36:*.opus=00;36:*.spx=00;36:*.xspf=00;36:'), ('ROS_DOMAIN_ID', '30'), ('AMENT_PREFIX_PATH', '/home/student/ros2_ws/install/my_robot_controller:/opt/ros/humble'), ('GAZEBO_RESOURCE_PATH', '/usr/share/gazebo-11:'), ('GAZEBO_MODEL_DATABASE_URI', 'http://models.gazebosim.org'), ('PWD', '/home/student/ros2_ws/build/turtlebot3_manipulation_gazebo'), ('TURTLEBOT3_MODEL', 'burger'), ('LC_ALL', 'C.UTF-8'), ('GAZEBO_PLUGIN_PATH', '/usr/lib/x86_64-linux-gnu/gazebo-11/plugins:'), ('PYTHONPATH', '/home/student/ros2_ws/install/my_robot_controller/lib/python3.10/site-packages:/opt/ros/humble/lib/python3.10/site-packages:/opt/ros/humble/local/lib/python3.10/dist-packages'), ('COLCON', '1'), ('CMAKE_PREFIX_PATH', '/home/student/ros2_ws/install/my_robot_controller:/opt/ros/humble')]), 'shell': False}
[0.260010] (turtlebot3_navigation2) JobProgress: {'identifier': 'turtlebot3_navigation2', 'progress': 'cmake'}
[0.260629] (turtlebot3_navigation2) Command: {'cmd': ['/usr/bin/cmake', '/home/student/ros2_ws/src/turtlebot3/turtlebot3_navigation2', '-DAMENT_CMAKE_SYMLINK_INSTALL=1', '-DCMAKE_INSTALL_PREFIX=/home/student/ros2_ws/install/turtlebot3_navigation2'], 'cwd': '/home/student/ros2_ws/build/turtlebot3_navigation2', 'env': OrderedDict([('HOSTNAME', 'gregor-PC'), ('SHLVL', '1'), ('LD_LIBRARY_PATH', '/usr/lib/x86_64-linux-gnu/gazebo-11/plugins:/opt/ros/humble/opt/rviz_ogre_vendor/lib:/opt/ros/humble/lib/x86_64-linux-gnu:/opt/ros/humble/lib:/usr/lib/x86_64-linux-gnu/gazebo-11/plugins:'), ('HOME', '/home/student'), ('OLDPWD', '/home/student'), ('GAZEBO_MASTER_URI', 'http://localhost:11345'), ('ROS_PYTHON_VERSION', '3'), ('COLCON_PREFIX_PATH', '/home/student/ros2_ws/install'), ('ROS_DISTRO', 'humble'), ('_', '/usr/bin/colcon'), ('ROS_VERSION', '2'), ('TERM', 'xterm'), ('GAZEBO_MODEL_PATH', '/usr/share/gazebo-11/models:'), ('ROS_LOCALHOST_ONLY', '1'), ('QT_X11_NO_MITSHM', '1'), ('OGRE_RESOURCE_PATH', '/usr/lib/x86_64-linux-gnu/OGRE-1.9.0'), ('PATH', '/opt/ros/humble/bin:/usr/local/sbin:/usr/local/bin:/usr/sbin:/usr/bin:/sbin:/bin'), ('DISPLAY', ':0'), ('LANG', 'C.UTF-8'), ('LS_COLORS', 'rs=0:di=01;34:ln=01;36:mh=00:pi=40;33:so=01;35:do=01;35:bd=40;33;01:cd=40;33;01:or=40;31;01:mi=00:su=37;41:sg=30;43:ca=30;41:tw=30;42:ow=34;42:st=37;44:ex=01;32:*.tar=01;31:*.tgz=01;31:*.arc=01;31:*.arj=01;31:*.taz=01;31:*.lha=01;31:*.lz4=01;31:*.lzh=01;31:*.lzma=01;31:*.tlz=01;31:*.txz=01;31:*.tzo=01;31:*.t7z=01;31:*.zip=01;31:*.z=01;31:*.dz=01;31:*.gz=01;31:*.lrz=01;31:*.lz=01;31:*.lzo=01;31:*.xz=01;31:*.zst=01;31:*.tzst=01;31:*.bz2=01;31:*.bz=01;31:*.tbz=01;31:*.tbz2=01;31:*.tz=01;31:*.deb=01;31:*.rpm=01;31:*.jar=01;31:*.war=01;31:*.ear=01;31:*.sar=01;31:*.rar=01;31:*.alz=01;31:*.ace=01;31:*.zoo=01;31:*.cpio=01;31:*.7z=01;31:*.rz=01;31:*.cab=01;31:*.wim=01;31:*.swm=01;31:*.dwm=01;31:*.esd=01;31:*.jpg=01;35:*.jpeg=01;35:*.mjpg=01;35:*.mjpeg=01;35:*.gif=01;35:*.bmp=01;35:*.pbm=01;35:*.pgm=01;35:*.ppm=01;35:*.tga=01;35:*.xbm=01;35:*.xpm=01;35:*.tif=01;35:*.tiff=01;35:*.png=01;35:*.svg=01;35:*.svgz=01;35:*.mng=01;35:*.pcx=01;35:*.mov=01;35:*.mpg=01;35:*.mpeg=01;35:*.m2v=01;35:*.mkv=01;35:*.webm=01;35:*.webp=01;35:*.ogm=01;35:*.mp4=01;35:*.m4v=01;35:*.mp4v=01;35:*.vob=01;35:*.qt=01;35:*.nuv=01;35:*.wmv=01;35:*.asf=01;35:*.rm=01;35:*.rmvb=01;35:*.flc=01;35:*.avi=01;35:*.fli=01;35:*.flv=01;35:*.gl=01;35:*.dl=01;35:*.xcf=01;35:*.xwd=01;35:*.yuv=01;35:*.cgm=01;35:*.emf=01;35:*.ogv=01;35:*.ogx=01;35:*.aac=00;36:*.au=00;36:*.flac=00;36:*.m4a=00;36:*.mid=00;36:*.midi=00;36:*.mka=00;36:*.mp3=00;36:*.mpc=00;36:*.ogg=00;36:*.ra=00;36:*.wav=00;36:*.oga=00;36:*.opus=00;36:*.spx=00;36:*.xspf=00;36:'), ('ROS_DOMAIN_ID', '30'), ('AMENT_PREFIX_PATH', '/home/student/ros2_ws/install/my_robot_controller:/opt/ros/humble'), ('GAZEBO_RESOURCE_PATH', '/usr/share/gazebo-11:'), ('GAZEBO_MODEL_DATABASE_URI', 'http://models.gazebosim.org'), ('PWD', '/home/student/ros2_ws/build/turtlebot3_navigation2'), ('TURTLEBOT3_MODEL', 'burger'), ('LC_ALL', 'C.UTF-8'), ('GAZEBO_PLUGIN_PATH', '/usr/lib/x86_64-linux-gnu/gazebo-11/plugins:'), ('PYTHONPATH', '/home/student/ros2_ws/install/my_robot_controller/lib/python3.10/site-packages:/opt/ros/humble/lib/python3.10/site-packages:/opt/ros/humble/local/lib/python3.10/dist-packages'), ('COLCON', '1'), ('CMAKE_PREFIX_PATH', '/home/student/ros2_ws/install/my_robot_controller:/opt/ros/humble')]), 'shell': False}
[0.299659] (-) TimerEvent: {}
[0.399938] (-) TimerEvent: {}
[0.476911] (turtlebot3_description) StdoutLine: {'line': b'-- The C compiler identification is GNU 11.4.0\n'}
[0.477863] (turtlebot3_description) StdoutLine: {'line': b'-- The CXX compiler identification is GNU 11.4.0\n'}
[0.478310] (turtlebot3_description) StdoutLine: {'line': b'-- Detecting C compiler ABI info\n'}
[0.478402] (turtlebot3_description) StdoutLine: {'line': b'-- Detecting C compiler ABI info - done\n'}
[0.478637] (turtlebot3_description) StdoutLine: {'line': b'-- Check for working C compiler: /usr/bin/cc - skipped\n'}
[0.478725] (turtlebot3_description) StdoutLine: {'line': b'-- Detecting C compile features\n'}
[0.478803] (turtlebot3_description) StdoutLine: {'line': b'-- Detecting C compile features - done\n'}
[0.478887] (turtlebot3_description) StdoutLine: {'line': b'-- Detecting CXX compiler ABI info\n'}
[0.479662] (turtlebot3_description) StdoutLine: {'line': b'-- Detecting CXX compiler ABI info - done\n'}
[0.479750] (turtlebot3_description) StdoutLine: {'line': b'-- Check for working CXX compiler: /usr/bin/c++ - skipped\n'}
[0.479835] (turtlebot3_description) StdoutLine: {'line': b'-- Detecting CXX compile features\n'}
[0.480156] (turtlebot3_description) StdoutLine: {'line': b'-- Detecting CXX compile features - done\n'}
[0.480301] (turtlebot3_description) StdoutLine: {'line': b'-- Found ament_cmake: 1.3.14 (/opt/ros/humble/share/ament_cmake/cmake)\n'}
[0.480381] (turtlebot3_node) StdoutLine: {'line': b'-- The C compiler identification is GNU 11.4.0\n'}
[0.480706] (turtlebot3_node) StdoutLine: {'line': b'-- The CXX compiler identification is GNU 11.4.0\n'}
[0.480785] (turtlebot3_node) StdoutLine: {'line': b'-- Detecting C compiler ABI info\n'}
[0.480860] (turtlebot3_node) StdoutLine: {'line': b'-- Detecting C compiler ABI info - done\n'}
[0.481132] (turtlebot3_node) StdoutLine: {'line': b'-- Check for working C compiler: /usr/bin/cc - skipped\n'}
[0.481198] (turtlebot3_node) StdoutLine: {'line': b'-- Detecting C compile features\n'}
[0.481249] (turtlebot3_node) StdoutLine: {'line': b'-- Detecting C compile features - done\n'}
[0.481296] (turtlebot3_node) StdoutLine: {'line': b'-- Detecting CXX compiler ABI info\n'}
[0.481341] (turtlebot3_node) StdoutLine: {'line': b'-- Detecting CXX compiler ABI info - done\n'}
[0.481386] (turtlebot3_node) StdoutLine: {'line': b'-- Check for working CXX compiler: /usr/bin/c++ - skipped\n'}
[0.481430] (turtlebot3_node) StdoutLine: {'line': b'-- Detecting CXX compile features\n'}
[0.481474] (turtlebot3_node) StdoutLine: {'line': b'-- Detecting CXX compile features - done\n'}
[0.481516] (turtlebot3_node) StdoutLine: {'line': b'-- Found ament_cmake: 1.3.14 (/opt/ros/humble/share/ament_cmake/cmake)\n'}
[0.481560] (turtlebot3_cartographer) StdoutLine: {'line': b'-- The C compiler identification is GNU 11.4.0\n'}
[0.481660] (turtlebot3_cartographer) StdoutLine: {'line': b'-- The CXX compiler identification is GNU 11.4.0\n'}
[0.481711] (turtlebot3_cartographer) StdoutLine: {'line': b'-- Detecting C compiler ABI info\n'}
[0.481757] (turtlebot3_cartographer) StdoutLine: {'line': b'-- Detecting C compiler ABI info - done\n'}
[0.481800] (turtlebot3_cartographer) StdoutLine: {'line': b'-- Check for working C compiler: /usr/bin/cc - skipped\n'}
[0.481843] (turtlebot3_cartographer) StdoutLine: {'line': b'-- Detecting C compile features\n'}
[0.481898] (turtlebot3_cartographer) StdoutLine: {'line': b'-- Detecting C compile features - done\n'}
[0.481949] (turtlebot3_cartographer) StdoutLine: {'line': b'-- Detecting CXX compiler ABI info\n'}
[0.481993] (turtlebot3_cartographer) StdoutLine: {'line': b'-- Detecting CXX compiler ABI info - done\n'}
[0.482036] (turtlebot3_cartographer) StdoutLine: {'line': b'-- Check for working CXX compiler: /usr/bin/c++ - skipped\n'}
[0.482080] (turtlebot3_cartographer) StdoutLine: {'line': b'-- Detecting CXX compile features\n'}
[0.482122] (turtlebot3_cartographer) StdoutLine: {'line': b'-- Detecting CXX compile features - done\n'}
[0.482167] (turtlebot3_cartographer) StdoutLine: {'line': b'-- Found ament_cmake: 1.3.14 (/opt/ros/humble/share/ament_cmake/cmake)\n'}
[0.482213] (turtlebot3_fake_node) StdoutLine: {'line': b'-- The C compiler identification is GNU 11.4.0\n'}
[0.482389] (turtlebot3_fake_node) StdoutLine: {'line': b'-- The CXX compiler identification is GNU 11.4.0\n'}
[0.482443] (turtlebot3_fake_node) StdoutLine: {'line': b'-- Detecting C compiler ABI info\n'}
[0.482489] (turtlebot3_fake_node) StdoutLine: {'line': b'-- Detecting C compiler ABI info - done\n'}
[0.482983] (turtlebot3_fake_node) StdoutLine: {'line': b'-- Check for working C compiler: /usr/bin/cc - skipped\n'}
[0.483049] (turtlebot3_fake_node) StdoutLine: {'line': b'-- Detecting C compile features\n'}
[0.483097] (turtlebot3_fake_node) StdoutLine: {'line': b'-- Detecting C compile features - done\n'}
[0.483140] (turtlebot3_fake_node) StdoutLine: {'line': b'-- Detecting CXX compiler ABI info\n'}
[0.483182] (turtlebot3_gazebo) StdoutLine: {'line': b'-- The C compiler identification is GNU 11.4.0\n'}
[0.483249] (turtlebot3_gazebo) StdoutLine: {'line': b'-- The CXX compiler identification is GNU 11.4.0\n'}
[0.483298] (turtlebot3_gazebo) StdoutLine: {'line': b'-- Detecting C compiler ABI info\n'}
[0.483346] (turtlebot3_gazebo) StdoutLine: {'line': b'-- Detecting C compiler ABI info - done\n'}
[0.483415] (turtlebot3_gazebo) StdoutLine: {'line': b'-- Check for working C compiler: /usr/bin/cc - skipped\n'}
[0.483458] (turtlebot3_gazebo) StdoutLine: {'line': b'-- Detecting C compile features\n'}
[0.483498] (turtlebot3_gazebo) StdoutLine: {'line': b'-- Detecting C compile features - done\n'}
[0.483537] (turtlebot3_gazebo) StdoutLine: {'line': b'-- Detecting CXX compiler ABI info\n'}
[0.483576] (turtlebot3_manipulation_gazebo) StdoutLine: {'line': b'-- The C compiler identification is GNU 11.4.0\n'}
[0.483636] (turtlebot3_manipulation_gazebo) StdoutLine: {'line': b'-- The CXX compiler identification is GNU 11.4.0\n'}
[0.483678] (turtlebot3_manipulation_gazebo) StdoutLine: {'line': b'-- Detecting C compiler ABI info\n'}
[0.483717] (turtlebot3_manipulation_gazebo) StdoutLine: {'line': b'-- Detecting C compiler ABI info - done\n'}
[0.483756] (turtlebot3_manipulation_gazebo) StdoutLine: {'line': b'-- Check for working C compiler: /usr/bin/cc - skipped\n'}
[0.483795] (turtlebot3_manipulation_gazebo) StdoutLine: {'line': b'-- Detecting C compile features\n'}
[0.483833] (turtlebot3_manipulation_gazebo) StdoutLine: {'line': b'-- Detecting C compile features - done\n'}
[0.483879] (turtlebot3_manipulation_gazebo) StdoutLine: {'line': b'-- Detecting CXX compiler ABI info\n'}
[0.483928] (turtlebot3_navigation2) StdoutLine: {'line': b'-- The C compiler identification is GNU 11.4.0\n'}
[0.483989] (turtlebot3_navigation2) StdoutLine: {'line': b'-- The CXX compiler identification is GNU 11.4.0\n'}
[0.484030] (turtlebot3_navigation2) StdoutLine: {'line': b'-- Detecting C compiler ABI info\n'}
[0.484068] (turtlebot3_navigation2) StdoutLine: {'line': b'-- Detecting C compiler ABI info - done\n'}
[0.484105] (turtlebot3_navigation2) StdoutLine: {'line': b'-- Check for working C compiler: /usr/bin/cc - skipped\n'}
[0.484142] (turtlebot3_navigation2) StdoutLine: {'line': b'-- Detecting C compile features\n'}
[0.484179] (turtlebot3_navigation2) StdoutLine: {'line': b'-- Detecting C compile features - done\n'}
[0.484238] (turtlebot3_navigation2) StdoutLine: {'line': b'-- Detecting CXX compiler ABI info\n'}
[0.484279] (turtlebot3_manipulation_gazebo) StdoutLine: {'line': b'-- Detecting CXX compiler ABI info - done\n'}
[0.484316] (turtlebot3_gazebo) StdoutLine: {'line': b'-- Detecting CXX compiler ABI info - done\n'}
[0.489031] (turtlebot3_manipulation_gazebo) StdoutLine: {'line': b'-- Check for working CXX compiler: /usr/bin/c++ - skipped\n'}
[0.489246] (turtlebot3_manipulation_gazebo) StdoutLine: {'line': b'-- Detecting CXX compile features\n'}
[0.489611] (turtlebot3_manipulation_gazebo) StdoutLine: {'line': b'-- Detecting CXX compile features - done\n'}
[0.490288] (turtlebot3_navigation2) StdoutLine: {'line': b'-- Detecting CXX compiler ABI info - done\n'}
[0.492949] (turtlebot3_manipulation_gazebo) StdoutLine: {'line': b'-- Found ament_cmake: 1.3.14 (/opt/ros/humble/share/ament_cmake/cmake)\n'}
[0.494640] (turtlebot3_gazebo) StdoutLine: {'line': b'-- Check for working CXX compiler: /usr/bin/c++ - skipped\n'}
[0.494799] (turtlebot3_fake_node) StdoutLine: {'line': b'-- Detecting CXX compiler ABI info - done\n'}
[0.494972] (turtlebot3_gazebo) StdoutLine: {'line': b'-- Detecting CXX compile features\n'}
[0.495550] (turtlebot3_gazebo) StdoutLine: {'line': b'-- Detecting CXX compile features - done\n'}
[0.496481] (turtlebot3_navigation2) StdoutLine: {'line': b'-- Check for working CXX compiler: /usr/bin/c++ - skipped\n'}
[0.496756] (turtlebot3_navigation2) StdoutLine: {'line': b'-- Detecting CXX compile features\n'}
[0.497234] (turtlebot3_navigation2) StdoutLine: {'line': b'-- Detecting CXX compile features - done\n'}
[0.499903] (turtlebot3_gazebo) StdoutLine: {'line': b'-- Found ament_cmake: 1.3.14 (/opt/ros/humble/share/ament_cmake/cmake)\n'}
[0.500001] (-) TimerEvent: {}
[0.500964] (turtlebot3_navigation2) StdoutLine: {'line': b'-- Found ament_cmake: 1.3.14 (/opt/ros/humble/share/ament_cmake/cmake)\n'}
[0.505491] (turtlebot3_fake_node) StdoutLine: {'line': b'-- Check for working CXX compiler: /usr/bin/c++ - skipped\n'}
[0.505814] (turtlebot3_fake_node) StdoutLine: {'line': b'-- Detecting CXX compile features\n'}
[0.506416] (turtlebot3_fake_node) StdoutLine: {'line': b'-- Detecting CXX compile features - done\n'}
[0.511228] (turtlebot3_fake_node) StdoutLine: {'line': b'-- Found ament_cmake: 1.3.14 (/opt/ros/humble/share/ament_cmake/cmake)\n'}
[0.552706] (turtlebot3_cartographer) StdoutLine: {'line': b'-- Found Python3: /usr/bin/python3 (found version "3.10.12") found components: Interpreter \n'}
[0.553783] (turtlebot3_node) StdoutLine: {'line': b'-- Found Python3: /usr/bin/python3 (found version "3.10.12") found components: Interpreter \n'}
[0.559397] (turtlebot3_description) StdoutLine: {'line': b'-- Found Python3: /usr/bin/python3 (found version "3.10.12") found components: Interpreter \n'}
[0.600084] (-) TimerEvent: {}
[0.608091] (turtlebot3_node) StdoutLine: {'line': b'-- Override CMake install command with custom implementation using symlinks instead of copying resources\n'}
[0.608244] (turtlebot3_cartographer) StdoutLine: {'line': b'-- Override CMake install command with custom implementation using symlinks instead of copying resources\n'}
[0.609279] (turtlebot3_description) StdoutLine: {'line': b'-- Override CMake install command with custom implementation using symlinks instead of copying resources\n'}
[0.614441] (turtlebot3_manipulation_gazebo) StdoutLine: {'line': b'-- Found Python3: /usr/bin/python3 (found version "3.10.12") found components: Interpreter \n'}
[0.618693] (turtlebot3_gazebo) StdoutLine: {'line': b'-- Found Python3: /usr/bin/python3 (found version "3.10.12") found components: Interpreter \n'}
[0.621614] (turtlebot3_navigation2) StdoutLine: {'line': b'-- Found Python3: /usr/bin/python3 (found version "3.10.12") found components: Interpreter \n'}
[0.633695] (turtlebot3_fake_node) StdoutLine: {'line': b'-- Found Python3: /usr/bin/python3 (found version "3.10.12") found components: Interpreter \n'}
[0.662565] (turtlebot3_node) StdoutLine: {'line': b'-- Found dynamixel_sdk: 4.0.3 (/opt/ros/humble/share/dynamixel_sdk/cmake)\n'}
[0.662698] (turtlebot3_description) StdoutLine: {'line': b'-- Found urdf: 2.6.1 (/opt/ros/humble/share/urdf/cmake)\n'}
[0.665200] (turtlebot3_manipulation_gazebo) StdoutLine: {'line': b'-- Override CMake install command with custom implementation using symlinks instead of copying resources\n'}
[0.666446] (turtlebot3_gazebo) StdoutLine: {'line': b'-- Override CMake install command with custom implementation using symlinks instead of copying resources\n'}
[0.668246] (turtlebot3_node) StdoutLine: {'line': b'-- Found geometry_msgs: 4.9.1 (/opt/ros/humble/share/geometry_msgs/cmake)\n'}
[0.672653] (turtlebot3_navigation2) StdoutLine: {'line': b'-- Override CMake install command with custom implementation using symlinks instead of copying resources\n'}
[0.681415] (turtlebot3_fake_node) StdoutLine: {'line': b'-- Override CMake install command with custom implementation using symlinks instead of copying resources\n'}
[0.700153] (-) TimerEvent: {}
[0.710193] (turtlebot3_cartographer) StdoutLine: {'line': b'-- Configuring done\n'}
[0.713009] (turtlebot3_cartographer) StdoutLine: {'line': b'-- Generating done\n'}
[0.714306] (turtlebot3_cartographer) StdoutLine: {'line': b'-- Build files have been written to: /home/student/ros2_ws/build/turtlebot3_cartographer\n'}
[0.717774] (turtlebot3_cartographer) CommandEnded: {'returncode': 0}
[0.718127] (turtlebot3_cartographer) JobProgress: {'identifier': 'turtlebot3_cartographer', 'progress': 'build'}
[0.718978] (turtlebot3_cartographer) Command: {'cmd': ['/usr/bin/cmake', '--build', '/home/student/ros2_ws/build/turtlebot3_cartographer', '--', '-j16', '-l16'], 'cwd': '/home/student/ros2_ws/build/turtlebot3_cartographer', 'env': OrderedDict([('HOSTNAME', 'gregor-PC'), ('SHLVL', '1'), ('LD_LIBRARY_PATH', '/usr/lib/x86_64-linux-gnu/gazebo-11/plugins:/opt/ros/humble/opt/rviz_ogre_vendor/lib:/opt/ros/humble/lib/x86_64-linux-gnu:/opt/ros/humble/lib:/usr/lib/x86_64-linux-gnu/gazebo-11/plugins:'), ('HOME', '/home/student'), ('OLDPWD', '/home/student'), ('GAZEBO_MASTER_URI', 'http://localhost:11345'), ('ROS_PYTHON_VERSION', '3'), ('COLCON_PREFIX_PATH', '/home/student/ros2_ws/install'), ('ROS_DISTRO', 'humble'), ('_', '/usr/bin/colcon'), ('ROS_VERSION', '2'), ('TERM', 'xterm'), ('GAZEBO_MODEL_PATH', '/usr/share/gazebo-11/models:'), ('ROS_LOCALHOST_ONLY', '1'), ('QT_X11_NO_MITSHM', '1'), ('OGRE_RESOURCE_PATH', '/usr/lib/x86_64-linux-gnu/OGRE-1.9.0'), ('PATH', '/opt/ros/humble/bin:/usr/local/sbin:/usr/local/bin:/usr/sbin:/usr/bin:/sbin:/bin'), ('DISPLAY', ':0'), ('LANG', 'C.UTF-8'), ('LS_COLORS', 'rs=0:di=01;34:ln=01;36:mh=00:pi=40;33:so=01;35:do=01;35:bd=40;33;01:cd=40;33;01:or=40;31;01:mi=00:su=37;41:sg=30;43:ca=30;41:tw=30;42:ow=34;42:st=37;44:ex=01;32:*.tar=01;31:*.tgz=01;31:*.arc=01;31:*.arj=01;31:*.taz=01;31:*.lha=01;31:*.lz4=01;31:*.lzh=01;31:*.lzma=01;31:*.tlz=01;31:*.txz=01;31:*.tzo=01;31:*.t7z=01;31:*.zip=01;31:*.z=01;31:*.dz=01;31:*.gz=01;31:*.lrz=01;31:*.lz=01;31:*.lzo=01;31:*.xz=01;31:*.zst=01;31:*.tzst=01;31:*.bz2=01;31:*.bz=01;31:*.tbz=01;31:*.tbz2=01;31:*.tz=01;31:*.deb=01;31:*.rpm=01;31:*.jar=01;31:*.war=01;31:*.ear=01;31:*.sar=01;31:*.rar=01;31:*.alz=01;31:*.ace=01;31:*.zoo=01;31:*.cpio=01;31:*.7z=01;31:*.rz=01;31:*.cab=01;31:*.wim=01;31:*.swm=01;31:*.dwm=01;31:*.esd=01;31:*.jpg=01;35:*.jpeg=01;35:*.mjpg=01;35:*.mjpeg=01;35:*.gif=01;35:*.bmp=01;35:*.pbm=01;35:*.pgm=01;35:*.ppm=01;35:*.tga=01;35:*.xbm=01;35:*.xpm=01;35:*.tif=01;35:*.tiff=01;35:*.png=01;35:*.svg=01;35:*.svgz=01;35:*.mng=01;35:*.pcx=01;35:*.mov=01;35:*.mpg=01;35:*.mpeg=01;35:*.m2v=01;35:*.mkv=01;35:*.webm=01;35:*.webp=01;35:*.ogm=01;35:*.mp4=01;35:*.m4v=01;35:*.mp4v=01;35:*.vob=01;35:*.qt=01;35:*.nuv=01;35:*.wmv=01;35:*.asf=01;35:*.rm=01;35:*.rmvb=01;35:*.flc=01;35:*.avi=01;35:*.fli=01;35:*.flv=01;35:*.gl=01;35:*.dl=01;35:*.xcf=01;35:*.xwd=01;35:*.yuv=01;35:*.cgm=01;35:*.emf=01;35:*.ogv=01;35:*.ogx=01;35:*.aac=00;36:*.au=00;36:*.flac=00;36:*.m4a=00;36:*.mid=00;36:*.midi=00;36:*.mka=00;36:*.mp3=00;36:*.mpc=00;36:*.ogg=00;36:*.ra=00;36:*.wav=00;36:*.oga=00;36:*.opus=00;36:*.spx=00;36:*.xspf=00;36:'), ('ROS_DOMAIN_ID', '30'), ('AMENT_PREFIX_PATH', '/home/student/ros2_ws/install/my_robot_controller:/opt/ros/humble'), ('GAZEBO_RESOURCE_PATH', '/usr/share/gazebo-11:'), ('GAZEBO_MODEL_DATABASE_URI', 'http://models.gazebosim.org'), ('PWD', '/home/student/ros2_ws/build/turtlebot3_cartographer'), ('TURTLEBOT3_MODEL', 'burger'), ('LC_ALL', 'C.UTF-8'), ('GAZEBO_PLUGIN_PATH', '/usr/lib/x86_64-linux-gnu/gazebo-11/plugins:'), ('PYTHONPATH', '/home/student/ros2_ws/install/my_robot_controller/lib/python3.10/site-packages:/opt/ros/humble/lib/python3.10/site-packages:/opt/ros/humble/local/lib/python3.10/dist-packages'), ('COLCON', '1'), ('CMAKE_PREFIX_PATH', '/home/student/ros2_ws/install/my_robot_controller:/opt/ros/humble')]), 'shell': False}
[0.719604] (turtlebot3_fake_node) StdoutLine: {'line': b'-- Found geometry_msgs: 4.9.1 (/opt/ros/humble/share/geometry_msgs/cmake)\n'}
[0.727680] (turtlebot3_node) StdoutLine: {'line': b'-- Found rosidl_generator_c: 3.1.8 (/opt/ros/humble/share/rosidl_generator_c/cmake)\n'}
[0.728197] (turtlebot3_gazebo) StderrLine: {'line': b'\x1b[33mCMake Warning (dev) at /usr/share/cmake-3.22/Modules/FindPackageHandleStandardArgs.cmake:438 (message):\n'}
[0.728338] (turtlebot3_gazebo) StderrLine: {'line': b'  The package name passed to `find_package_handle_standard_args` (PkgConfig)\n'}
[0.728419] (turtlebot3_gazebo) StderrLine: {'line': b'  does not match the name of the calling package (gazebo).  This can lead to\n'}
[0.728495] (turtlebot3_gazebo) StderrLine: {'line': b'  problems in calling code that expects `find_package` result variables\n'}
[0.728598] (turtlebot3_gazebo) StderrLine: {'line': b'  (e.g., `_FOUND`) to follow a certain pattern.\n'}
[0.728677] (turtlebot3_gazebo) StderrLine: {'line': b'Call Stack (most recent call first):\n'}
[0.728752] (turtlebot3_gazebo) StderrLine: {'line': b'  /usr/share/cmake-3.22/Modules/FindPkgConfig.cmake:99 (find_package_handle_standard_args)\n'}
[0.728827] (turtlebot3_gazebo) StderrLine: {'line': b'  /usr/lib/x86_64-linux-gnu/cmake/gazebo/gazebo-config.cmake:72 (include)\n'}
[0.728945] (turtlebot3_gazebo) StderrLine: {'line': b'  CMakeLists.txt:23 (find_package)\n'}
[0.729019] (turtlebot3_gazebo) StderrLine: {'line': b'This warning is for project developers.  Use -Wno-dev to suppress it.\n'}
[0.729088] (turtlebot3_gazebo) StderrLine: {'line': b'\x1b[0m\n'}
[0.729162] (turtlebot3_gazebo) StdoutLine: {'line': b'-- Found PkgConfig: /usr/bin/pkg-config (found version "0.29.2") \n'}
[0.732969] (turtlebot3_gazebo) StdoutLine: {'line': b"-- Checking for module 'bullet>=2.82'\n"}
[0.739238] (turtlebot3_node) StdoutLine: {'line': b'-- Found rosidl_adapter: 3.1.8 (/opt/ros/humble/share/rosidl_adapter/cmake)\n'}
[0.751449] (turtlebot3_gazebo) StdoutLine: {'line': b'--   Found bullet, version 3.05\n'}
[0.754122] (turtlebot3_node) StdoutLine: {'line': b'-- Found rosidl_generator_cpp: 3.1.8 (/opt/ros/humble/share/rosidl_generator_cpp/cmake)\n'}
[0.755421] (turtlebot3_cartographer) CommandEnded: {'returncode': 0}
[0.755821] (turtlebot3_cartographer) JobProgress: {'identifier': 'turtlebot3_cartographer', 'progress': 'install'}
[0.762182] (turtlebot3_fake_node) StdoutLine: {'line': b'-- Found rosidl_generator_c: 3.1.8 (/opt/ros/humble/share/rosidl_generator_c/cmake)\n'}
[0.763697] (turtlebot3_cartographer) Command: {'cmd': ['/usr/bin/cmake', '--install', '/home/student/ros2_ws/build/turtlebot3_cartographer'], 'cwd': '/home/student/ros2_ws/build/turtlebot3_cartographer', 'env': OrderedDict([('HOSTNAME', 'gregor-PC'), ('SHLVL', '1'), ('LD_LIBRARY_PATH', '/usr/lib/x86_64-linux-gnu/gazebo-11/plugins:/opt/ros/humble/opt/rviz_ogre_vendor/lib:/opt/ros/humble/lib/x86_64-linux-gnu:/opt/ros/humble/lib:/usr/lib/x86_64-linux-gnu/gazebo-11/plugins:'), ('HOME', '/home/student'), ('OLDPWD', '/home/student'), ('GAZEBO_MASTER_URI', 'http://localhost:11345'), ('ROS_PYTHON_VERSION', '3'), ('COLCON_PREFIX_PATH', '/home/student/ros2_ws/install'), ('ROS_DISTRO', 'humble'), ('_', '/usr/bin/colcon'), ('ROS_VERSION', '2'), ('TERM', 'xterm'), ('GAZEBO_MODEL_PATH', '/usr/share/gazebo-11/models:'), ('ROS_LOCALHOST_ONLY', '1'), ('QT_X11_NO_MITSHM', '1'), ('OGRE_RESOURCE_PATH', '/usr/lib/x86_64-linux-gnu/OGRE-1.9.0'), ('PATH', '/opt/ros/humble/bin:/usr/local/sbin:/usr/local/bin:/usr/sbin:/usr/bin:/sbin:/bin'), ('DISPLAY', ':0'), ('LANG', 'C.UTF-8'), ('LS_COLORS', 'rs=0:di=01;34:ln=01;36:mh=00:pi=40;33:so=01;35:do=01;35:bd=40;33;01:cd=40;33;01:or=40;31;01:mi=00:su=37;41:sg=30;43:ca=30;41:tw=30;42:ow=34;42:st=37;44:ex=01;32:*.tar=01;31:*.tgz=01;31:*.arc=01;31:*.arj=01;31:*.taz=01;31:*.lha=01;31:*.lz4=01;31:*.lzh=01;31:*.lzma=01;31:*.tlz=01;31:*.txz=01;31:*.tzo=01;31:*.t7z=01;31:*.zip=01;31:*.z=01;31:*.dz=01;31:*.gz=01;31:*.lrz=01;31:*.lz=01;31:*.lzo=01;31:*.xz=01;31:*.zst=01;31:*.tzst=01;31:*.bz2=01;31:*.bz=01;31:*.tbz=01;31:*.tbz2=01;31:*.tz=01;31:*.deb=01;31:*.rpm=01;31:*.jar=01;31:*.war=01;31:*.ear=01;31:*.sar=01;31:*.rar=01;31:*.alz=01;31:*.ace=01;31:*.zoo=01;31:*.cpio=01;31:*.7z=01;31:*.rz=01;31:*.cab=01;31:*.wim=01;31:*.swm=01;31:*.dwm=01;31:*.esd=01;31:*.jpg=01;35:*.jpeg=01;35:*.mjpg=01;35:*.mjpeg=01;35:*.gif=01;35:*.bmp=01;35:*.pbm=01;35:*.pgm=01;35:*.ppm=01;35:*.tga=01;35:*.xbm=01;35:*.xpm=01;35:*.tif=01;35:*.tiff=01;35:*.png=01;35:*.svg=01;35:*.svgz=01;35:*.mng=01;35:*.pcx=01;35:*.mov=01;35:*.mpg=01;35:*.mpeg=01;35:*.m2v=01;35:*.mkv=01;35:*.webm=01;35:*.webp=01;35:*.ogm=01;35:*.mp4=01;35:*.m4v=01;35:*.mp4v=01;35:*.vob=01;35:*.qt=01;35:*.nuv=01;35:*.wmv=01;35:*.asf=01;35:*.rm=01;35:*.rmvb=01;35:*.flc=01;35:*.avi=01;35:*.fli=01;35:*.flv=01;35:*.gl=01;35:*.dl=01;35:*.xcf=01;35:*.xwd=01;35:*.yuv=01;35:*.cgm=01;35:*.emf=01;35:*.ogv=01;35:*.ogx=01;35:*.aac=00;36:*.au=00;36:*.flac=00;36:*.m4a=00;36:*.mid=00;36:*.midi=00;36:*.mka=00;36:*.mp3=00;36:*.mpc=00;36:*.ogg=00;36:*.ra=00;36:*.wav=00;36:*.oga=00;36:*.opus=00;36:*.spx=00;36:*.xspf=00;36:'), ('ROS_DOMAIN_ID', '30'), ('AMENT_PREFIX_PATH', '/home/student/ros2_ws/install/my_robot_controller:/opt/ros/humble'), ('GAZEBO_RESOURCE_PATH', '/usr/share/gazebo-11:'), ('GAZEBO_MODEL_DATABASE_URI', 'http://models.gazebosim.org'), ('PWD', '/home/student/ros2_ws/build/turtlebot3_cartographer'), ('TURTLEBOT3_MODEL', 'burger'), ('LC_ALL', 'C.UTF-8'), ('GAZEBO_PLUGIN_PATH', '/usr/lib/x86_64-linux-gnu/gazebo-11/plugins:'), ('PYTHONPATH', '/home/student/ros2_ws/install/my_robot_controller/lib/python3.10/site-packages:/opt/ros/humble/lib/python3.10/site-packages:/opt/ros/humble/local/lib/python3.10/dist-packages'), ('COLCON', '1'), ('CMAKE_PREFIX_PATH', '/home/student/ros2_ws/install/my_robot_controller:/opt/ros/humble')]), 'shell': False}
[0.764019] (turtlebot3_manipulation_gazebo) StdoutLine: {'line': b'-- Configuring done\n'}
[0.767394] (turtlebot3_manipulation_gazebo) StdoutLine: {'line': b'-- Generating done\n'}
[0.769241] (turtlebot3_manipulation_gazebo) StdoutLine: {'line': b'-- Build files have been written to: /home/student/ros2_ws/build/turtlebot3_manipulation_gazebo\n'}
[0.770391] (turtlebot3_cartographer) StdoutLine: {'line': b'-- Install configuration: ""\n'}
[0.770910] (turtlebot3_cartographer) StdoutLine: {'line': b'-- Execute custom install script\n'}
[0.771434] (turtlebot3_fake_node) StdoutLine: {'line': b'-- Found rosidl_adapter: 3.1.8 (/opt/ros/humble/share/rosidl_adapter/cmake)\n'}
[0.771598] (turtlebot3_cartographer) StdoutLine: {'line': b'-- Symlinking: /home/student/ros2_ws/install/turtlebot3_cartographer/share/turtlebot3_cartographer/config/turtlebot3_lds_2d.lua\n'}
[0.771685] (turtlebot3_navigation2) StdoutLine: {'line': b'-- Configuring done\n'}
[0.773668] (turtlebot3_manipulation_gazebo) CommandEnded: {'returncode': 0}
[0.774019] (turtlebot3_manipulation_gazebo) JobProgress: {'identifier': 'turtlebot3_manipulation_gazebo', 'progress': 'build'}
[0.774220] (turtlebot3_manipulation_gazebo) Command: {'cmd': ['/usr/bin/cmake', '--build', '/home/student/ros2_ws/build/turtlebot3_manipulation_gazebo', '--', '-j16', '-l16'], 'cwd': '/home/student/ros2_ws/build/turtlebot3_manipulation_gazebo', 'env': OrderedDict([('HOSTNAME', 'gregor-PC'), ('SHLVL', '1'), ('LD_LIBRARY_PATH', '/usr/lib/x86_64-linux-gnu/gazebo-11/plugins:/opt/ros/humble/opt/rviz_ogre_vendor/lib:/opt/ros/humble/lib/x86_64-linux-gnu:/opt/ros/humble/lib:/usr/lib/x86_64-linux-gnu/gazebo-11/plugins:'), ('HOME', '/home/student'), ('OLDPWD', '/home/student'), ('GAZEBO_MASTER_URI', 'http://localhost:11345'), ('ROS_PYTHON_VERSION', '3'), ('COLCON_PREFIX_PATH', '/home/student/ros2_ws/install'), ('ROS_DISTRO', 'humble'), ('_', '/usr/bin/colcon'), ('ROS_VERSION', '2'), ('TERM', 'xterm'), ('GAZEBO_MODEL_PATH', '/usr/share/gazebo-11/models:'), ('ROS_LOCALHOST_ONLY', '1'), ('QT_X11_NO_MITSHM', '1'), ('OGRE_RESOURCE_PATH', '/usr/lib/x86_64-linux-gnu/OGRE-1.9.0'), ('PATH', '/opt/ros/humble/bin:/usr/local/sbin:/usr/local/bin:/usr/sbin:/usr/bin:/sbin:/bin'), ('DISPLAY', ':0'), ('LANG', 'C.UTF-8'), ('LS_COLORS', 'rs=0:di=01;34:ln=01;36:mh=00:pi=40;33:so=01;35:do=01;35:bd=40;33;01:cd=40;33;01:or=40;31;01:mi=00:su=37;41:sg=30;43:ca=30;41:tw=30;42:ow=34;42:st=37;44:ex=01;32:*.tar=01;31:*.tgz=01;31:*.arc=01;31:*.arj=01;31:*.taz=01;31:*.lha=01;31:*.lz4=01;31:*.lzh=01;31:*.lzma=01;31:*.tlz=01;31:*.txz=01;31:*.tzo=01;31:*.t7z=01;31:*.zip=01;31:*.z=01;31:*.dz=01;31:*.gz=01;31:*.lrz=01;31:*.lz=01;31:*.lzo=01;31:*.xz=01;31:*.zst=01;31:*.tzst=01;31:*.bz2=01;31:*.bz=01;31:*.tbz=01;31:*.tbz2=01;31:*.tz=01;31:*.deb=01;31:*.rpm=01;31:*.jar=01;31:*.war=01;31:*.ear=01;31:*.sar=01;31:*.rar=01;31:*.alz=01;31:*.ace=01;31:*.zoo=01;31:*.cpio=01;31:*.7z=01;31:*.rz=01;31:*.cab=01;31:*.wim=01;31:*.swm=01;31:*.dwm=01;31:*.esd=01;31:*.jpg=01;35:*.jpeg=01;35:*.mjpg=01;35:*.mjpeg=01;35:*.gif=01;35:*.bmp=01;35:*.pbm=01;35:*.pgm=01;35:*.ppm=01;35:*.tga=01;35:*.xbm=01;35:*.xpm=01;35:*.tif=01;35:*.tiff=01;35:*.png=01;35:*.svg=01;35:*.svgz=01;35:*.mng=01;35:*.pcx=01;35:*.mov=01;35:*.mpg=01;35:*.mpeg=01;35:*.m2v=01;35:*.mkv=01;35:*.webm=01;35:*.webp=01;35:*.ogm=01;35:*.mp4=01;35:*.m4v=01;35:*.mp4v=01;35:*.vob=01;35:*.qt=01;35:*.nuv=01;35:*.wmv=01;35:*.asf=01;35:*.rm=01;35:*.rmvb=01;35:*.flc=01;35:*.avi=01;35:*.fli=01;35:*.flv=01;35:*.gl=01;35:*.dl=01;35:*.xcf=01;35:*.xwd=01;35:*.yuv=01;35:*.cgm=01;35:*.emf=01;35:*.ogv=01;35:*.ogx=01;35:*.aac=00;36:*.au=00;36:*.flac=00;36:*.m4a=00;36:*.mid=00;36:*.midi=00;36:*.mka=00;36:*.mp3=00;36:*.mpc=00;36:*.ogg=00;36:*.ra=00;36:*.wav=00;36:*.oga=00;36:*.opus=00;36:*.spx=00;36:*.xspf=00;36:'), ('ROS_DOMAIN_ID', '30'), ('AMENT_PREFIX_PATH', '/home/student/ros2_ws/install/my_robot_controller:/opt/ros/humble'), ('GAZEBO_RESOURCE_PATH', '/usr/share/gazebo-11:'), ('GAZEBO_MODEL_DATABASE_URI', 'http://models.gazebosim.org'), ('PWD', '/home/student/ros2_ws/build/turtlebot3_manipulation_gazebo'), ('TURTLEBOT3_MODEL', 'burger'), ('LC_ALL', 'C.UTF-8'), ('GAZEBO_PLUGIN_PATH', '/usr/lib/x86_64-linux-gnu/gazebo-11/plugins:'), ('PYTHONPATH', '/home/student/ros2_ws/install/my_robot_controller/lib/python3.10/site-packages:/opt/ros/humble/lib/python3.10/site-packages:/opt/ros/humble/local/lib/python3.10/dist-packages'), ('COLCON', '1'), ('CMAKE_PREFIX_PATH', '/home/student/ros2_ws/install/my_robot_controller:/opt/ros/humble')]), 'shell': False}
[0.775200] (turtlebot3_navigation2) StdoutLine: {'line': b'-- Generating done\n'}
[0.775763] (turtlebot3_navigation2) StdoutLine: {'line': b'-- Build files have been written to: /home/student/ros2_ws/build/turtlebot3_navigation2\n'}
[0.776945] (turtlebot3_node) StdoutLine: {'line': b'-- Using all available rosidl_typesupport_c: rosidl_typesupport_fastrtps_c;rosidl_typesupport_introspection_c\n'}
[0.779811] (turtlebot3_navigation2) CommandEnded: {'returncode': 0}
[0.780184] (turtlebot3_navigation2) JobProgress: {'identifier': 'turtlebot3_navigation2', 'progress': 'build'}
[0.780386] (turtlebot3_navigation2) Command: {'cmd': ['/usr/bin/cmake', '--build', '/home/student/ros2_ws/build/turtlebot3_navigation2', '--', '-j16', '-l16'], 'cwd': '/home/student/ros2_ws/build/turtlebot3_navigation2', 'env': OrderedDict([('HOSTNAME', 'gregor-PC'), ('SHLVL', '1'), ('LD_LIBRARY_PATH', '/usr/lib/x86_64-linux-gnu/gazebo-11/plugins:/opt/ros/humble/opt/rviz_ogre_vendor/lib:/opt/ros/humble/lib/x86_64-linux-gnu:/opt/ros/humble/lib:/usr/lib/x86_64-linux-gnu/gazebo-11/plugins:'), ('HOME', '/home/student'), ('OLDPWD', '/home/student'), ('GAZEBO_MASTER_URI', 'http://localhost:11345'), ('ROS_PYTHON_VERSION', '3'), ('COLCON_PREFIX_PATH', '/home/student/ros2_ws/install'), ('ROS_DISTRO', 'humble'), ('_', '/usr/bin/colcon'), ('ROS_VERSION', '2'), ('TERM', 'xterm'), ('GAZEBO_MODEL_PATH', '/usr/share/gazebo-11/models:'), ('ROS_LOCALHOST_ONLY', '1'), ('QT_X11_NO_MITSHM', '1'), ('OGRE_RESOURCE_PATH', '/usr/lib/x86_64-linux-gnu/OGRE-1.9.0'), ('PATH', '/opt/ros/humble/bin:/usr/local/sbin:/usr/local/bin:/usr/sbin:/usr/bin:/sbin:/bin'), ('DISPLAY', ':0'), ('LANG', 'C.UTF-8'), ('LS_COLORS', 'rs=0:di=01;34:ln=01;36:mh=00:pi=40;33:so=01;35:do=01;35:bd=40;33;01:cd=40;33;01:or=40;31;01:mi=00:su=37;41:sg=30;43:ca=30;41:tw=30;42:ow=34;42:st=37;44:ex=01;32:*.tar=01;31:*.tgz=01;31:*.arc=01;31:*.arj=01;31:*.taz=01;31:*.lha=01;31:*.lz4=01;31:*.lzh=01;31:*.lzma=01;31:*.tlz=01;31:*.txz=01;31:*.tzo=01;31:*.t7z=01;31:*.zip=01;31:*.z=01;31:*.dz=01;31:*.gz=01;31:*.lrz=01;31:*.lz=01;31:*.lzo=01;31:*.xz=01;31:*.zst=01;31:*.tzst=01;31:*.bz2=01;31:*.bz=01;31:*.tbz=01;31:*.tbz2=01;31:*.tz=01;31:*.deb=01;31:*.rpm=01;31:*.jar=01;31:*.war=01;31:*.ear=01;31:*.sar=01;31:*.rar=01;31:*.alz=01;31:*.ace=01;31:*.zoo=01;31:*.cpio=01;31:*.7z=01;31:*.rz=01;31:*.cab=01;31:*.wim=01;31:*.swm=01;31:*.dwm=01;31:*.esd=01;31:*.jpg=01;35:*.jpeg=01;35:*.mjpg=01;35:*.mjpeg=01;35:*.gif=01;35:*.bmp=01;35:*.pbm=01;35:*.pgm=01;35:*.ppm=01;35:*.tga=01;35:*.xbm=01;35:*.xpm=01;35:*.tif=01;35:*.tiff=01;35:*.png=01;35:*.svg=01;35:*.svgz=01;35:*.mng=01;35:*.pcx=01;35:*.mov=01;35:*.mpg=01;35:*.mpeg=01;35:*.m2v=01;35:*.mkv=01;35:*.webm=01;35:*.webp=01;35:*.ogm=01;35:*.mp4=01;35:*.m4v=01;35:*.mp4v=01;35:*.vob=01;35:*.qt=01;35:*.nuv=01;35:*.wmv=01;35:*.asf=01;35:*.rm=01;35:*.rmvb=01;35:*.flc=01;35:*.avi=01;35:*.fli=01;35:*.flv=01;35:*.gl=01;35:*.dl=01;35:*.xcf=01;35:*.xwd=01;35:*.yuv=01;35:*.cgm=01;35:*.emf=01;35:*.ogv=01;35:*.ogx=01;35:*.aac=00;36:*.au=00;36:*.flac=00;36:*.m4a=00;36:*.mid=00;36:*.midi=00;36:*.mka=00;36:*.mp3=00;36:*.mpc=00;36:*.ogg=00;36:*.ra=00;36:*.wav=00;36:*.oga=00;36:*.opus=00;36:*.spx=00;36:*.xspf=00;36:'), ('ROS_DOMAIN_ID', '30'), ('AMENT_PREFIX_PATH', '/home/student/ros2_ws/install/my_robot_controller:/opt/ros/humble'), ('GAZEBO_RESOURCE_PATH', '/usr/share/gazebo-11:'), ('GAZEBO_MODEL_DATABASE_URI', 'http://models.gazebosim.org'), ('PWD', '/home/student/ros2_ws/build/turtlebot3_navigation2'), ('TURTLEBOT3_MODEL', 'burger'), ('LC_ALL', 'C.UTF-8'), ('GAZEBO_PLUGIN_PATH', '/usr/lib/x86_64-linux-gnu/gazebo-11/plugins:'), ('PYTHONPATH', '/home/student/ros2_ws/install/my_robot_controller/lib/python3.10/site-packages:/opt/ros/humble/lib/python3.10/site-packages:/opt/ros/humble/local/lib/python3.10/dist-packages'), ('COLCON', '1'), ('CMAKE_PREFIX_PATH', '/home/student/ros2_ws/install/my_robot_controller:/opt/ros/humble')]), 'shell': False}
[0.781386] (turtlebot3_fake_node) StdoutLine: {'line': b'-- Found rosidl_generator_cpp: 3.1.8 (/opt/ros/humble/share/rosidl_generator_cpp/cmake)\n'}
[0.781767] (turtlebot3_cartographer) StdoutLine: {'line': b'-- Symlinking: /home/student/ros2_ws/install/turtlebot3_cartographer/share/turtlebot3_cartographer/launch/cartographer.launch.py\n'}
[0.791504] (turtlebot3_cartographer) StdoutLine: {'line': b'-- Symlinking: /home/student/ros2_ws/install/turtlebot3_cartographer/share/turtlebot3_cartographer/launch/occupancy_grid.launch.py\n'}
[0.792924] (turtlebot3_fake_node) StdoutLine: {'line': b'-- Using all available rosidl_typesupport_c: rosidl_typesupport_fastrtps_c;rosidl_typesupport_introspection_c\n'}
[0.799447] (turtlebot3_cartographer) StdoutLine: {'line': b'-- Symlinking: /home/student/ros2_ws/install/turtlebot3_cartographer/share/turtlebot3_cartographer/rviz/tb3_cartographer.rviz\n'}
[0.800224] (-) TimerEvent: {}
[0.803144] (turtlebot3_node) StdoutLine: {'line': b'-- Using all available rosidl_typesupport_cpp: rosidl_typesupport_fastrtps_cpp;rosidl_typesupport_introspection_cpp\n'}
[0.808634] (turtlebot3_cartographer) StdoutLine: {'line': b'-- Symlinking: /home/student/ros2_ws/install/turtlebot3_cartographer/share/ament_index/resource_index/package_run_dependencies/turtlebot3_cartographer\n'}
[0.808922] (turtlebot3_description) StdoutLine: {'line': b'-- Configuring done\n'}
[0.809744] (turtlebot3_fake_node) StdoutLine: {'line': b'-- Using all available rosidl_typesupport_cpp: rosidl_typesupport_fastrtps_cpp;rosidl_typesupport_introspection_cpp\n'}
[0.812280] (turtlebot3_manipulation_gazebo) CommandEnded: {'returncode': 0}
[0.812730] (turtlebot3_manipulation_gazebo) JobProgress: {'identifier': 'turtlebot3_manipulation_gazebo', 'progress': 'install'}
[0.813317] (turtlebot3_manipulation_gazebo) Command: {'cmd': ['/usr/bin/cmake', '--install', '/home/student/ros2_ws/build/turtlebot3_manipulation_gazebo'], 'cwd': '/home/student/ros2_ws/build/turtlebot3_manipulation_gazebo', 'env': OrderedDict([('HOSTNAME', 'gregor-PC'), ('SHLVL', '1'), ('LD_LIBRARY_PATH', '/usr/lib/x86_64-linux-gnu/gazebo-11/plugins:/opt/ros/humble/opt/rviz_ogre_vendor/lib:/opt/ros/humble/lib/x86_64-linux-gnu:/opt/ros/humble/lib:/usr/lib/x86_64-linux-gnu/gazebo-11/plugins:'), ('HOME', '/home/student'), ('OLDPWD', '/home/student'), ('GAZEBO_MASTER_URI', 'http://localhost:11345'), ('ROS_PYTHON_VERSION', '3'), ('COLCON_PREFIX_PATH', '/home/student/ros2_ws/install'), ('ROS_DISTRO', 'humble'), ('_', '/usr/bin/colcon'), ('ROS_VERSION', '2'), ('TERM', 'xterm'), ('GAZEBO_MODEL_PATH', '/usr/share/gazebo-11/models:'), ('ROS_LOCALHOST_ONLY', '1'), ('QT_X11_NO_MITSHM', '1'), ('OGRE_RESOURCE_PATH', '/usr/lib/x86_64-linux-gnu/OGRE-1.9.0'), ('PATH', '/opt/ros/humble/bin:/usr/local/sbin:/usr/local/bin:/usr/sbin:/usr/bin:/sbin:/bin'), ('DISPLAY', ':0'), ('LANG', 'C.UTF-8'), ('LS_COLORS', 'rs=0:di=01;34:ln=01;36:mh=00:pi=40;33:so=01;35:do=01;35:bd=40;33;01:cd=40;33;01:or=40;31;01:mi=00:su=37;41:sg=30;43:ca=30;41:tw=30;42:ow=34;42:st=37;44:ex=01;32:*.tar=01;31:*.tgz=01;31:*.arc=01;31:*.arj=01;31:*.taz=01;31:*.lha=01;31:*.lz4=01;31:*.lzh=01;31:*.lzma=01;31:*.tlz=01;31:*.txz=01;31:*.tzo=01;31:*.t7z=01;31:*.zip=01;31:*.z=01;31:*.dz=01;31:*.gz=01;31:*.lrz=01;31:*.lz=01;31:*.lzo=01;31:*.xz=01;31:*.zst=01;31:*.tzst=01;31:*.bz2=01;31:*.bz=01;31:*.tbz=01;31:*.tbz2=01;31:*.tz=01;31:*.deb=01;31:*.rpm=01;31:*.jar=01;31:*.war=01;31:*.ear=01;31:*.sar=01;31:*.rar=01;31:*.alz=01;31:*.ace=01;31:*.zoo=01;31:*.cpio=01;31:*.7z=01;31:*.rz=01;31:*.cab=01;31:*.wim=01;31:*.swm=01;31:*.dwm=01;31:*.esd=01;31:*.jpg=01;35:*.jpeg=01;35:*.mjpg=01;35:*.mjpeg=01;35:*.gif=01;35:*.bmp=01;35:*.pbm=01;35:*.pgm=01;35:*.ppm=01;35:*.tga=01;35:*.xbm=01;35:*.xpm=01;35:*.tif=01;35:*.tiff=01;35:*.png=01;35:*.svg=01;35:*.svgz=01;35:*.mng=01;35:*.pcx=01;35:*.mov=01;35:*.mpg=01;35:*.mpeg=01;35:*.m2v=01;35:*.mkv=01;35:*.webm=01;35:*.webp=01;35:*.ogm=01;35:*.mp4=01;35:*.m4v=01;35:*.mp4v=01;35:*.vob=01;35:*.qt=01;35:*.nuv=01;35:*.wmv=01;35:*.asf=01;35:*.rm=01;35:*.rmvb=01;35:*.flc=01;35:*.avi=01;35:*.fli=01;35:*.flv=01;35:*.gl=01;35:*.dl=01;35:*.xcf=01;35:*.xwd=01;35:*.yuv=01;35:*.cgm=01;35:*.emf=01;35:*.ogv=01;35:*.ogx=01;35:*.aac=00;36:*.au=00;36:*.flac=00;36:*.m4a=00;36:*.mid=00;36:*.midi=00;36:*.mka=00;36:*.mp3=00;36:*.mpc=00;36:*.ogg=00;36:*.ra=00;36:*.wav=00;36:*.oga=00;36:*.opus=00;36:*.spx=00;36:*.xspf=00;36:'), ('ROS_DOMAIN_ID', '30'), ('AMENT_PREFIX_PATH', '/home/student/ros2_ws/install/my_robot_controller:/opt/ros/humble'), ('GAZEBO_RESOURCE_PATH', '/usr/share/gazebo-11:'), ('GAZEBO_MODEL_DATABASE_URI', 'http://models.gazebosim.org'), ('PWD', '/home/student/ros2_ws/build/turtlebot3_manipulation_gazebo'), ('TURTLEBOT3_MODEL', 'burger'), ('LC_ALL', 'C.UTF-8'), ('GAZEBO_PLUGIN_PATH', '/usr/lib/x86_64-linux-gnu/gazebo-11/plugins:'), ('PYTHONPATH', '/home/student/ros2_ws/install/my_robot_controller/lib/python3.10/site-packages:/opt/ros/humble/lib/python3.10/site-packages:/opt/ros/humble/local/lib/python3.10/dist-packages'), ('COLCON', '1'), ('CMAKE_PREFIX_PATH', '/home/student/ros2_ws/install/my_robot_controller:/opt/ros/humble')]), 'shell': False}
[0.813895] (turtlebot3_description) StdoutLine: {'line': b'-- Generating done\n'}
[0.815175] (turtlebot3_description) StdoutLine: {'line': b'-- Build files have been written to: /home/student/ros2_ws/build/turtlebot3_description\n'}
[0.816465] (turtlebot3_cartographer) StdoutLine: {'line': b'-- Symlinking: /home/student/ros2_ws/install/turtlebot3_cartographer/share/ament_index/resource_index/parent_prefix_path/turtlebot3_cartographer\n'}
[0.819172] (turtlebot3_navigation2) CommandEnded: {'returncode': 0}
[0.819562] (turtlebot3_navigation2) JobProgress: {'identifier': 'turtlebot3_navigation2', 'progress': 'install'}
[0.819834] (turtlebot3_navigation2) Command: {'cmd': ['/usr/bin/cmake', '--install', '/home/student/ros2_ws/build/turtlebot3_navigation2'], 'cwd': '/home/student/ros2_ws/build/turtlebot3_navigation2', 'env': OrderedDict([('HOSTNAME', 'gregor-PC'), ('SHLVL', '1'), ('LD_LIBRARY_PATH', '/usr/lib/x86_64-linux-gnu/gazebo-11/plugins:/opt/ros/humble/opt/rviz_ogre_vendor/lib:/opt/ros/humble/lib/x86_64-linux-gnu:/opt/ros/humble/lib:/usr/lib/x86_64-linux-gnu/gazebo-11/plugins:'), ('HOME', '/home/student'), ('OLDPWD', '/home/student'), ('GAZEBO_MASTER_URI', 'http://localhost:11345'), ('ROS_PYTHON_VERSION', '3'), ('COLCON_PREFIX_PATH', '/home/student/ros2_ws/install'), ('ROS_DISTRO', 'humble'), ('_', '/usr/bin/colcon'), ('ROS_VERSION', '2'), ('TERM', 'xterm'), ('GAZEBO_MODEL_PATH', '/usr/share/gazebo-11/models:'), ('ROS_LOCALHOST_ONLY', '1'), ('QT_X11_NO_MITSHM', '1'), ('OGRE_RESOURCE_PATH', '/usr/lib/x86_64-linux-gnu/OGRE-1.9.0'), ('PATH', '/opt/ros/humble/bin:/usr/local/sbin:/usr/local/bin:/usr/sbin:/usr/bin:/sbin:/bin'), ('DISPLAY', ':0'), ('LANG', 'C.UTF-8'), ('LS_COLORS', 'rs=0:di=01;34:ln=01;36:mh=00:pi=40;33:so=01;35:do=01;35:bd=40;33;01:cd=40;33;01:or=40;31;01:mi=00:su=37;41:sg=30;43:ca=30;41:tw=30;42:ow=34;42:st=37;44:ex=01;32:*.tar=01;31:*.tgz=01;31:*.arc=01;31:*.arj=01;31:*.taz=01;31:*.lha=01;31:*.lz4=01;31:*.lzh=01;31:*.lzma=01;31:*.tlz=01;31:*.txz=01;31:*.tzo=01;31:*.t7z=01;31:*.zip=01;31:*.z=01;31:*.dz=01;31:*.gz=01;31:*.lrz=01;31:*.lz=01;31:*.lzo=01;31:*.xz=01;31:*.zst=01;31:*.tzst=01;31:*.bz2=01;31:*.bz=01;31:*.tbz=01;31:*.tbz2=01;31:*.tz=01;31:*.deb=01;31:*.rpm=01;31:*.jar=01;31:*.war=01;31:*.ear=01;31:*.sar=01;31:*.rar=01;31:*.alz=01;31:*.ace=01;31:*.zoo=01;31:*.cpio=01;31:*.7z=01;31:*.rz=01;31:*.cab=01;31:*.wim=01;31:*.swm=01;31:*.dwm=01;31:*.esd=01;31:*.jpg=01;35:*.jpeg=01;35:*.mjpg=01;35:*.mjpeg=01;35:*.gif=01;35:*.bmp=01;35:*.pbm=01;35:*.pgm=01;35:*.ppm=01;35:*.tga=01;35:*.xbm=01;35:*.xpm=01;35:*.tif=01;35:*.tiff=01;35:*.png=01;35:*.svg=01;35:*.svgz=01;35:*.mng=01;35:*.pcx=01;35:*.mov=01;35:*.mpg=01;35:*.mpeg=01;35:*.m2v=01;35:*.mkv=01;35:*.webm=01;35:*.webp=01;35:*.ogm=01;35:*.mp4=01;35:*.m4v=01;35:*.mp4v=01;35:*.vob=01;35:*.qt=01;35:*.nuv=01;35:*.wmv=01;35:*.asf=01;35:*.rm=01;35:*.rmvb=01;35:*.flc=01;35:*.avi=01;35:*.fli=01;35:*.flv=01;35:*.gl=01;35:*.dl=01;35:*.xcf=01;35:*.xwd=01;35:*.yuv=01;35:*.cgm=01;35:*.emf=01;35:*.ogv=01;35:*.ogx=01;35:*.aac=00;36:*.au=00;36:*.flac=00;36:*.m4a=00;36:*.mid=00;36:*.midi=00;36:*.mka=00;36:*.mp3=00;36:*.mpc=00;36:*.ogg=00;36:*.ra=00;36:*.wav=00;36:*.oga=00;36:*.opus=00;36:*.spx=00;36:*.xspf=00;36:'), ('ROS_DOMAIN_ID', '30'), ('AMENT_PREFIX_PATH', '/home/student/ros2_ws/install/my_robot_controller:/opt/ros/humble'), ('GAZEBO_RESOURCE_PATH', '/usr/share/gazebo-11:'), ('GAZEBO_MODEL_DATABASE_URI', 'http://models.gazebosim.org'), ('PWD', '/home/student/ros2_ws/build/turtlebot3_navigation2'), ('TURTLEBOT3_MODEL', 'burger'), ('LC_ALL', 'C.UTF-8'), ('GAZEBO_PLUGIN_PATH', '/usr/lib/x86_64-linux-gnu/gazebo-11/plugins:'), ('PYTHONPATH', '/home/student/ros2_ws/install/my_robot_controller/lib/python3.10/site-packages:/opt/ros/humble/lib/python3.10/site-packages:/opt/ros/humble/local/lib/python3.10/dist-packages'), ('COLCON', '1'), ('CMAKE_PREFIX_PATH', '/home/student/ros2_ws/install/my_robot_controller:/opt/ros/humble')]), 'shell': False}
[0.820557] (turtlebot3_manipulation_gazebo) StdoutLine: {'line': b'-- Install configuration: ""\n'}
[0.820624] (turtlebot3_manipulation_gazebo) StdoutLine: {'line': b'-- Execute custom install script\n'}
[0.821103] (turtlebot3_manipulation_gazebo) StdoutLine: {'line': b'-- Symlinking: /home/student/ros2_ws/install/turtlebot3_manipulation_gazebo/share/turtlebot3_manipulation_gazebo/config/gazebo_controller_manager.yaml\n'}
[0.821399] (turtlebot3_description) CommandEnded: {'returncode': 0}
[0.821679] (turtlebot3_description) JobProgress: {'identifier': 'turtlebot3_description', 'progress': 'build'}
[0.821987] (turtlebot3_description) Command: {'cmd': ['/usr/bin/cmake', '--build', '/home/student/ros2_ws/build/turtlebot3_description', '--', '-j16', '-l16'], 'cwd': '/home/student/ros2_ws/build/turtlebot3_description', 'env': OrderedDict([('HOSTNAME', 'gregor-PC'), ('SHLVL', '1'), ('LD_LIBRARY_PATH', '/usr/lib/x86_64-linux-gnu/gazebo-11/plugins:/opt/ros/humble/opt/rviz_ogre_vendor/lib:/opt/ros/humble/lib/x86_64-linux-gnu:/opt/ros/humble/lib:/usr/lib/x86_64-linux-gnu/gazebo-11/plugins:'), ('HOME', '/home/student'), ('OLDPWD', '/home/student'), ('GAZEBO_MASTER_URI', 'http://localhost:11345'), ('ROS_PYTHON_VERSION', '3'), ('COLCON_PREFIX_PATH', '/home/student/ros2_ws/install'), ('ROS_DISTRO', 'humble'), ('_', '/usr/bin/colcon'), ('ROS_VERSION', '2'), ('TERM', 'xterm'), ('GAZEBO_MODEL_PATH', '/usr/share/gazebo-11/models:'), ('ROS_LOCALHOST_ONLY', '1'), ('QT_X11_NO_MITSHM', '1'), ('OGRE_RESOURCE_PATH', '/usr/lib/x86_64-linux-gnu/OGRE-1.9.0'), ('PATH', '/opt/ros/humble/bin:/usr/local/sbin:/usr/local/bin:/usr/sbin:/usr/bin:/sbin:/bin'), ('DISPLAY', ':0'), ('LANG', 'C.UTF-8'), ('LS_COLORS', 'rs=0:di=01;34:ln=01;36:mh=00:pi=40;33:so=01;35:do=01;35:bd=40;33;01:cd=40;33;01:or=40;31;01:mi=00:su=37;41:sg=30;43:ca=30;41:tw=30;42:ow=34;42:st=37;44:ex=01;32:*.tar=01;31:*.tgz=01;31:*.arc=01;31:*.arj=01;31:*.taz=01;31:*.lha=01;31:*.lz4=01;31:*.lzh=01;31:*.lzma=01;31:*.tlz=01;31:*.txz=01;31:*.tzo=01;31:*.t7z=01;31:*.zip=01;31:*.z=01;31:*.dz=01;31:*.gz=01;31:*.lrz=01;31:*.lz=01;31:*.lzo=01;31:*.xz=01;31:*.zst=01;31:*.tzst=01;31:*.bz2=01;31:*.bz=01;31:*.tbz=01;31:*.tbz2=01;31:*.tz=01;31:*.deb=01;31:*.rpm=01;31:*.jar=01;31:*.war=01;31:*.ear=01;31:*.sar=01;31:*.rar=01;31:*.alz=01;31:*.ace=01;31:*.zoo=01;31:*.cpio=01;31:*.7z=01;31:*.rz=01;31:*.cab=01;31:*.wim=01;31:*.swm=01;31:*.dwm=01;31:*.esd=01;31:*.jpg=01;35:*.jpeg=01;35:*.mjpg=01;35:*.mjpeg=01;35:*.gif=01;35:*.bmp=01;35:*.pbm=01;35:*.pgm=01;35:*.ppm=01;35:*.tga=01;35:*.xbm=01;35:*.xpm=01;35:*.tif=01;35:*.tiff=01;35:*.png=01;35:*.svg=01;35:*.svgz=01;35:*.mng=01;35:*.pcx=01;35:*.mov=01;35:*.mpg=01;35:*.mpeg=01;35:*.m2v=01;35:*.mkv=01;35:*.webm=01;35:*.webp=01;35:*.ogm=01;35:*.mp4=01;35:*.m4v=01;35:*.mp4v=01;35:*.vob=01;35:*.qt=01;35:*.nuv=01;35:*.wmv=01;35:*.asf=01;35:*.rm=01;35:*.rmvb=01;35:*.flc=01;35:*.avi=01;35:*.fli=01;35:*.flv=01;35:*.gl=01;35:*.dl=01;35:*.xcf=01;35:*.xwd=01;35:*.yuv=01;35:*.cgm=01;35:*.emf=01;35:*.ogv=01;35:*.ogx=01;35:*.aac=00;36:*.au=00;36:*.flac=00;36:*.m4a=00;36:*.mid=00;36:*.midi=00;36:*.mka=00;36:*.mp3=00;36:*.mpc=00;36:*.ogg=00;36:*.ra=00;36:*.wav=00;36:*.oga=00;36:*.opus=00;36:*.spx=00;36:*.xspf=00;36:'), ('ROS_DOMAIN_ID', '30'), ('AMENT_PREFIX_PATH', '/home/student/ros2_ws/install/my_robot_controller:/opt/ros/humble'), ('GAZEBO_RESOURCE_PATH', '/usr/share/gazebo-11:'), ('GAZEBO_MODEL_DATABASE_URI', 'http://models.gazebosim.org'), ('PWD', '/home/student/ros2_ws/build/turtlebot3_description'), ('TURTLEBOT3_MODEL', 'burger'), ('LC_ALL', 'C.UTF-8'), ('GAZEBO_PLUGIN_PATH', '/usr/lib/x86_64-linux-gnu/gazebo-11/plugins:'), ('PYTHONPATH', '/home/student/ros2_ws/install/my_robot_controller/lib/python3.10/site-packages:/opt/ros/humble/lib/python3.10/site-packages:/opt/ros/humble/local/lib/python3.10/dist-packages'), ('COLCON', '1'), ('CMAKE_PREFIX_PATH', '/home/student/ros2_ws/install/my_robot_controller:/opt/ros/humble')]), 'shell': False}
[0.824622] (turtlebot3_cartographer) StdoutLine: {'line': b'-- Symlinking: /home/student/ros2_ws/install/turtlebot3_cartographer/share/turtlebot3_cartographer/environment/ament_prefix_path.sh\n'}
[0.827147] (turtlebot3_navigation2) StdoutLine: {'line': b'-- Install configuration: ""\n'}
[0.827526] (turtlebot3_navigation2) StdoutLine: {'line': b'-- Execute custom install script\n'}
[0.828188] (turtlebot3_navigation2) StdoutLine: {'line': b'-- Symlinking: /home/student/ros2_ws/install/turtlebot3_navigation2/share/turtlebot3_navigation2/launch/navigation2.launch.py\n'}
[0.828969] (turtlebot3_manipulation_gazebo) StdoutLine: {'line': b'-- Symlinking: /home/student/ros2_ws/install/turtlebot3_manipulation_gazebo/share/turtlebot3_manipulation_gazebo/config/hardware_controller_manager.yaml\n'}
[0.833266] (turtlebot3_cartographer) StdoutLine: {'line': b'-- Symlinking: /home/student/ros2_ws/install/turtlebot3_cartographer/share/turtlebot3_cartographer/environment/ament_prefix_path.dsv\n'}
[0.836152] (turtlebot3_navigation2) StdoutLine: {'line': b'-- Symlinking: /home/student/ros2_ws/install/turtlebot3_navigation2/share/turtlebot3_navigation2/map/map.pgm\n'}
[0.836812] (turtlebot3_manipulation_gazebo) StdoutLine: {'line': b'-- Symlinking: /home/student/ros2_ws/install/turtlebot3_manipulation_gazebo/share/turtlebot3_manipulation_gazebo/gazebo/materials.xacro\n'}
[0.841386] (turtlebot3_cartographer) StdoutLine: {'line': b'-- Symlinking: /home/student/ros2_ws/install/turtlebot3_cartographer/share/turtlebot3_cartographer/environment/path.sh\n'}
[0.843710] (turtlebot3_navigation2) StdoutLine: {'line': b'-- Symlinking: /home/student/ros2_ws/install/turtlebot3_navigation2/share/turtlebot3_navigation2/map/map.yaml\n'}
[0.845329] (turtlebot3_manipulation_gazebo) StdoutLine: {'line': b'-- Symlinking: /home/student/ros2_ws/install/turtlebot3_manipulation_gazebo/share/turtlebot3_manipulation_gazebo/gazebo/open_manipulator_x.gazebo.xacro\n'}
[0.849846] (turtlebot3_cartographer) StdoutLine: {'line': b'-- Symlinking: /home/student/ros2_ws/install/turtlebot3_cartographer/share/turtlebot3_cartographer/environment/path.dsv\n'}
[0.851919] (turtlebot3_navigation2) StdoutLine: {'line': b'-- Symlinking: /home/student/ros2_ws/install/turtlebot3_navigation2/share/turtlebot3_navigation2/param/burger.yaml\n'}
[0.852853] (turtlebot3_manipulation_gazebo) StdoutLine: {'line': b'-- Symlinking: /home/student/ros2_ws/install/turtlebot3_manipulation_gazebo/share/turtlebot3_manipulation_gazebo/gazebo/turtlebot3_waffle_pi.gazebo.xacro\n'}
[0.856462] (turtlebot3_description) CommandEnded: {'returncode': 0}
[0.856924] (turtlebot3_description) JobProgress: {'identifier': 'turtlebot3_description', 'progress': 'install'}
[0.857096] (turtlebot3_description) Command: {'cmd': ['/usr/bin/cmake', '--install', '/home/student/ros2_ws/build/turtlebot3_description'], 'cwd': '/home/student/ros2_ws/build/turtlebot3_description', 'env': OrderedDict([('HOSTNAME', 'gregor-PC'), ('SHLVL', '1'), ('LD_LIBRARY_PATH', '/usr/lib/x86_64-linux-gnu/gazebo-11/plugins:/opt/ros/humble/opt/rviz_ogre_vendor/lib:/opt/ros/humble/lib/x86_64-linux-gnu:/opt/ros/humble/lib:/usr/lib/x86_64-linux-gnu/gazebo-11/plugins:'), ('HOME', '/home/student'), ('OLDPWD', '/home/student'), ('GAZEBO_MASTER_URI', 'http://localhost:11345'), ('ROS_PYTHON_VERSION', '3'), ('COLCON_PREFIX_PATH', '/home/student/ros2_ws/install'), ('ROS_DISTRO', 'humble'), ('_', '/usr/bin/colcon'), ('ROS_VERSION', '2'), ('TERM', 'xterm'), ('GAZEBO_MODEL_PATH', '/usr/share/gazebo-11/models:'), ('ROS_LOCALHOST_ONLY', '1'), ('QT_X11_NO_MITSHM', '1'), ('OGRE_RESOURCE_PATH', '/usr/lib/x86_64-linux-gnu/OGRE-1.9.0'), ('PATH', '/opt/ros/humble/bin:/usr/local/sbin:/usr/local/bin:/usr/sbin:/usr/bin:/sbin:/bin'), ('DISPLAY', ':0'), ('LANG', 'C.UTF-8'), ('LS_COLORS', 'rs=0:di=01;34:ln=01;36:mh=00:pi=40;33:so=01;35:do=01;35:bd=40;33;01:cd=40;33;01:or=40;31;01:mi=00:su=37;41:sg=30;43:ca=30;41:tw=30;42:ow=34;42:st=37;44:ex=01;32:*.tar=01;31:*.tgz=01;31:*.arc=01;31:*.arj=01;31:*.taz=01;31:*.lha=01;31:*.lz4=01;31:*.lzh=01;31:*.lzma=01;31:*.tlz=01;31:*.txz=01;31:*.tzo=01;31:*.t7z=01;31:*.zip=01;31:*.z=01;31:*.dz=01;31:*.gz=01;31:*.lrz=01;31:*.lz=01;31:*.lzo=01;31:*.xz=01;31:*.zst=01;31:*.tzst=01;31:*.bz2=01;31:*.bz=01;31:*.tbz=01;31:*.tbz2=01;31:*.tz=01;31:*.deb=01;31:*.rpm=01;31:*.jar=01;31:*.war=01;31:*.ear=01;31:*.sar=01;31:*.rar=01;31:*.alz=01;31:*.ace=01;31:*.zoo=01;31:*.cpio=01;31:*.7z=01;31:*.rz=01;31:*.cab=01;31:*.wim=01;31:*.swm=01;31:*.dwm=01;31:*.esd=01;31:*.jpg=01;35:*.jpeg=01;35:*.mjpg=01;35:*.mjpeg=01;35:*.gif=01;35:*.bmp=01;35:*.pbm=01;35:*.pgm=01;35:*.ppm=01;35:*.tga=01;35:*.xbm=01;35:*.xpm=01;35:*.tif=01;35:*.tiff=01;35:*.png=01;35:*.svg=01;35:*.svgz=01;35:*.mng=01;35:*.pcx=01;35:*.mov=01;35:*.mpg=01;35:*.mpeg=01;35:*.m2v=01;35:*.mkv=01;35:*.webm=01;35:*.webp=01;35:*.ogm=01;35:*.mp4=01;35:*.m4v=01;35:*.mp4v=01;35:*.vob=01;35:*.qt=01;35:*.nuv=01;35:*.wmv=01;35:*.asf=01;35:*.rm=01;35:*.rmvb=01;35:*.flc=01;35:*.avi=01;35:*.fli=01;35:*.flv=01;35:*.gl=01;35:*.dl=01;35:*.xcf=01;35:*.xwd=01;35:*.yuv=01;35:*.cgm=01;35:*.emf=01;35:*.ogv=01;35:*.ogx=01;35:*.aac=00;36:*.au=00;36:*.flac=00;36:*.m4a=00;36:*.mid=00;36:*.midi=00;36:*.mka=00;36:*.mp3=00;36:*.mpc=00;36:*.ogg=00;36:*.ra=00;36:*.wav=00;36:*.oga=00;36:*.opus=00;36:*.spx=00;36:*.xspf=00;36:'), ('ROS_DOMAIN_ID', '30'), ('AMENT_PREFIX_PATH', '/home/student/ros2_ws/install/my_robot_controller:/opt/ros/humble'), ('GAZEBO_RESOURCE_PATH', '/usr/share/gazebo-11:'), ('GAZEBO_MODEL_DATABASE_URI', 'http://models.gazebosim.org'), ('PWD', '/home/student/ros2_ws/build/turtlebot3_description'), ('TURTLEBOT3_MODEL', 'burger'), ('LC_ALL', 'C.UTF-8'), ('GAZEBO_PLUGIN_PATH', '/usr/lib/x86_64-linux-gnu/gazebo-11/plugins:'), ('PYTHONPATH', '/home/student/ros2_ws/install/my_robot_controller/lib/python3.10/site-packages:/opt/ros/humble/lib/python3.10/site-packages:/opt/ros/humble/local/lib/python3.10/dist-packages'), ('COLCON', '1'), ('CMAKE_PREFIX_PATH', '/home/student/ros2_ws/install/my_robot_controller:/opt/ros/humble')]), 'shell': False}
[0.858087] (turtlebot3_cartographer) StdoutLine: {'line': b'-- Symlinking: /home/student/ros2_ws/install/turtlebot3_cartographer/share/turtlebot3_cartographer/local_setup.bash\n'}
[0.858510] (turtlebot3_fake_node) StdoutLine: {'line': b'-- Found nav_msgs: 4.9.1 (/opt/ros/humble/share/nav_msgs/cmake)\n'}
[0.859865] (turtlebot3_navigation2) StdoutLine: {'line': b'-- Symlinking: /home/student/ros2_ws/install/turtlebot3_navigation2/share/turtlebot3_navigation2/param/burger_cam.yaml\n'}
[0.860798] (turtlebot3_manipulation_gazebo) StdoutLine: {'line': b'-- Symlinking: /home/student/ros2_ws/install/turtlebot3_manipulation_gazebo/share/turtlebot3_manipulation_gazebo/launch/base.launch.py\n'}
[0.862296] (turtlebot3_node) StdoutLine: {'line': b'-- Found message_filters: 4.3.15 (/opt/ros/humble/share/message_filters/cmake)\n'}
[0.863901] (turtlebot3_description) StdoutLine: {'line': b'-- Install configuration: ""\n'}
[0.864299] (turtlebot3_description) StdoutLine: {'line': b'-- Execute custom install script\n'}
[0.865208] (turtlebot3_description) StdoutLine: {'line': b'-- Symlinking: /home/student/ros2_ws/install/turtlebot3_description/share/turtlebot3_description/meshes/bases/burger_base.stl\n'}
[0.866013] (turtlebot3_cartographer) StdoutLine: {'line': b'-- Symlinking: /home/student/ros2_ws/install/turtlebot3_cartographer/share/turtlebot3_cartographer/local_setup.sh\n'}
[0.867410] (turtlebot3_navigation2) StdoutLine: {'line': b'-- Symlinking: /home/student/ros2_ws/install/turtlebot3_navigation2/share/turtlebot3_navigation2/param/humble/burger.yaml\n'}
[0.868282] (turtlebot3_manipulation_gazebo) StdoutLine: {'line': b'-- Symlinking: /home/student/ros2_ws/install/turtlebot3_manipulation_gazebo/share/turtlebot3_manipulation_gazebo/launch/fake.launch.py\n'}
[0.873445] (turtlebot3_description) StdoutLine: {'line': b'-- Symlinking: /home/student/ros2_ws/install/turtlebot3_description/share/turtlebot3_description/meshes/bases/waffle_base.stl\n'}
[0.873642] (turtlebot3_cartographer) StdoutLine: {'line': b'-- Symlinking: /home/student/ros2_ws/install/turtlebot3_cartographer/share/turtlebot3_cartographer/local_setup.zsh\n'}
[0.875009] (turtlebot3_navigation2) StdoutLine: {'line': b'-- Symlinking: /home/student/ros2_ws/install/turtlebot3_navigation2/share/turtlebot3_navigation2/param/humble/burger_cam.yaml\n'}
[0.875619] (turtlebot3_manipulation_gazebo) StdoutLine: {'line': b'-- Symlinking: /home/student/ros2_ws/install/turtlebot3_manipulation_gazebo/share/turtlebot3_manipulation_gazebo/launch/gazebo.launch.py\n'}
[0.881248] (turtlebot3_cartographer) StdoutLine: {'line': b'-- Symlinking: /home/student/ros2_ws/install/turtlebot3_cartographer/share/turtlebot3_cartographer/local_setup.dsv\n'}
[0.881358] (turtlebot3_description) StdoutLine: {'line': b'-- Symlinking: /home/student/ros2_ws/install/turtlebot3_description/share/turtlebot3_description/meshes/bases/waffle_pi_base.stl\n'}
[0.882436] (turtlebot3_navigation2) StdoutLine: {'line': b'-- Symlinking: /home/student/ros2_ws/install/turtlebot3_navigation2/share/turtlebot3_navigation2/param/humble/waffle.yaml\n'}
[0.883115] (turtlebot3_manipulation_gazebo) StdoutLine: {'line': b'-- Symlinking: /home/student/ros2_ws/install/turtlebot3_manipulation_gazebo/share/turtlebot3_manipulation_gazebo/launch/turtlebot3_home_service_challenge.launch.py\n'}
[0.888843] (turtlebot3_description) StdoutLine: {'line': b'-- Symlinking: /home/student/ros2_ws/install/turtlebot3_description/share/turtlebot3_description/meshes/sensors/astra.dae\n'}
[0.888971] (turtlebot3_fake_node) StdoutLine: {'line': b'-- Found rclcpp: 16.0.19 (/opt/ros/humble/share/rclcpp/cmake)\n'}
[0.889786] (turtlebot3_cartographer) StdoutLine: {'line': b'-- Symlinking: /home/student/ros2_ws/install/turtlebot3_cartographer/share/turtlebot3_cartographer/package.dsv\n'}
[0.890100] (turtlebot3_navigation2) StdoutLine: {'line': b'-- Symlinking: /home/student/ros2_ws/install/turtlebot3_navigation2/share/turtlebot3_navigation2/param/humble/waffle_pi.yaml\n'}
[0.890917] (turtlebot3_manipulation_gazebo) StdoutLine: {'line': b'-- Symlinking: /home/student/ros2_ws/install/turtlebot3_manipulation_gazebo/share/turtlebot3_manipulation_gazebo/ros2_control/turtlebot3_manipulation_system.ros2_control.xacro\n'}
[0.891020] (turtlebot3_gazebo) StdoutLine: {'line': b'-- Found fcl: /usr/include (found suitable version "0.7.0", minimum required is "0.5.0") \n'}
[0.896398] (turtlebot3_description) StdoutLine: {'line': b'-- Symlinking: /home/student/ros2_ws/install/turtlebot3_description/share/turtlebot3_description/meshes/sensors/astra.jpg\n'}
[0.897512] (turtlebot3_cartographer) StdoutLine: {'line': b'-- Symlinking: /home/student/ros2_ws/install/turtlebot3_cartographer/share/ament_index/resource_index/packages/turtlebot3_cartographer\n'}
[0.897616] (turtlebot3_navigation2) StdoutLine: {'line': b'-- Symlinking: /home/student/ros2_ws/install/turtlebot3_navigation2/share/turtlebot3_navigation2/param/waffle.yaml\n'}
[0.899466] (turtlebot3_manipulation_gazebo) StdoutLine: {'line': b'-- Symlinking: /home/student/ros2_ws/install/turtlebot3_manipulation_gazebo/share/turtlebot3_manipulation_gazebo/rviz/turtlebot3_manipulation.rviz\n'}
[0.900293] (-) TimerEvent: {}
[0.904981] (turtlebot3_description) StdoutLine: {'line': b'-- Symlinking: /home/student/ros2_ws/install/turtlebot3_description/share/turtlebot3_description/meshes/sensors/lds.stl\n'}
[0.905116] (turtlebot3_cartographer) StdoutLine: {'line': b'-- Symlinking: /home/student/ros2_ws/install/turtlebot3_cartographer/share/turtlebot3_cartographer/cmake/turtlebot3_cartographerConfig.cmake\n'}
[0.906053] (turtlebot3_navigation2) StdoutLine: {'line': b'-- Symlinking: /home/student/ros2_ws/install/turtlebot3_navigation2/share/turtlebot3_navigation2/param/waffle_pi.yaml\n'}
[0.907376] (turtlebot3_manipulation_gazebo) StdoutLine: {'line': b'-- Symlinking: /home/student/ros2_ws/install/turtlebot3_manipulation_gazebo/share/turtlebot3_manipulation_gazebo/urdf/open_manipulator_x.urdf.xacro\n'}
[0.912858] (turtlebot3_cartographer) StdoutLine: {'line': b'-- Symlinking: /home/student/ros2_ws/install/turtlebot3_cartographer/share/turtlebot3_cartographer/cmake/turtlebot3_cartographerConfig-version.cmake\n'}
[0.913036] (turtlebot3_description) StdoutLine: {'line': b'-- Symlinking: /home/student/ros2_ws/install/turtlebot3_description/share/turtlebot3_description/meshes/sensors/r200.dae\n'}
[0.914604] (turtlebot3_navigation2) StdoutLine: {'line': b'-- Symlinking: /home/student/ros2_ws/install/turtlebot3_navigation2/share/turtlebot3_navigation2/rviz/tb3_navigation2.rviz\n'}
[0.915422] (turtlebot3_manipulation_gazebo) StdoutLine: {'line': b'-- Symlinking: /home/student/ros2_ws/install/turtlebot3_manipulation_gazebo/share/turtlebot3_manipulation_gazebo/urdf/turtlebot3_manipulation.urdf.xacro\n'}
[0.920549] (turtlebot3_description) StdoutLine: {'line': b'-- Symlinking: /home/student/ros2_ws/install/turtlebot3_description/share/turtlebot3_description/meshes/sensors/r200.jpg\n'}
[0.920807] (turtlebot3_cartographer) StdoutLine: {'line': b'-- Symlinking: /home/student/ros2_ws/install/turtlebot3_cartographer/share/turtlebot3_cartographer/package.xml\n'}
[0.922512] (turtlebot3_navigation2) StdoutLine: {'line': b'-- Symlinking: /home/student/ros2_ws/install/turtlebot3_navigation2/share/ament_index/resource_index/package_run_dependencies/turtlebot3_navigation2\n'}
[0.923056] (turtlebot3_manipulation_gazebo) StdoutLine: {'line': b'-- Symlinking: /home/student/ros2_ws/install/turtlebot3_manipulation_gazebo/share/turtlebot3_manipulation_gazebo/urdf/turtlebot3_waffle_pi.urdf.xacro\n'}
[0.928831] (turtlebot3_description) StdoutLine: {'line': b'-- Symlinking: /home/student/ros2_ws/install/turtlebot3_description/share/turtlebot3_description/meshes/wheels/left_tire.stl\n'}
[0.930208] (turtlebot3_navigation2) StdoutLine: {'line': b'-- Symlinking: /home/student/ros2_ws/install/turtlebot3_navigation2/share/ament_index/resource_index/parent_prefix_path/turtlebot3_navigation2\n'}
[0.930789] (turtlebot3_cartographer) CommandEnded: {'returncode': 0}
[0.931882] (turtlebot3_manipulation_gazebo) StdoutLine: {'line': b'-- Symlinking: /home/student/ros2_ws/install/turtlebot3_manipulation_gazebo/share/turtlebot3_manipulation_gazebo/worlds/turtlebot3_home_service_challenge.world\n'}
[0.936860] (turtlebot3_description) StdoutLine: {'line': b'-- Symlinking: /home/student/ros2_ws/install/turtlebot3_description/share/turtlebot3_description/meshes/wheels/right_tire.stl\n'}
[0.937700] (turtlebot3_navigation2) StdoutLine: {'line': b'-- Symlinking: /home/student/ros2_ws/install/turtlebot3_navigation2/share/turtlebot3_navigation2/environment/ament_prefix_path.sh\n'}
[0.939938] (turtlebot3_gazebo) StdoutLine: {'line': b'-- Found assimp: /usr/include (found version "5.2.0") \n'}
[0.944773] (turtlebot3_description) StdoutLine: {'line': b'-- Symlinking: /home/student/ros2_ws/install/turtlebot3_description/share/turtlebot3_description/rviz/model.rviz\n'}
[0.945094] (turtlebot3_node) StdoutLine: {'line': b'-- Found rmw_implementation_cmake: 6.1.2 (/opt/ros/humble/share/rmw_implementation_cmake/cmake)\n'}
[0.945205] (turtlebot3_navigation2) StdoutLine: {'line': b'-- Symlinking: /home/student/ros2_ws/install/turtlebot3_navigation2/share/turtlebot3_navigation2/environment/ament_prefix_path.dsv\n'}
[0.949981] (turtlebot3_manipulation_gazebo) StdoutLine: {'line': b'-- Symlinking: /home/student/ros2_ws/install/turtlebot3_manipulation_gazebo/share/turtlebot3_manipulation_gazebo/models/turtlebot3_home_service_challenge/marker0/materials/textures/Marker0.png\n'}
[0.950354] (turtlebot3_cartographer) JobEnded: {'identifier': 'turtlebot3_cartographer', 'rc': 0}
[0.950655] (turtlebot3_node) StdoutLine: {'line': b'-- Found rmw_fastrtps_cpp: 6.2.10 (/opt/ros/humble/share/rmw_fastrtps_cpp/cmake)\n'}
[0.952447] (turtlebot3_fake_node) StdoutLine: {'line': b'-- Found rmw_implementation_cmake: 6.1.2 (/opt/ros/humble/share/rmw_implementation_cmake/cmake)\n'}
[0.952725] (turtlebot3_navigation2) StdoutLine: {'line': b'-- Symlinking: /home/student/ros2_ws/install/turtlebot3_navigation2/share/turtlebot3_navigation2/environment/path.sh\n'}
[0.952883] (turtlebot3_description) StdoutLine: {'line': b'-- Symlinking: /home/student/ros2_ws/install/turtlebot3_description/share/turtlebot3_description/urdf/common_properties.urdf\n'}
[0.956393] (turtlebot3_fake_node) StdoutLine: {'line': b'-- Found rmw_fastrtps_cpp: 6.2.10 (/opt/ros/humble/share/rmw_fastrtps_cpp/cmake)\n'}
[0.957726] (turtlebot3_manipulation_gazebo) StdoutLine: {'line': b'-- Symlinking: /home/student/ros2_ws/install/turtlebot3_manipulation_gazebo/share/turtlebot3_manipulation_gazebo/models/turtlebot3_home_service_challenge/marker0/meshes/Marker0.dae\n'}
[0.960366] (turtlebot3_navigation2) StdoutLine: {'line': b'-- Symlinking: /home/student/ros2_ws/install/turtlebot3_navigation2/share/turtlebot3_navigation2/environment/path.dsv\n'}
[0.960633] (turtlebot3_description) StdoutLine: {'line': b'-- Symlinking: /home/student/ros2_ws/install/turtlebot3_description/share/turtlebot3_description/urdf/turtlebot3_burger.urdf\n'}
[0.965638] (turtlebot3_manipulation_gazebo) StdoutLine: {'line': b'-- Symlinking: /home/student/ros2_ws/install/turtlebot3_manipulation_gazebo/share/turtlebot3_manipulation_gazebo/models/turtlebot3_home_service_challenge/marker0/model-1_4.sdf\n'}
[0.968158] (turtlebot3_description) StdoutLine: {'line': b'-- Symlinking: /home/student/ros2_ws/install/turtlebot3_description/share/turtlebot3_description/urdf/turtlebot3_waffle.urdf\n'}
[0.968300] (turtlebot3_navigation2) StdoutLine: {'line': b'-- Symlinking: /home/student/ros2_ws/install/turtlebot3_navigation2/share/turtlebot3_navigation2/local_setup.bash\n'}
[0.973294] (turtlebot3_manipulation_gazebo) StdoutLine: {'line': b'-- Symlinking: /home/student/ros2_ws/install/turtlebot3_manipulation_gazebo/share/turtlebot3_manipulation_gazebo/models/turtlebot3_home_service_challenge/marker0/model-1_5.sdf\n'}
[0.975867] (turtlebot3_description) StdoutLine: {'line': b'-- Symlinking: /home/student/ros2_ws/install/turtlebot3_description/share/turtlebot3_description/urdf/turtlebot3_waffle_pi.urdf\n'}
[0.977342] (turtlebot3_navigation2) StdoutLine: {'line': b'-- Symlinking: /home/student/ros2_ws/install/turtlebot3_navigation2/share/turtlebot3_navigation2/local_setup.sh\n'}
[0.981163] (turtlebot3_manipulation_gazebo) StdoutLine: {'line': b'-- Symlinking: /home/student/ros2_ws/install/turtlebot3_manipulation_gazebo/share/turtlebot3_manipulation_gazebo/models/turtlebot3_home_service_challenge/marker0/model.config\n'}
[0.983845] (turtlebot3_description) StdoutLine: {'line': b'-- Symlinking: /home/student/ros2_ws/install/turtlebot3_description/share/ament_index/resource_index/package_run_dependencies/turtlebot3_description\n'}
[0.985603] (turtlebot3_navigation2) StdoutLine: {'line': b'-- Symlinking: /home/student/ros2_ws/install/turtlebot3_navigation2/share/turtlebot3_navigation2/local_setup.zsh\n'}
[0.987028] (turtlebot3_gazebo) StdoutLine: {'line': b'-- Found DART: /usr/include (Required is at least version "6.6") found components: dart \n'}
[0.988933] (turtlebot3_manipulation_gazebo) StdoutLine: {'line': b'-- Symlinking: /home/student/ros2_ws/install/turtlebot3_manipulation_gazebo/share/turtlebot3_manipulation_gazebo/models/turtlebot3_home_service_challenge/marker0/model.sdf\n'}
[0.991565] (turtlebot3_description) StdoutLine: {'line': b'-- Symlinking: /home/student/ros2_ws/install/turtlebot3_description/share/ament_index/resource_index/parent_prefix_path/turtlebot3_description\n'}
[0.992865] (turtlebot3_navigation2) StdoutLine: {'line': b'-- Symlinking: /home/student/ros2_ws/install/turtlebot3_navigation2/share/turtlebot3_navigation2/local_setup.dsv\n'}
[0.996877] (turtlebot3_manipulation_gazebo) StdoutLine: {'line': b'-- Symlinking: /home/student/ros2_ws/install/turtlebot3_manipulation_gazebo/share/turtlebot3_manipulation_gazebo/models/turtlebot3_home_service_challenge/marker1/materials/textures/Marker1.png\n'}
[0.999334] (turtlebot3_description) StdoutLine: {'line': b'-- Symlinking: /home/student/ros2_ws/install/turtlebot3_description/share/turtlebot3_description/environment/ament_prefix_path.sh\n'}
[1.000349] (turtlebot3_navigation2) StdoutLine: {'line': b'-- Symlinking: /home/student/ros2_ws/install/turtlebot3_navigation2/share/turtlebot3_navigation2/package.dsv\n'}
[1.000420] (-) TimerEvent: {}
[1.004745] (turtlebot3_manipulation_gazebo) StdoutLine: {'line': b'-- Symlinking: /home/student/ros2_ws/install/turtlebot3_manipulation_gazebo/share/turtlebot3_manipulation_gazebo/models/turtlebot3_home_service_challenge/marker1/meshes/Marker1.dae\n'}
[1.007275] (turtlebot3_description) StdoutLine: {'line': b'-- Symlinking: /home/student/ros2_ws/install/turtlebot3_description/share/turtlebot3_description/environment/ament_prefix_path.dsv\n'}
[1.007745] (turtlebot3_navigation2) StdoutLine: {'line': b'-- Symlinking: /home/student/ros2_ws/install/turtlebot3_navigation2/share/ament_index/resource_index/packages/turtlebot3_navigation2\n'}
[1.013086] (turtlebot3_manipulation_gazebo) StdoutLine: {'line': b'-- Symlinking: /home/student/ros2_ws/install/turtlebot3_manipulation_gazebo/share/turtlebot3_manipulation_gazebo/models/turtlebot3_home_service_challenge/marker1/model-1_4.sdf\n'}
[1.014867] (turtlebot3_description) StdoutLine: {'line': b'-- Symlinking: /home/student/ros2_ws/install/turtlebot3_description/share/turtlebot3_description/environment/path.sh\n'}
[1.015113] (turtlebot3_navigation2) StdoutLine: {'line': b'-- Symlinking: /home/student/ros2_ws/install/turtlebot3_navigation2/share/turtlebot3_navigation2/cmake/turtlebot3_navigation2Config.cmake\n'}
[1.020990] (turtlebot3_manipulation_gazebo) StdoutLine: {'line': b'-- Symlinking: /home/student/ros2_ws/install/turtlebot3_manipulation_gazebo/share/turtlebot3_manipulation_gazebo/models/turtlebot3_home_service_challenge/marker1/model-1_5.sdf\n'}
[1.022247] (turtlebot3_description) StdoutLine: {'line': b'-- Symlinking: /home/student/ros2_ws/install/turtlebot3_description/share/turtlebot3_description/environment/path.dsv\n'}
[1.022496] (turtlebot3_navigation2) StdoutLine: {'line': b'-- Symlinking: /home/student/ros2_ws/install/turtlebot3_navigation2/share/turtlebot3_navigation2/cmake/turtlebot3_navigation2Config-version.cmake\n'}
[1.029082] (turtlebot3_manipulation_gazebo) StdoutLine: {'line': b'-- Symlinking: /home/student/ros2_ws/install/turtlebot3_manipulation_gazebo/share/turtlebot3_manipulation_gazebo/models/turtlebot3_home_service_challenge/marker1/model.config\n'}
[1.029967] (turtlebot3_description) StdoutLine: {'line': b'-- Symlinking: /home/student/ros2_ws/install/turtlebot3_description/share/turtlebot3_description/local_setup.bash\n'}
[1.030722] (turtlebot3_navigation2) StdoutLine: {'line': b'-- Symlinking: /home/student/ros2_ws/install/turtlebot3_navigation2/share/turtlebot3_navigation2/package.xml\n'}
[1.037084] (turtlebot3_manipulation_gazebo) StdoutLine: {'line': b'-- Symlinking: /home/student/ros2_ws/install/turtlebot3_manipulation_gazebo/share/turtlebot3_manipulation_gazebo/models/turtlebot3_home_service_challenge/marker1/model.sdf\n'}
[1.037931] (turtlebot3_description) StdoutLine: {'line': b'-- Symlinking: /home/student/ros2_ws/install/turtlebot3_description/share/turtlebot3_description/local_setup.sh\n'}
[1.039570] (turtlebot3_navigation2) CommandEnded: {'returncode': 0}
[1.045476] (turtlebot3_description) StdoutLine: {'line': b'-- Symlinking: /home/student/ros2_ws/install/turtlebot3_description/share/turtlebot3_description/local_setup.zsh\n'}
[1.046916] (turtlebot3_manipulation_gazebo) StdoutLine: {'line': b'-- Symlinking: /home/student/ros2_ws/install/turtlebot3_manipulation_gazebo/share/turtlebot3_manipulation_gazebo/models/turtlebot3_home_service_challenge/marker2/materials/textures/Marker2.png\n'}
[1.051026] (turtlebot3_navigation2) JobEnded: {'identifier': 'turtlebot3_navigation2', 'rc': 0}
[1.052886] (turtlebot3_description) StdoutLine: {'line': b'-- Symlinking: /home/student/ros2_ws/install/turtlebot3_description/share/turtlebot3_description/local_setup.dsv\n'}
[1.054636] (turtlebot3_manipulation_gazebo) StdoutLine: {'line': b'-- Symlinking: /home/student/ros2_ws/install/turtlebot3_manipulation_gazebo/share/turtlebot3_manipulation_gazebo/models/turtlebot3_home_service_challenge/marker2/meshes/Marker2.dae\n'}
[1.058171] (turtlebot3_fake_node) StdoutLine: {'line': b'-- Found OpenSSL: /usr/lib/x86_64-linux-gnu/libcrypto.so (found version "3.0.2")  \n'}
[1.058282] (turtlebot3_node) StdoutLine: {'line': b'-- Found OpenSSL: /usr/lib/x86_64-linux-gnu/libcrypto.so (found version "3.0.2")  \n'}
[1.060292] (turtlebot3_description) StdoutLine: {'line': b'-- Symlinking: /home/student/ros2_ws/install/turtlebot3_description/share/turtlebot3_description/package.dsv\n'}
[1.062325] (turtlebot3_manipulation_gazebo) StdoutLine: {'line': b'-- Symlinking: /home/student/ros2_ws/install/turtlebot3_manipulation_gazebo/share/turtlebot3_manipulation_gazebo/models/turtlebot3_home_service_challenge/marker2/model-1_4.sdf\n'}
[1.067690] (turtlebot3_description) StdoutLine: {'line': b'-- Symlinking: /home/student/ros2_ws/install/turtlebot3_description/share/ament_index/resource_index/packages/turtlebot3_description\n'}
[1.070044] (turtlebot3_manipulation_gazebo) StdoutLine: {'line': b'-- Symlinking: /home/student/ros2_ws/install/turtlebot3_manipulation_gazebo/share/turtlebot3_manipulation_gazebo/models/turtlebot3_home_service_challenge/marker2/model-1_5.sdf\n'}
[1.075177] (turtlebot3_description) StdoutLine: {'line': b'-- Symlinking: /home/student/ros2_ws/install/turtlebot3_description/share/turtlebot3_description/cmake/turtlebot3_descriptionConfig.cmake\n'}
[1.077739] (turtlebot3_manipulation_gazebo) StdoutLine: {'line': b'-- Symlinking: /home/student/ros2_ws/install/turtlebot3_manipulation_gazebo/share/turtlebot3_manipulation_gazebo/models/turtlebot3_home_service_challenge/marker2/model.config\n'}
[1.083304] (turtlebot3_description) StdoutLine: {'line': b'-- Symlinking: /home/student/ros2_ws/install/turtlebot3_description/share/turtlebot3_description/cmake/turtlebot3_descriptionConfig-version.cmake\n'}
[1.085496] (turtlebot3_manipulation_gazebo) StdoutLine: {'line': b'-- Symlinking: /home/student/ros2_ws/install/turtlebot3_manipulation_gazebo/share/turtlebot3_manipulation_gazebo/models/turtlebot3_home_service_challenge/marker2/model.sdf\n'}
[1.089313] (turtlebot3_fake_node) StdoutLine: {'line': b'-- Found FastRTPS: /opt/ros/humble/include  \n'}
[1.089561] (turtlebot3_node) StdoutLine: {'line': b'-- Found FastRTPS: /opt/ros/humble/include  \n'}
[1.090766] (turtlebot3_description) StdoutLine: {'line': b'-- Symlinking: /home/student/ros2_ws/install/turtlebot3_description/share/turtlebot3_description/package.xml\n'}
[1.093416] (turtlebot3_manipulation_gazebo) StdoutLine: {'line': b'-- Symlinking: /home/student/ros2_ws/install/turtlebot3_manipulation_gazebo/share/turtlebot3_manipulation_gazebo/models/turtlebot3_home_service_challenge/marker3/materials/textures/Marker3.png\n'}
[1.099511] (turtlebot3_description) CommandEnded: {'returncode': 0}
[1.100487] (-) TimerEvent: {}
[1.101015] (turtlebot3_manipulation_gazebo) StdoutLine: {'line': b'-- Symlinking: /home/student/ros2_ws/install/turtlebot3_manipulation_gazebo/share/turtlebot3_manipulation_gazebo/models/turtlebot3_home_service_challenge/marker3/meshes/Marker3.dae\n'}
[1.108600] (turtlebot3_manipulation_gazebo) StdoutLine: {'line': b'-- Symlinking: /home/student/ros2_ws/install/turtlebot3_manipulation_gazebo/share/turtlebot3_manipulation_gazebo/models/turtlebot3_home_service_challenge/marker3/model-1_4.sdf\n'}
[1.112711] (turtlebot3_description) JobEnded: {'identifier': 'turtlebot3_description', 'rc': 0}
[1.116331] (turtlebot3_manipulation_gazebo) StdoutLine: {'line': b'-- Symlinking: /home/student/ros2_ws/install/turtlebot3_manipulation_gazebo/share/turtlebot3_manipulation_gazebo/models/turtlebot3_home_service_challenge/marker3/model-1_5.sdf\n'}
[1.123776] (turtlebot3_manipulation_gazebo) StdoutLine: {'line': b'-- Symlinking: /home/student/ros2_ws/install/turtlebot3_manipulation_gazebo/share/turtlebot3_manipulation_gazebo/models/turtlebot3_home_service_challenge/marker3/model.config\n'}
[1.131553] (turtlebot3_manipulation_gazebo) StdoutLine: {'line': b'-- Symlinking: /home/student/ros2_ws/install/turtlebot3_manipulation_gazebo/share/turtlebot3_manipulation_gazebo/models/turtlebot3_home_service_challenge/marker3/model.sdf\n'}
[1.139411] (turtlebot3_manipulation_gazebo) StdoutLine: {'line': b'-- Symlinking: /home/student/ros2_ws/install/turtlebot3_manipulation_gazebo/share/turtlebot3_manipulation_gazebo/models/turtlebot3_home_service_challenge/marker4/materials/textures/Marker4.png\n'}
[1.139885] (turtlebot3_fake_node) StdoutLine: {'line': b"-- Using RMW implementation 'rmw_fastrtps_cpp' as default\n"}
[1.140177] (turtlebot3_node) StdoutLine: {'line': b"-- Using RMW implementation 'rmw_fastrtps_cpp' as default\n"}
[1.147278] (turtlebot3_example) Command: {'cmd': ['/usr/bin/python3', '-W', 'ignore:setup.py install is deprecated', '-W', 'ignore:easy_install command is deprecated', 'setup.py', 'develop', '--editable', '--build-directory', '/home/student/ros2_ws/build/turtlebot3_example/build', '--no-deps', 'symlink_data'], 'cwd': '/home/student/ros2_ws/build/turtlebot3_example', 'env': {'HOSTNAME': 'gregor-PC', 'SHLVL': '1', 'LD_LIBRARY_PATH': '/usr/lib/x86_64-linux-gnu/gazebo-11/plugins:/opt/ros/humble/opt/rviz_ogre_vendor/lib:/opt/ros/humble/lib/x86_64-linux-gnu:/opt/ros/humble/lib:/usr/lib/x86_64-linux-gnu/gazebo-11/plugins:', 'HOME': '/home/student', 'OLDPWD': '/home/student', 'GAZEBO_MASTER_URI': 'http://localhost:11345', 'ROS_PYTHON_VERSION': '3', 'COLCON_PREFIX_PATH': '/home/student/ros2_ws/install', 'ROS_DISTRO': 'humble', '_': '/usr/bin/colcon', 'ROS_VERSION': '2', 'TERM': 'xterm', 'GAZEBO_MODEL_PATH': '/usr/share/gazebo-11/models:', 'ROS_LOCALHOST_ONLY': '1', 'QT_X11_NO_MITSHM': '1', 'OGRE_RESOURCE_PATH': '/usr/lib/x86_64-linux-gnu/OGRE-1.9.0', 'PATH': '/opt/ros/humble/bin:/usr/local/sbin:/usr/local/bin:/usr/sbin:/usr/bin:/sbin:/bin', 'DISPLAY': ':0', 'LANG': 'C.UTF-8', 'LS_COLORS': 'rs=0:di=01;34:ln=01;36:mh=00:pi=40;33:so=01;35:do=01;35:bd=40;33;01:cd=40;33;01:or=40;31;01:mi=00:su=37;41:sg=30;43:ca=30;41:tw=30;42:ow=34;42:st=37;44:ex=01;32:*.tar=01;31:*.tgz=01;31:*.arc=01;31:*.arj=01;31:*.taz=01;31:*.lha=01;31:*.lz4=01;31:*.lzh=01;31:*.lzma=01;31:*.tlz=01;31:*.txz=01;31:*.tzo=01;31:*.t7z=01;31:*.zip=01;31:*.z=01;31:*.dz=01;31:*.gz=01;31:*.lrz=01;31:*.lz=01;31:*.lzo=01;31:*.xz=01;31:*.zst=01;31:*.tzst=01;31:*.bz2=01;31:*.bz=01;31:*.tbz=01;31:*.tbz2=01;31:*.tz=01;31:*.deb=01;31:*.rpm=01;31:*.jar=01;31:*.war=01;31:*.ear=01;31:*.sar=01;31:*.rar=01;31:*.alz=01;31:*.ace=01;31:*.zoo=01;31:*.cpio=01;31:*.7z=01;31:*.rz=01;31:*.cab=01;31:*.wim=01;31:*.swm=01;31:*.dwm=01;31:*.esd=01;31:*.jpg=01;35:*.jpeg=01;35:*.mjpg=01;35:*.mjpeg=01;35:*.gif=01;35:*.bmp=01;35:*.pbm=01;35:*.pgm=01;35:*.ppm=01;35:*.tga=01;35:*.xbm=01;35:*.xpm=01;35:*.tif=01;35:*.tiff=01;35:*.png=01;35:*.svg=01;35:*.svgz=01;35:*.mng=01;35:*.pcx=01;35:*.mov=01;35:*.mpg=01;35:*.mpeg=01;35:*.m2v=01;35:*.mkv=01;35:*.webm=01;35:*.webp=01;35:*.ogm=01;35:*.mp4=01;35:*.m4v=01;35:*.mp4v=01;35:*.vob=01;35:*.qt=01;35:*.nuv=01;35:*.wmv=01;35:*.asf=01;35:*.rm=01;35:*.rmvb=01;35:*.flc=01;35:*.avi=01;35:*.fli=01;35:*.flv=01;35:*.gl=01;35:*.dl=01;35:*.xcf=01;35:*.xwd=01;35:*.yuv=01;35:*.cgm=01;35:*.emf=01;35:*.ogv=01;35:*.ogx=01;35:*.aac=00;36:*.au=00;36:*.flac=00;36:*.m4a=00;36:*.mid=00;36:*.midi=00;36:*.mka=00;36:*.mp3=00;36:*.mpc=00;36:*.ogg=00;36:*.ra=00;36:*.wav=00;36:*.oga=00;36:*.opus=00;36:*.spx=00;36:*.xspf=00;36:', 'ROS_DOMAIN_ID': '30', 'AMENT_PREFIX_PATH': '/home/student/ros2_ws/install/my_robot_controller:/opt/ros/humble', 'GAZEBO_RESOURCE_PATH': '/usr/share/gazebo-11:', 'GAZEBO_MODEL_DATABASE_URI': 'http://models.gazebosim.org', 'PWD': '/home/student/ros2_ws/build/turtlebot3_example', 'TURTLEBOT3_MODEL': 'burger', 'LC_ALL': 'C.UTF-8', 'GAZEBO_PLUGIN_PATH': '/usr/lib/x86_64-linux-gnu/gazebo-11/plugins:', 'PYTHONPATH': '/home/student/ros2_ws/build/turtlebot3_example/prefix_override:/usr/lib/python3/dist-packages/colcon_core/task/python/colcon_distutils_commands:/home/student/ros2_ws/install/turtlebot3_example/lib/python3.10/site-packages:/home/student/ros2_ws/install/my_robot_controller/lib/python3.10/site-packages:/opt/ros/humble/lib/python3.10/site-packages:/opt/ros/humble/local/lib/python3.10/dist-packages', 'COLCON': '1'}, 'shell': False}
[1.148452] (turtlebot3_manipulation_gazebo) StdoutLine: {'line': b'-- Symlinking: /home/student/ros2_ws/install/turtlebot3_manipulation_gazebo/share/turtlebot3_manipulation_gazebo/models/turtlebot3_home_service_challenge/marker4/meshes/Marker4.dae\n'}
[1.153357] (turtlebot3_fake_node) StdoutLine: {'line': b'-- Looking for pthread.h\n'}
[1.153528] (turtlebot3_node) StdoutLine: {'line': b'-- Looking for pthread.h\n'}
[1.154709] (turtlebot3_manipulation_gazebo) StdoutLine: {'line': b'-- Symlinking: /home/student/ros2_ws/install/turtlebot3_manipulation_gazebo/share/turtlebot3_manipulation_gazebo/models/turtlebot3_home_service_challenge/marker4/model-1_4.sdf\n'}
[1.157607] (my_robot_controller) Command: {'cmd': ['/usr/bin/python3', '-W', 'ignore:setup.py install is deprecated', '-W', 'ignore:easy_install command is deprecated', 'setup.py', 'develop', '--editable', '--build-directory', '/home/student/ros2_ws/build/my_robot_controller/build', '--no-deps', 'symlink_data', '--force'], 'cwd': '/home/student/ros2_ws/build/my_robot_controller', 'env': {'HOSTNAME': 'gregor-PC', 'SHLVL': '1', 'LD_LIBRARY_PATH': '/usr/lib/x86_64-linux-gnu/gazebo-11/plugins:/opt/ros/humble/opt/rviz_ogre_vendor/lib:/opt/ros/humble/lib/x86_64-linux-gnu:/opt/ros/humble/lib:/usr/lib/x86_64-linux-gnu/gazebo-11/plugins:', 'HOME': '/home/student', 'OLDPWD': '/home/student', 'GAZEBO_MASTER_URI': 'http://localhost:11345', 'ROS_PYTHON_VERSION': '3', 'COLCON_PREFIX_PATH': '/home/student/ros2_ws/install', 'ROS_DISTRO': 'humble', '_': '/usr/bin/colcon', 'ROS_VERSION': '2', 'TERM': 'xterm', 'GAZEBO_MODEL_PATH': '/usr/share/gazebo-11/models:', 'ROS_LOCALHOST_ONLY': '1', 'QT_X11_NO_MITSHM': '1', 'OGRE_RESOURCE_PATH': '/usr/lib/x86_64-linux-gnu/OGRE-1.9.0', 'PATH': '/opt/ros/humble/bin:/usr/local/sbin:/usr/local/bin:/usr/sbin:/usr/bin:/sbin:/bin', 'DISPLAY': ':0', 'LANG': 'C.UTF-8', 'LS_COLORS': 'rs=0:di=01;34:ln=01;36:mh=00:pi=40;33:so=01;35:do=01;35:bd=40;33;01:cd=40;33;01:or=40;31;01:mi=00:su=37;41:sg=30;43:ca=30;41:tw=30;42:ow=34;42:st=37;44:ex=01;32:*.tar=01;31:*.tgz=01;31:*.arc=01;31:*.arj=01;31:*.taz=01;31:*.lha=01;31:*.lz4=01;31:*.lzh=01;31:*.lzma=01;31:*.tlz=01;31:*.txz=01;31:*.tzo=01;31:*.t7z=01;31:*.zip=01;31:*.z=01;31:*.dz=01;31:*.gz=01;31:*.lrz=01;31:*.lz=01;31:*.lzo=01;31:*.xz=01;31:*.zst=01;31:*.tzst=01;31:*.bz2=01;31:*.bz=01;31:*.tbz=01;31:*.tbz2=01;31:*.tz=01;31:*.deb=01;31:*.rpm=01;31:*.jar=01;31:*.war=01;31:*.ear=01;31:*.sar=01;31:*.rar=01;31:*.alz=01;31:*.ace=01;31:*.zoo=01;31:*.cpio=01;31:*.7z=01;31:*.rz=01;31:*.cab=01;31:*.wim=01;31:*.swm=01;31:*.dwm=01;31:*.esd=01;31:*.jpg=01;35:*.jpeg=01;35:*.mjpg=01;35:*.mjpeg=01;35:*.gif=01;35:*.bmp=01;35:*.pbm=01;35:*.pgm=01;35:*.ppm=01;35:*.tga=01;35:*.xbm=01;35:*.xpm=01;35:*.tif=01;35:*.tiff=01;35:*.png=01;35:*.svg=01;35:*.svgz=01;35:*.mng=01;35:*.pcx=01;35:*.mov=01;35:*.mpg=01;35:*.mpeg=01;35:*.m2v=01;35:*.mkv=01;35:*.webm=01;35:*.webp=01;35:*.ogm=01;35:*.mp4=01;35:*.m4v=01;35:*.mp4v=01;35:*.vob=01;35:*.qt=01;35:*.nuv=01;35:*.wmv=01;35:*.asf=01;35:*.rm=01;35:*.rmvb=01;35:*.flc=01;35:*.avi=01;35:*.fli=01;35:*.flv=01;35:*.gl=01;35:*.dl=01;35:*.xcf=01;35:*.xwd=01;35:*.yuv=01;35:*.cgm=01;35:*.emf=01;35:*.ogv=01;35:*.ogx=01;35:*.aac=00;36:*.au=00;36:*.flac=00;36:*.m4a=00;36:*.mid=00;36:*.midi=00;36:*.mka=00;36:*.mp3=00;36:*.mpc=00;36:*.ogg=00;36:*.ra=00;36:*.wav=00;36:*.oga=00;36:*.opus=00;36:*.spx=00;36:*.xspf=00;36:', 'ROS_DOMAIN_ID': '30', 'AMENT_PREFIX_PATH': '/home/student/ros2_ws/install/my_robot_controller:/opt/ros/humble', 'GAZEBO_RESOURCE_PATH': '/usr/share/gazebo-11:', 'GAZEBO_MODEL_DATABASE_URI': 'http://models.gazebosim.org', 'PWD': '/home/student/ros2_ws/build/my_robot_controller', 'TURTLEBOT3_MODEL': 'burger', 'LC_ALL': 'C.UTF-8', 'GAZEBO_PLUGIN_PATH': '/usr/lib/x86_64-linux-gnu/gazebo-11/plugins:', 'PYTHONPATH': '/home/student/ros2_ws/build/my_robot_controller/prefix_override:/usr/lib/python3/dist-packages/colcon_core/task/python/colcon_distutils_commands:/home/student/ros2_ws/install/my_robot_controller/lib/python3.10/site-packages:/home/student/ros2_ws/install/my_robot_controller/lib/python3.10/site-packages:/opt/ros/humble/lib/python3.10/site-packages:/opt/ros/humble/local/lib/python3.10/dist-packages', 'COLCON': '1'}, 'shell': False}
[1.159232] (turtlebot3_teleop) Command: {'cmd': ['/usr/bin/python3', '-W', 'ignore:setup.py install is deprecated', '-W', 'ignore:easy_install command is deprecated', 'setup.py', 'develop', '--editable', '--build-directory', '/home/student/ros2_ws/build/turtlebot3_teleop/build', '--no-deps', 'symlink_data'], 'cwd': '/home/student/ros2_ws/build/turtlebot3_teleop', 'env': {'HOSTNAME': 'gregor-PC', 'SHLVL': '1', 'LD_LIBRARY_PATH': '/usr/lib/x86_64-linux-gnu/gazebo-11/plugins:/opt/ros/humble/opt/rviz_ogre_vendor/lib:/opt/ros/humble/lib/x86_64-linux-gnu:/opt/ros/humble/lib:/usr/lib/x86_64-linux-gnu/gazebo-11/plugins:', 'HOME': '/home/student', 'OLDPWD': '/home/student', 'GAZEBO_MASTER_URI': 'http://localhost:11345', 'ROS_PYTHON_VERSION': '3', 'COLCON_PREFIX_PATH': '/home/student/ros2_ws/install', 'ROS_DISTRO': 'humble', '_': '/usr/bin/colcon', 'ROS_VERSION': '2', 'TERM': 'xterm', 'GAZEBO_MODEL_PATH': '/usr/share/gazebo-11/models:', 'ROS_LOCALHOST_ONLY': '1', 'QT_X11_NO_MITSHM': '1', 'OGRE_RESOURCE_PATH': '/usr/lib/x86_64-linux-gnu/OGRE-1.9.0', 'PATH': '/opt/ros/humble/bin:/usr/local/sbin:/usr/local/bin:/usr/sbin:/usr/bin:/sbin:/bin', 'DISPLAY': ':0', 'LANG': 'C.UTF-8', 'LS_COLORS': 'rs=0:di=01;34:ln=01;36:mh=00:pi=40;33:so=01;35:do=01;35:bd=40;33;01:cd=40;33;01:or=40;31;01:mi=00:su=37;41:sg=30;43:ca=30;41:tw=30;42:ow=34;42:st=37;44:ex=01;32:*.tar=01;31:*.tgz=01;31:*.arc=01;31:*.arj=01;31:*.taz=01;31:*.lha=01;31:*.lz4=01;31:*.lzh=01;31:*.lzma=01;31:*.tlz=01;31:*.txz=01;31:*.tzo=01;31:*.t7z=01;31:*.zip=01;31:*.z=01;31:*.dz=01;31:*.gz=01;31:*.lrz=01;31:*.lz=01;31:*.lzo=01;31:*.xz=01;31:*.zst=01;31:*.tzst=01;31:*.bz2=01;31:*.bz=01;31:*.tbz=01;31:*.tbz2=01;31:*.tz=01;31:*.deb=01;31:*.rpm=01;31:*.jar=01;31:*.war=01;31:*.ear=01;31:*.sar=01;31:*.rar=01;31:*.alz=01;31:*.ace=01;31:*.zoo=01;31:*.cpio=01;31:*.7z=01;31:*.rz=01;31:*.cab=01;31:*.wim=01;31:*.swm=01;31:*.dwm=01;31:*.esd=01;31:*.jpg=01;35:*.jpeg=01;35:*.mjpg=01;35:*.mjpeg=01;35:*.gif=01;35:*.bmp=01;35:*.pbm=01;35:*.pgm=01;35:*.ppm=01;35:*.tga=01;35:*.xbm=01;35:*.xpm=01;35:*.tif=01;35:*.tiff=01;35:*.png=01;35:*.svg=01;35:*.svgz=01;35:*.mng=01;35:*.pcx=01;35:*.mov=01;35:*.mpg=01;35:*.mpeg=01;35:*.m2v=01;35:*.mkv=01;35:*.webm=01;35:*.webp=01;35:*.ogm=01;35:*.mp4=01;35:*.m4v=01;35:*.mp4v=01;35:*.vob=01;35:*.qt=01;35:*.nuv=01;35:*.wmv=01;35:*.asf=01;35:*.rm=01;35:*.rmvb=01;35:*.flc=01;35:*.avi=01;35:*.fli=01;35:*.flv=01;35:*.gl=01;35:*.dl=01;35:*.xcf=01;35:*.xwd=01;35:*.yuv=01;35:*.cgm=01;35:*.emf=01;35:*.ogv=01;35:*.ogx=01;35:*.aac=00;36:*.au=00;36:*.flac=00;36:*.m4a=00;36:*.mid=00;36:*.midi=00;36:*.mka=00;36:*.mp3=00;36:*.mpc=00;36:*.ogg=00;36:*.ra=00;36:*.wav=00;36:*.oga=00;36:*.opus=00;36:*.spx=00;36:*.xspf=00;36:', 'ROS_DOMAIN_ID': '30', 'AMENT_PREFIX_PATH': '/home/student/ros2_ws/install/my_robot_controller:/opt/ros/humble', 'GAZEBO_RESOURCE_PATH': '/usr/share/gazebo-11:', 'GAZEBO_MODEL_DATABASE_URI': 'http://models.gazebosim.org', 'PWD': '/home/student/ros2_ws/build/turtlebot3_teleop', 'TURTLEBOT3_MODEL': 'burger', 'LC_ALL': 'C.UTF-8', 'GAZEBO_PLUGIN_PATH': '/usr/lib/x86_64-linux-gnu/gazebo-11/plugins:', 'PYTHONPATH': '/home/student/ros2_ws/build/turtlebot3_teleop/prefix_override:/usr/lib/python3/dist-packages/colcon_core/task/python/colcon_distutils_commands:/home/student/ros2_ws/install/turtlebot3_teleop/lib/python3.10/site-packages:/home/student/ros2_ws/install/my_robot_controller/lib/python3.10/site-packages:/opt/ros/humble/lib/python3.10/site-packages:/opt/ros/humble/local/lib/python3.10/dist-packages', 'COLCON': '1'}, 'shell': False}
[1.162198] (turtlebot3_manipulation_gazebo) StdoutLine: {'line': b'-- Symlinking: /home/student/ros2_ws/install/turtlebot3_manipulation_gazebo/share/turtlebot3_manipulation_gazebo/models/turtlebot3_home_service_challenge/marker4/model-1_5.sdf\n'}
[1.169717] (turtlebot3_manipulation_gazebo) StdoutLine: {'line': b'-- Symlinking: /home/student/ros2_ws/install/turtlebot3_manipulation_gazebo/share/turtlebot3_manipulation_gazebo/models/turtlebot3_home_service_challenge/marker4/model.config\n'}
[1.176128] (turtlebot3_gazebo) StdoutLine: {'line': b'-- Found Boost: /usr/lib/x86_64-linux-gnu/cmake/Boost-1.74.0/BoostConfig.cmake (found suitable version "1.74.0", minimum required is "1.40.0") found components: thread system filesystem program_options regex iostreams date_time \n'}
[1.177025] (turtlebot3_manipulation_gazebo) StdoutLine: {'line': b'-- Symlinking: /home/student/ros2_ws/install/turtlebot3_manipulation_gazebo/share/turtlebot3_manipulation_gazebo/models/turtlebot3_home_service_challenge/marker4/model.sdf\n'}
[1.184646] (turtlebot3_manipulation_gazebo) StdoutLine: {'line': b'-- Symlinking: /home/student/ros2_ws/install/turtlebot3_manipulation_gazebo/share/turtlebot3_manipulation_gazebo/models/turtlebot3_home_service_challenge/marker5/materials/textures/Marker5.png\n'}
[1.192095] (turtlebot3_manipulation_gazebo) StdoutLine: {'line': b'-- Symlinking: /home/student/ros2_ws/install/turtlebot3_manipulation_gazebo/share/turtlebot3_manipulation_gazebo/models/turtlebot3_home_service_challenge/marker5/meshes/Marker5.dae\n'}
[1.199370] (turtlebot3_manipulation_gazebo) StdoutLine: {'line': b'-- Symlinking: /home/student/ros2_ws/install/turtlebot3_manipulation_gazebo/share/turtlebot3_manipulation_gazebo/models/turtlebot3_home_service_challenge/marker5/model-1_4.sdf\n'}
[1.200561] (-) TimerEvent: {}
[1.206713] (turtlebot3_manipulation_gazebo) StdoutLine: {'line': b'-- Symlinking: /home/student/ros2_ws/install/turtlebot3_manipulation_gazebo/share/turtlebot3_manipulation_gazebo/models/turtlebot3_home_service_challenge/marker5/model-1_5.sdf\n'}
[1.213893] (turtlebot3_node) StdoutLine: {'line': b'-- Looking for pthread.h - found\n'}
[1.214061] (turtlebot3_fake_node) StdoutLine: {'line': b'-- Looking for pthread.h - found\n'}
[1.214162] (turtlebot3_node) StdoutLine: {'line': b'-- Performing Test CMAKE_HAVE_LIBC_PTHREAD\n'}
[1.214233] (turtlebot3_manipulation_gazebo) StdoutLine: {'line': b'-- Symlinking: /home/student/ros2_ws/install/turtlebot3_manipulation_gazebo/share/turtlebot3_manipulation_gazebo/models/turtlebot3_home_service_challenge/marker5/model.config\n'}
[1.214317] (turtlebot3_fake_node) StdoutLine: {'line': b'-- Performing Test CMAKE_HAVE_LIBC_PTHREAD\n'}
[1.218570] (turtlebot3_gazebo) StdoutLine: {'line': b'-- Found Protobuf: /usr/lib/x86_64-linux-gnu/libprotobuf.so (found version "3.12.4") \n'}
[1.221791] (turtlebot3_manipulation_gazebo) StdoutLine: {'line': b'-- Symlinking: /home/student/ros2_ws/install/turtlebot3_manipulation_gazebo/share/turtlebot3_manipulation_gazebo/models/turtlebot3_home_service_challenge/marker5/model.sdf\n'}
[1.227302] (turtlebot3_gazebo) StdoutLine: {'line': b'-- Looking for ignition-math6 -- found version 6.15.1\n'}
[1.229206] (turtlebot3_manipulation_gazebo) StdoutLine: {'line': b'-- Symlinking: /home/student/ros2_ws/install/turtlebot3_manipulation_gazebo/share/turtlebot3_manipulation_gazebo/models/turtlebot3_home_service_challenge/marker6/materials/textures/Marker6.png\n'}
[1.236668] (turtlebot3_manipulation_gazebo) StdoutLine: {'line': b'-- Symlinking: /home/student/ros2_ws/install/turtlebot3_manipulation_gazebo/share/turtlebot3_manipulation_gazebo/models/turtlebot3_home_service_challenge/marker6/meshes/Marker6.dae\n'}
[1.244092] (turtlebot3_manipulation_gazebo) StdoutLine: {'line': b'-- Symlinking: /home/student/ros2_ws/install/turtlebot3_manipulation_gazebo/share/turtlebot3_manipulation_gazebo/models/turtlebot3_home_service_challenge/marker6/model-1_4.sdf\n'}
[1.251458] (turtlebot3_manipulation_gazebo) StdoutLine: {'line': b'-- Symlinking: /home/student/ros2_ws/install/turtlebot3_manipulation_gazebo/share/turtlebot3_manipulation_gazebo/models/turtlebot3_home_service_challenge/marker6/model-1_5.sdf\n'}
[1.257669] (turtlebot3_gazebo) StdoutLine: {'line': b'-- Searching for dependencies of ignition-math6\n'}
[1.258946] (turtlebot3_manipulation_gazebo) StdoutLine: {'line': b'-- Symlinking: /home/student/ros2_ws/install/turtlebot3_manipulation_gazebo/share/turtlebot3_manipulation_gazebo/models/turtlebot3_home_service_challenge/marker6/model.config\n'}
[1.259944] (turtlebot3_gazebo) StdoutLine: {'line': b'-- Looking for OGRE...\n'}
[1.260258] (turtlebot3_gazebo) StdoutLine: {'line': b'-- OGRE_PREFIX_WATCH changed.\n'}
[1.264516] (turtlebot3_gazebo) StdoutLine: {'line': b"-- Checking for module 'OGRE'\n"}
[1.266294] (turtlebot3_manipulation_gazebo) StdoutLine: {'line': b'-- Symlinking: /home/student/ros2_ws/install/turtlebot3_manipulation_gazebo/share/turtlebot3_manipulation_gazebo/models/turtlebot3_home_service_challenge/marker6/model.sdf\n'}
[1.273706] (turtlebot3_manipulation_gazebo) StdoutLine: {'line': b'-- Symlinking: /home/student/ros2_ws/install/turtlebot3_manipulation_gazebo/share/turtlebot3_manipulation_gazebo/models/turtlebot3_home_service_challenge/marker7/materials/textures/Marker7.png\n'}
[1.274207] (turtlebot3_node) StdoutLine: {'line': b'-- Performing Test CMAKE_HAVE_LIBC_PTHREAD - Success\n'}
[1.274708] (turtlebot3_fake_node) StdoutLine: {'line': b'-- Performing Test CMAKE_HAVE_LIBC_PTHREAD - Success\n'}
[1.275124] (turtlebot3_node) StdoutLine: {'line': b'-- Found Threads: TRUE  \n'}
[1.275362] (turtlebot3_gazebo) StdoutLine: {'line': b'--   Found OGRE, version 1.9.0\n'}
[1.276054] (turtlebot3_fake_node) StdoutLine: {'line': b'-- Found Threads: TRUE  \n'}
[1.281213] (turtlebot3_manipulation_gazebo) StdoutLine: {'line': b'-- Symlinking: /home/student/ros2_ws/install/turtlebot3_manipulation_gazebo/share/turtlebot3_manipulation_gazebo/models/turtlebot3_home_service_challenge/marker7/meshes/Marker7.dae\n'}
[1.288647] (turtlebot3_manipulation_gazebo) StdoutLine: {'line': b'-- Symlinking: /home/student/ros2_ws/install/turtlebot3_manipulation_gazebo/share/turtlebot3_manipulation_gazebo/models/turtlebot3_home_service_challenge/marker7/model-1_4.sdf\n'}
[1.296071] (turtlebot3_manipulation_gazebo) StdoutLine: {'line': b'-- Symlinking: /home/student/ros2_ws/install/turtlebot3_manipulation_gazebo/share/turtlebot3_manipulation_gazebo/models/turtlebot3_home_service_challenge/marker7/model-1_5.sdf\n'}
[1.300635] (-) TimerEvent: {}
[1.303312] (turtlebot3_manipulation_gazebo) StdoutLine: {'line': b'-- Symlinking: /home/student/ros2_ws/install/turtlebot3_manipulation_gazebo/share/turtlebot3_manipulation_gazebo/models/turtlebot3_home_service_challenge/marker7/model.config\n'}
[1.307427] (turtlebot3_gazebo) StdoutLine: {'line': b'-- Found Ogre Ghadamon (1.9.0)\n'}
[1.310566] (turtlebot3_manipulation_gazebo) StdoutLine: {'line': b'-- Symlinking: /home/student/ros2_ws/install/turtlebot3_manipulation_gazebo/share/turtlebot3_manipulation_gazebo/models/turtlebot3_home_service_challenge/marker7/model.sdf\n'}
[1.317447] (turtlebot3_gazebo) StdoutLine: {'line': b'-- Found OGRE: optimized;/usr/lib/x86_64-linux-gnu/libOgreMain.so;debug;/usr/lib/x86_64-linux-gnu/libOgreMain.so\n'}
[1.318200] (turtlebot3_manipulation_gazebo) StdoutLine: {'line': b'-- Symlinking: /home/student/ros2_ws/install/turtlebot3_manipulation_gazebo/share/turtlebot3_manipulation_gazebo/models/turtlebot3_home_service_challenge/marker8/materials/textures/Marker8.png\n'}
[1.322854] (turtlebot3_node) StdoutLine: {'line': b'-- Found nav_msgs: 4.9.1 (/opt/ros/humble/share/nav_msgs/cmake)\n'}
[1.325164] (turtlebot3_gazebo) StdoutLine: {'line': b'-- Looking for OGRE_Paging...\n'}
[1.325531] (turtlebot3_manipulation_gazebo) StdoutLine: {'line': b'-- Symlinking: /home/student/ros2_ws/install/turtlebot3_manipulation_gazebo/share/turtlebot3_manipulation_gazebo/models/turtlebot3_home_service_challenge/marker8/meshes/Marker8.dae\n'}
[1.328835] (turtlebot3_gazebo) StdoutLine: {'line': b'-- Found OGRE_Paging: optimized;/usr/lib/x86_64-linux-gnu/libOgrePaging.so;debug;/usr/lib/x86_64-linux-gnu/libOgrePaging.so\n'}
[1.328940] (turtlebot3_gazebo) StdoutLine: {'line': b'-- Looking for OGRE_Terrain...\n'}
[1.332620] (turtlebot3_gazebo) StdoutLine: {'line': b'-- Found OGRE_Terrain: optimized;/usr/lib/x86_64-linux-gnu/libOgreTerrain.so;debug;/usr/lib/x86_64-linux-gnu/libOgreTerrain.so\n'}
[1.332730] (turtlebot3_gazebo) StdoutLine: {'line': b'-- Looking for OGRE_Property...\n'}
[1.332990] (turtlebot3_fake_node) StdoutLine: {'line': b'-- Found sensor_msgs: 4.9.1 (/opt/ros/humble/share/sensor_msgs/cmake)\n'}
[1.333338] (turtlebot3_manipulation_gazebo) StdoutLine: {'line': b'-- Symlinking: /home/student/ros2_ws/install/turtlebot3_manipulation_gazebo/share/turtlebot3_manipulation_gazebo/models/turtlebot3_home_service_challenge/marker8/model-1_4.sdf\n'}
[1.335979] (turtlebot3_gazebo) StdoutLine: {'line': b'-- Found OGRE_Property: optimized;/usr/lib/x86_64-linux-gnu/libOgreProperty.so;debug;/usr/lib/x86_64-linux-gnu/libOgreProperty.so\n'}
[1.336116] (turtlebot3_gazebo) StdoutLine: {'line': b'-- Looking for OGRE_RTShaderSystem...\n'}
[1.337928] (turtlebot3_node) StdoutLine: {'line': b'-- Found sensor_msgs: 4.9.1 (/opt/ros/humble/share/sensor_msgs/cmake)\n'}
[1.339513] (turtlebot3_gazebo) StdoutLine: {'line': b'-- Found OGRE_RTShaderSystem: optimized;/usr/lib/x86_64-linux-gnu/libOgreRTShaderSystem.so;debug;/usr/lib/x86_64-linux-gnu/libOgreRTShaderSystem.so\n'}
[1.339625] (turtlebot3_gazebo) StdoutLine: {'line': b'-- Looking for OGRE_Volume...\n'}
[1.340578] (turtlebot3_manipulation_gazebo) StdoutLine: {'line': b'-- Symlinking: /home/student/ros2_ws/install/turtlebot3_manipulation_gazebo/share/turtlebot3_manipulation_gazebo/models/turtlebot3_home_service_challenge/marker8/model-1_5.sdf\n'}
[1.342929] (turtlebot3_gazebo) StdoutLine: {'line': b'-- Found OGRE_Volume: optimized;/usr/lib/x86_64-linux-gnu/libOgreVolume.so;debug;/usr/lib/x86_64-linux-gnu/libOgreVolume.so\n'}
[1.343069] (turtlebot3_gazebo) StdoutLine: {'line': b'-- Looking for OGRE_Overlay...\n'}
[1.346373] (turtlebot3_gazebo) StdoutLine: {'line': b'-- Found OGRE_Overlay: optimized;/usr/lib/x86_64-linux-gnu/libOgreOverlay.so;debug;/usr/lib/x86_64-linux-gnu/libOgreOverlay.so\n'}
[1.347986] (turtlebot3_manipulation_gazebo) StdoutLine: {'line': b'-- Symlinking: /home/student/ros2_ws/install/turtlebot3_manipulation_gazebo/share/turtlebot3_manipulation_gazebo/models/turtlebot3_home_service_challenge/marker8/model.config\n'}
[1.354811] (turtlebot3_node) StdoutLine: {'line': b'-- Found std_srvs: 4.9.1 (/opt/ros/humble/share/std_srvs/cmake)\n'}
[1.355229] (turtlebot3_fake_node) StdoutLine: {'line': b'-- Found tf2: 0.25.20 (/opt/ros/humble/share/tf2/cmake)\n'}
[1.355347] (turtlebot3_manipulation_gazebo) StdoutLine: {'line': b'-- Symlinking: /home/student/ros2_ws/install/turtlebot3_manipulation_gazebo/share/turtlebot3_manipulation_gazebo/models/turtlebot3_home_service_challenge/marker8/model.sdf\n'}
[1.360949] (turtlebot3_teleop) StdoutLine: {'line': b'running develop\n'}
[1.361233] (my_robot_controller) StdoutLine: {'line': b'running develop\n'}
[1.362726] (turtlebot3_manipulation_gazebo) StdoutLine: {'line': b'-- Symlinking: /home/student/ros2_ws/install/turtlebot3_manipulation_gazebo/share/turtlebot3_manipulation_gazebo/models/turtlebot3_home_service_challenge/marker9/materials/textures/Marker9.png\n'}
[1.367474] (turtlebot3_example) StdoutLine: {'line': b'running develop\n'}
[1.368325] (turtlebot3_node) StdoutLine: {'line': b'-- Found tf2: 0.25.20 (/opt/ros/humble/share/tf2/cmake)\n'}
[1.370258] (turtlebot3_manipulation_gazebo) StdoutLine: {'line': b'-- Symlinking: /home/student/ros2_ws/install/turtlebot3_manipulation_gazebo/share/turtlebot3_manipulation_gazebo/models/turtlebot3_home_service_challenge/marker9/meshes/Marker9.dae\n'}
[1.370550] (turtlebot3_fake_node) StdoutLine: {'line': b'-- Found tf2_msgs: 0.25.20 (/opt/ros/humble/share/tf2_msgs/cmake)\n'}
[1.377575] (turtlebot3_manipulation_gazebo) StdoutLine: {'line': b'-- Symlinking: /home/student/ros2_ws/install/turtlebot3_manipulation_gazebo/share/turtlebot3_manipulation_gazebo/models/turtlebot3_home_service_challenge/marker9/model-1_4.sdf\n'}
[1.382256] (turtlebot3_node) StdoutLine: {'line': b'-- Found tf2_ros: 0.25.20 (/opt/ros/humble/share/tf2_ros/cmake)\n'}
[1.384859] (turtlebot3_manipulation_gazebo) StdoutLine: {'line': b'-- Symlinking: /home/student/ros2_ws/install/turtlebot3_manipulation_gazebo/share/turtlebot3_manipulation_gazebo/models/turtlebot3_home_service_challenge/marker9/model-1_5.sdf\n'}
[1.392162] (turtlebot3_manipulation_gazebo) StdoutLine: {'line': b'-- Symlinking: /home/student/ros2_ws/install/turtlebot3_manipulation_gazebo/share/turtlebot3_manipulation_gazebo/models/turtlebot3_home_service_challenge/marker9/model.config\n'}
[1.399462] (turtlebot3_manipulation_gazebo) StdoutLine: {'line': b'-- Symlinking: /home/student/ros2_ws/install/turtlebot3_manipulation_gazebo/share/turtlebot3_manipulation_gazebo/models/turtlebot3_home_service_challenge/marker9/model.sdf\n'}
[1.400706] (-) TimerEvent: {}
[1.407720] (turtlebot3_manipulation_gazebo) StdoutLine: {'line': b'-- Symlinking: /home/student/ros2_ws/install/turtlebot3_manipulation_gazebo/share/turtlebot3_manipulation_gazebo/meshes/open_manipulator_x/gripper_left_palm.stl\n'}
[1.415036] (turtlebot3_manipulation_gazebo) StdoutLine: {'line': b'-- Symlinking: /home/student/ros2_ws/install/turtlebot3_manipulation_gazebo/share/turtlebot3_manipulation_gazebo/meshes/open_manipulator_x/gripper_right_palm.stl\n'}
[1.421537] (turtlebot3_fake_node) StdoutLine: {'line': b'-- Found turtlebot3_msgs: 2.4.0 (/opt/ros/humble/share/turtlebot3_msgs/cmake)\n'}
[1.422212] (turtlebot3_manipulation_gazebo) StdoutLine: {'line': b'-- Symlinking: /home/student/ros2_ws/install/turtlebot3_manipulation_gazebo/share/turtlebot3_manipulation_gazebo/meshes/open_manipulator_x/link1.stl\n'}
[1.429604] (turtlebot3_manipulation_gazebo) StdoutLine: {'line': b'-- Symlinking: /home/student/ros2_ws/install/turtlebot3_manipulation_gazebo/share/turtlebot3_manipulation_gazebo/meshes/open_manipulator_x/link2.stl\n'}
[1.431558] (turtlebot3_gazebo) StdoutLine: {'line': b'-- Looking for ignition-math6 -- found version 6.15.1\n'}
[1.435285] (turtlebot3_gazebo) StdoutLine: {'line': b'-- Looking for ignition-transport8 -- found version 8.2.1\n'}
[1.435686] (turtlebot3_gazebo) StdoutLine: {'line': b'-- Searching for dependencies of ignition-transport8\n'}
[1.436973] (turtlebot3_manipulation_gazebo) StdoutLine: {'line': b'-- Symlinking: /home/student/ros2_ws/install/turtlebot3_manipulation_gazebo/share/turtlebot3_manipulation_gazebo/meshes/open_manipulator_x/link3.stl\n'}
[1.444281] (turtlebot3_manipulation_gazebo) StdoutLine: {'line': b'-- Symlinking: /home/student/ros2_ws/install/turtlebot3_manipulation_gazebo/share/turtlebot3_manipulation_gazebo/meshes/open_manipulator_x/link4.stl\n'}
[1.451594] (turtlebot3_manipulation_gazebo) StdoutLine: {'line': b'-- Symlinking: /home/student/ros2_ws/install/turtlebot3_manipulation_gazebo/share/turtlebot3_manipulation_gazebo/meshes/open_manipulator_x/link5.stl\n'}
[1.457805] (turtlebot3_gazebo) StdoutLine: {'line': b'-- Found Protobuf: /usr/lib/x86_64-linux-gnu/libprotobuf.so (found suitable version "3.12.4", minimum required is "3") \n'}
[1.459056] (turtlebot3_manipulation_gazebo) StdoutLine: {'line': b'-- Symlinking: /home/student/ros2_ws/install/turtlebot3_manipulation_gazebo/share/turtlebot3_manipulation_gazebo/meshes/turtlebot3_waffle_pi/base.stl\n'}
[1.466528] (turtlebot3_manipulation_gazebo) StdoutLine: {'line': b'-- Symlinking: /home/student/ros2_ws/install/turtlebot3_manipulation_gazebo/share/turtlebot3_manipulation_gazebo/meshes/turtlebot3_waffle_pi/ladar.stl\n'}
[1.468017] (turtlebot3_node) StdoutLine: {'line': b'-- Found turtlebot3_msgs: 2.4.0 (/opt/ros/humble/share/turtlebot3_msgs/cmake)\n'}
[1.473884] (turtlebot3_manipulation_gazebo) StdoutLine: {'line': b'-- Symlinking: /home/student/ros2_ws/install/turtlebot3_manipulation_gazebo/share/turtlebot3_manipulation_gazebo/meshes/turtlebot3_waffle_pi/left_tire.stl\n'}
[1.474064] (turtlebot3_gazebo) StdoutLine: {'line': b'-- Config-file not installed for ZeroMQ -- checking for pkg-config\n'}
[1.474893] (turtlebot3_teleop) StdoutLine: {'line': b'running egg_info\n'}
[1.474984] (turtlebot3_teleop) StdoutLine: {'line': b'creating turtlebot3_teleop.egg-info\n'}
[1.475070] (turtlebot3_teleop) StdoutLine: {'line': b'writing turtlebot3_teleop.egg-info/PKG-INFO\n'}
[1.475237] (turtlebot3_teleop) StdoutLine: {'line': b'writing dependency_links to turtlebot3_teleop.egg-info/dependency_links.txt\n'}
[1.475317] (turtlebot3_teleop) StdoutLine: {'line': b'writing entry points to turtlebot3_teleop.egg-info/entry_points.txt\n'}
[1.475392] (turtlebot3_teleop) StdoutLine: {'line': b'writing requirements to turtlebot3_teleop.egg-info/requires.txt\n'}
[1.475458] (turtlebot3_teleop) StdoutLine: {'line': b'writing top-level names to turtlebot3_teleop.egg-info/top_level.txt\n'}
[1.475571] (turtlebot3_teleop) StdoutLine: {'line': b"writing manifest file 'turtlebot3_teleop.egg-info/SOURCES.txt'\n"}
[1.475650] (my_robot_controller) StdoutLine: {'line': b'running egg_info\n'}
[1.475743] (my_robot_controller) StdoutLine: {'line': b'writing my_robot_controller.egg-info/PKG-INFO\n'}
[1.476102] (my_robot_controller) StdoutLine: {'line': b'writing dependency_links to my_robot_controller.egg-info/dependency_links.txt\n'}
[1.476230] (my_robot_controller) StdoutLine: {'line': b'writing entry points to my_robot_controller.egg-info/entry_points.txt\n'}
[1.476334] (my_robot_controller) StdoutLine: {'line': b'writing requirements to my_robot_controller.egg-info/requires.txt\n'}
[1.476411] (my_robot_controller) StdoutLine: {'line': b'writing top-level names to my_robot_controller.egg-info/top_level.txt\n'}
[1.476793] (turtlebot3_teleop) StdoutLine: {'line': b"reading manifest file 'turtlebot3_teleop.egg-info/SOURCES.txt'\n"}
[1.477283] (turtlebot3_teleop) StdoutLine: {'line': b"writing manifest file 'turtlebot3_teleop.egg-info/SOURCES.txt'\n"}
[1.477988] (my_robot_controller) StdoutLine: {'line': b"reading manifest file 'my_robot_controller.egg-info/SOURCES.txt'\n"}
[1.478089] (turtlebot3_gazebo) StdoutLine: {'line': b"-- Checking for module 'libzmq >= 4'\n"}
[1.478217] (turtlebot3_teleop) StdoutLine: {'line': b'running build_ext\n'}
[1.478354] (turtlebot3_teleop) StdoutLine: {'line': b'Creating /home/student/ros2_ws/install/turtlebot3_teleop/lib/python3.10/site-packages/turtlebot3-teleop.egg-link (link to .)\n'}
[1.478846] (turtlebot3_teleop) StdoutLine: {'line': b'Installing teleop_keyboard script to /home/student/ros2_ws/install/turtlebot3_teleop/lib/turtlebot3_teleop\n'}
[1.479067] (turtlebot3_teleop) StdoutLine: {'line': b'\n'}
[1.479189] (turtlebot3_teleop) StdoutLine: {'line': b'Installed /home/student/ros2_ws/build/turtlebot3_teleop\n'}
[1.479275] (my_robot_controller) StdoutLine: {'line': b"writing manifest file 'my_robot_controller.egg-info/SOURCES.txt'\n"}
[1.479399] (turtlebot3_teleop) StdoutLine: {'line': b'running symlink_data\n'}
[1.479481] (turtlebot3_teleop) StdoutLine: {'line': b'creating /home/student/ros2_ws/install/turtlebot3_teleop/share/ament_index\n'}
[1.479563] (turtlebot3_teleop) StdoutLine: {'line': b'creating /home/student/ros2_ws/install/turtlebot3_teleop/share/ament_index/resource_index\n'}
[1.479642] (turtlebot3_teleop) StdoutLine: {'line': b'creating /home/student/ros2_ws/install/turtlebot3_teleop/share/ament_index/resource_index/packages\n'}
[1.479741] (turtlebot3_teleop) StdoutLine: {'line': b'symbolically linking /home/student/ros2_ws/build/turtlebot3_teleop/resource/turtlebot3_teleop -> /home/student/ros2_ws/install/turtlebot3_teleop/share/ament_index/resource_index/packages\n'}
[1.479807] (turtlebot3_teleop) StdoutLine: {'line': b'symbolically linking /home/student/ros2_ws/build/turtlebot3_teleop/package.xml -> /home/student/ros2_ws/install/turtlebot3_teleop/share/turtlebot3_teleop\n'}
[1.479962] (my_robot_controller) StdoutLine: {'line': b'running build_ext\n'}
[1.480099] (my_robot_controller) StdoutLine: {'line': b'Creating /home/student/ros2_ws/install/my_robot_controller/lib/python3.10/site-packages/my-robot-controller.egg-link (link to .)\n'}
[1.480713] (my_robot_controller) StdoutLine: {'line': b'Installing mapping script to /home/student/ros2_ws/install/my_robot_controller/lib/my_robot_controller\n'}
[1.480831] (my_robot_controller) StdoutLine: {'line': b'Installing navigation script to /home/student/ros2_ws/install/my_robot_controller/lib/my_robot_controller\n'}
[1.481012] (my_robot_controller) StdoutLine: {'line': b'\n'}
[1.481090] (my_robot_controller) StdoutLine: {'line': b'Installed /home/student/ros2_ws/build/my_robot_controller\n'}
[1.481187] (my_robot_controller) StdoutLine: {'line': b'running symlink_data\n'}
[1.481284] (my_robot_controller) StdoutLine: {'line': b'symbolically linking /home/student/ros2_ws/build/my_robot_controller/resource/my_robot_controller -> /home/student/ros2_ws/install/my_robot_controller/share/ament_index/resource_index/packages\n'}
[1.481383] (my_robot_controller) StdoutLine: {'line': b'symbolically linking /home/student/ros2_ws/build/my_robot_controller/package.xml -> /home/student/ros2_ws/install/my_robot_controller/share/my_robot_controller\n'}
[1.481476] (turtlebot3_manipulation_gazebo) StdoutLine: {'line': b'-- Symlinking: /home/student/ros2_ws/install/turtlebot3_manipulation_gazebo/share/turtlebot3_manipulation_gazebo/meshes/turtlebot3_waffle_pi/right_tire.stl\n'}
[1.481596] (my_robot_controller) StdoutLine: {'line': b'symbolically linking /home/student/ros2_ws/build/my_robot_controller/launch/run_navigation.launch.py -> /home/student/ros2_ws/install/my_robot_controller/share/my_robot_controller/launch\n'}
[1.481662] (my_robot_controller) StdoutLine: {'line': b'symbolically linking /home/student/ros2_ws/build/my_robot_controller/launch/multi_spawn_turtlebot3.launch.py -> /home/student/ros2_ws/install/my_robot_controller/share/my_robot_controller/launch\n'}
[1.481733] (my_robot_controller) StdoutLine: {'line': b'symbolically linking /home/student/ros2_ws/build/my_robot_controller/launch/turtlebot3_dqn_stage2.launch.py -> /home/student/ros2_ws/install/my_robot_controller/share/my_robot_controller/launch\n'}
[1.481826] (my_robot_controller) StdoutLine: {'line': b'symbolically linking /home/student/ros2_ws/build/my_robot_controller/launch/turtlebot3_house.launch.py -> /home/student/ros2_ws/install/my_robot_controller/share/my_robot_controller/launch\n'}
[1.481938] (my_robot_controller) StdoutLine: {'line': b'symbolically linking /home/student/ros2_ws/build/my_robot_controller/launch/start_mapping.launch.py -> /home/student/ros2_ws/install/my_robot_controller/share/my_robot_controller/launch\n'}
[1.482032] (my_robot_controller) StdoutLine: {'line': b'symbolically linking /home/student/ros2_ws/build/my_robot_controller/launch/turtlebot3_dqn_stage1.launch.py -> /home/student/ros2_ws/install/my_robot_controller/share/my_robot_controller/launch\n'}
[1.482107] (my_robot_controller) StdoutLine: {'line': b'symbolically linking /home/student/ros2_ws/build/my_robot_controller/launch/turtlebot3_dqn_stage3.launch.py -> /home/student/ros2_ws/install/my_robot_controller/share/my_robot_controller/launch\n'}
[1.482243] (my_robot_controller) StdoutLine: {'line': b'symbolically linking /home/student/ros2_ws/build/my_robot_controller/launch/spawn_turtlebot3.launch.py -> /home/student/ros2_ws/install/my_robot_controller/share/my_robot_controller/launch\n'}
[1.482318] (turtlebot3_example) StdoutLine: {'line': b'running egg_info\n'}
[1.482463] (turtlebot3_example) StdoutLine: {'line': b'creating turtlebot3_example.egg-info\n'}
[1.482538] (my_robot_controller) StdoutLine: {'line': b'symbolically linking /home/student/ros2_ws/build/my_robot_controller/launch/robot_state_publisher.launch.py -> /home/student/ros2_ws/install/my_robot_controller/share/my_robot_controller/launch\n'}
[1.482611] (my_robot_controller) StdoutLine: {'line': b'symbolically linking /home/student/ros2_ws/build/my_robot_controller/launch/empty_world.launch.py -> /home/student/ros2_ws/install/my_robot_controller/share/my_robot_controller/launch\n'}
[1.482682] (my_robot_controller) StdoutLine: {'line': b'symbolically linking /home/student/ros2_ws/build/my_robot_controller/launch/turtlebot3_autorace_2020.launch.py -> /home/student/ros2_ws/install/my_robot_controller/share/my_robot_controller/launch\n'}
[1.482793] (turtlebot3_example) StdoutLine: {'line': b'writing turtlebot3_example.egg-info/PKG-INFO\n'}
[1.482868] (my_robot_controller) StdoutLine: {'line': b'symbolically linking /home/student/ros2_ws/build/my_robot_controller/launch/turtlebot3_dqn_stage4.launch.py -> /home/student/ros2_ws/install/my_robot_controller/share/my_robot_controller/launch\n'}
[1.483009] (turtlebot3_example) StdoutLine: {'line': b'writing dependency_links to turtlebot3_example.egg-info/dependency_links.txt\n'}
[1.483100] (turtlebot3_example) StdoutLine: {'line': b'writing entry points to turtlebot3_example.egg-info/entry_points.txt\n'}
[1.483172] (turtlebot3_example) StdoutLine: {'line': b'writing requirements to turtlebot3_example.egg-info/requires.txt\n'}
[1.483241] (turtlebot3_example) StdoutLine: {'line': b'writing top-level names to turtlebot3_example.egg-info/top_level.txt\n'}
[1.483312] (turtlebot3_example) StdoutLine: {'line': b"writing manifest file 'turtlebot3_example.egg-info/SOURCES.txt'\n"}
[1.483382] (my_robot_controller) StdoutLine: {'line': b'symbolically linking /home/student/ros2_ws/build/my_robot_controller/launch/turtlebot3_world.launch.py -> /home/student/ros2_ws/install/my_robot_controller/share/my_robot_controller/launch\n'}
[1.483451] (my_robot_controller) StdoutLine: {'line': b'symbolically linking /home/student/ros2_ws/build/my_robot_controller/launch/multi_robot.launch.py -> /home/student/ros2_ws/install/my_robot_controller/share/my_robot_controller/launch\n'}
[1.483518] (my_robot_controller) StdoutLine: {'line': b'symbolically linking /home/student/ros2_ws/build/my_robot_controller/maps/my_map.yaml -> /home/student/ros2_ws/install/my_robot_controller/share/my_robot_controller/maps\n'}
[1.483641] (my_robot_controller) StdoutLine: {'line': b'symbolically linking /home/student/ros2_ws/build/my_robot_controller/maps/manual_map.pgm -> /home/student/ros2_ws/install/my_robot_controller/share/my_robot_controller/maps\n'}
[1.483706] (my_robot_controller) StdoutLine: {'line': b'symbolically linking /home/student/ros2_ws/build/my_robot_controller/maps/map.rviz -> /home/student/ros2_ws/install/my_robot_controller/share/my_robot_controller/maps\n'}
[1.483768] (my_robot_controller) StdoutLine: {'line': b'symbolically linking /home/student/ros2_ws/build/my_robot_controller/maps/manual_map.yaml -> /home/student/ros2_ws/install/my_robot_controller/share/my_robot_controller/maps\n'}
[1.483835] (my_robot_controller) StdoutLine: {'line': b'symbolically linking /home/student/ros2_ws/build/my_robot_controller/maps/map.yaml -> /home/student/ros2_ws/install/my_robot_controller/share/my_robot_controller/maps\n'}
[1.483910] (my_robot_controller) StdoutLine: {'line': b'symbolically linking /home/student/ros2_ws/build/my_robot_controller/maps/my_map.pgm -> /home/student/ros2_ws/install/my_robot_controller/share/my_robot_controller/maps\n'}
[1.483981] (my_robot_controller) StdoutLine: {'line': b'symbolically linking /home/student/ros2_ws/build/my_robot_controller/maps/map.pgm -> /home/student/ros2_ws/install/my_robot_controller/share/my_robot_controller/maps\n'}
[1.484047] (my_robot_controller) StdoutLine: {'line': b'symbolically linking /home/student/ros2_ws/build/my_robot_controller/worlds/my_custom_world.world -> /home/student/ros2_ws/install/my_robot_controller/share/my_robot_controller/worlds\n'}
[1.484384] (turtlebot3_example) StdoutLine: {'line': b"reading manifest file 'turtlebot3_example.egg-info/SOURCES.txt'\n"}
[1.484906] (turtlebot3_example) StdoutLine: {'line': b"writing manifest file 'turtlebot3_example.egg-info/SOURCES.txt'\n"}
[1.485889] (turtlebot3_example) StdoutLine: {'line': b'running build_ext\n'}
[1.486037] (turtlebot3_example) StdoutLine: {'line': b'Creating /home/student/ros2_ws/install/turtlebot3_example/lib/python3.10/site-packages/turtlebot3-example.egg-link (link to .)\n'}
[1.486558] (turtlebot3_example) StdoutLine: {'line': b'Installing turtlebot3_absolute_move script to /home/student/ros2_ws/install/turtlebot3_example/lib/turtlebot3_example\n'}
[1.486690] (turtlebot3_example) StdoutLine: {'line': b'Installing turtlebot3_interactive_marker script to /home/student/ros2_ws/install/turtlebot3_example/lib/turtlebot3_example\n'}
[1.486782] (turtlebot3_example) StdoutLine: {'line': b'Installing turtlebot3_obstacle_detection script to /home/student/ros2_ws/install/turtlebot3_example/lib/turtlebot3_example\n'}
[1.486879] (turtlebot3_example) StdoutLine: {'line': b'Installing turtlebot3_patrol_client script to /home/student/ros2_ws/install/turtlebot3_example/lib/turtlebot3_example\n'}
[1.486989] (turtlebot3_example) StdoutLine: {'line': b'Installing turtlebot3_patrol_server script to /home/student/ros2_ws/install/turtlebot3_example/lib/turtlebot3_example\n'}
[1.487082] (turtlebot3_example) StdoutLine: {'line': b'Installing turtlebot3_relative_move script to /home/student/ros2_ws/install/turtlebot3_example/lib/turtlebot3_example\n'}
[1.487183] (turtlebot3_example) StdoutLine: {'line': b'\n'}
[1.487256] (turtlebot3_example) StdoutLine: {'line': b'Installed /home/student/ros2_ws/build/turtlebot3_example\n'}
[1.487355] (turtlebot3_example) StdoutLine: {'line': b'running symlink_data\n'}
[1.487473] (turtlebot3_example) StdoutLine: {'line': b'creating /home/student/ros2_ws/install/turtlebot3_example/share/ament_index\n'}
[1.487545] (turtlebot3_example) StdoutLine: {'line': b'creating /home/student/ros2_ws/install/turtlebot3_example/share/ament_index/resource_index\n'}
[1.487613] (turtlebot3_example) StdoutLine: {'line': b'creating /home/student/ros2_ws/install/turtlebot3_example/share/ament_index/resource_index/packages\n'}
[1.487676] (turtlebot3_example) StdoutLine: {'line': b'symbolically linking /home/student/ros2_ws/build/turtlebot3_example/resource/turtlebot3_example -> /home/student/ros2_ws/install/turtlebot3_example/share/ament_index/resource_index/packages\n'}
[1.487766] (turtlebot3_example) StdoutLine: {'line': b'symbolically linking /home/student/ros2_ws/build/turtlebot3_example/package.xml -> /home/student/ros2_ws/install/turtlebot3_example/share/turtlebot3_example\n'}
[1.489093] (turtlebot3_manipulation_gazebo) StdoutLine: {'line': b'-- Symlinking: /home/student/ros2_ws/install/turtlebot3_manipulation_gazebo/share/ament_index/resource_index/package_run_dependencies/turtlebot3_manipulation_gazebo\n'}
[1.492568] (turtlebot3_gazebo) StdoutLine: {'line': b'--   Found libzmq , version 4.3.4\n'}
[1.496673] (turtlebot3_manipulation_gazebo) StdoutLine: {'line': b'-- Symlinking: /home/student/ros2_ws/install/turtlebot3_manipulation_gazebo/share/ament_index/resource_index/parent_prefix_path/turtlebot3_manipulation_gazebo\n'}
[1.499303] (turtlebot3_teleop) CommandEnded: {'returncode': 0}
[1.500790] (-) TimerEvent: {}
[1.504294] (turtlebot3_manipulation_gazebo) StdoutLine: {'line': b'-- Symlinking: /home/student/ros2_ws/install/turtlebot3_manipulation_gazebo/share/turtlebot3_manipulation_gazebo/environment/ament_prefix_path.sh\n'}
[1.505380] (turtlebot3_teleop) JobEnded: {'identifier': 'turtlebot3_teleop', 'rc': 0}
[1.506093] (my_robot_controller) CommandEnded: {'returncode': 0}
[1.511785] (turtlebot3_manipulation_gazebo) StdoutLine: {'line': b'-- Symlinking: /home/student/ros2_ws/install/turtlebot3_manipulation_gazebo/share/turtlebot3_manipulation_gazebo/environment/ament_prefix_path.dsv\n'}
[1.512369] (my_robot_controller) JobEnded: {'identifier': 'my_robot_controller', 'rc': 0}
[1.513483] (turtlebot3_example) CommandEnded: {'returncode': 0}
[1.515711] (turtlebot3_fake_node) StdoutLine: {'line': b'-- Configuring done\n'}
[1.518879] (turtlebot3_example) JobEnded: {'identifier': 'turtlebot3_example', 'rc': 0}
[1.519470] (turtlebot3_manipulation_gazebo) StdoutLine: {'line': b'-- Symlinking: /home/student/ros2_ws/install/turtlebot3_manipulation_gazebo/share/turtlebot3_manipulation_gazebo/environment/path.sh\n'}
[1.527275] (turtlebot3_gazebo) StdoutLine: {'line': b'-- Found ZeroMQ: TRUE (Required is at least version "4") \n'}
[1.527430] (turtlebot3_manipulation_gazebo) StdoutLine: {'line': b'-- Symlinking: /home/student/ros2_ws/install/turtlebot3_manipulation_gazebo/share/turtlebot3_manipulation_gazebo/environment/path.dsv\n'}
[1.528385] (turtlebot3_fake_node) StdoutLine: {'line': b'-- Generating done\n'}
[1.532302] (turtlebot3_fake_node) StdoutLine: {'line': b'-- Build files have been written to: /home/student/ros2_ws/build/turtlebot3_fake_node\n'}
[1.533605] (turtlebot3_gazebo) StdoutLine: {'line': b"-- Checking for module 'uuid'\n"}
[1.535223] (turtlebot3_manipulation_gazebo) StdoutLine: {'line': b'-- Symlinking: /home/student/ros2_ws/install/turtlebot3_manipulation_gazebo/share/turtlebot3_manipulation_gazebo/local_setup.bash\n'}
[1.538343] (turtlebot3_node) StdoutLine: {'line': b'-- Configuring done\n'}
[1.539643] (turtlebot3_fake_node) CommandEnded: {'returncode': 0}
[1.539982] (turtlebot3_fake_node) JobProgress: {'identifier': 'turtlebot3_fake_node', 'progress': 'build'}
[1.540283] (turtlebot3_fake_node) Command: {'cmd': ['/usr/bin/cmake', '--build', '/home/student/ros2_ws/build/turtlebot3_fake_node', '--', '-j16', '-l16'], 'cwd': '/home/student/ros2_ws/build/turtlebot3_fake_node', 'env': OrderedDict([('HOSTNAME', 'gregor-PC'), ('SHLVL', '1'), ('LD_LIBRARY_PATH', '/usr/lib/x86_64-linux-gnu/gazebo-11/plugins:/opt/ros/humble/opt/rviz_ogre_vendor/lib:/opt/ros/humble/lib/x86_64-linux-gnu:/opt/ros/humble/lib:/usr/lib/x86_64-linux-gnu/gazebo-11/plugins:'), ('HOME', '/home/student'), ('OLDPWD', '/home/student'), ('GAZEBO_MASTER_URI', 'http://localhost:11345'), ('ROS_PYTHON_VERSION', '3'), ('COLCON_PREFIX_PATH', '/home/student/ros2_ws/install'), ('ROS_DISTRO', 'humble'), ('_', '/usr/bin/colcon'), ('ROS_VERSION', '2'), ('TERM', 'xterm'), ('GAZEBO_MODEL_PATH', '/usr/share/gazebo-11/models:'), ('ROS_LOCALHOST_ONLY', '1'), ('QT_X11_NO_MITSHM', '1'), ('OGRE_RESOURCE_PATH', '/usr/lib/x86_64-linux-gnu/OGRE-1.9.0'), ('PATH', '/opt/ros/humble/bin:/usr/local/sbin:/usr/local/bin:/usr/sbin:/usr/bin:/sbin:/bin'), ('DISPLAY', ':0'), ('LANG', 'C.UTF-8'), ('LS_COLORS', 'rs=0:di=01;34:ln=01;36:mh=00:pi=40;33:so=01;35:do=01;35:bd=40;33;01:cd=40;33;01:or=40;31;01:mi=00:su=37;41:sg=30;43:ca=30;41:tw=30;42:ow=34;42:st=37;44:ex=01;32:*.tar=01;31:*.tgz=01;31:*.arc=01;31:*.arj=01;31:*.taz=01;31:*.lha=01;31:*.lz4=01;31:*.lzh=01;31:*.lzma=01;31:*.tlz=01;31:*.txz=01;31:*.tzo=01;31:*.t7z=01;31:*.zip=01;31:*.z=01;31:*.dz=01;31:*.gz=01;31:*.lrz=01;31:*.lz=01;31:*.lzo=01;31:*.xz=01;31:*.zst=01;31:*.tzst=01;31:*.bz2=01;31:*.bz=01;31:*.tbz=01;31:*.tbz2=01;31:*.tz=01;31:*.deb=01;31:*.rpm=01;31:*.jar=01;31:*.war=01;31:*.ear=01;31:*.sar=01;31:*.rar=01;31:*.alz=01;31:*.ace=01;31:*.zoo=01;31:*.cpio=01;31:*.7z=01;31:*.rz=01;31:*.cab=01;31:*.wim=01;31:*.swm=01;31:*.dwm=01;31:*.esd=01;31:*.jpg=01;35:*.jpeg=01;35:*.mjpg=01;35:*.mjpeg=01;35:*.gif=01;35:*.bmp=01;35:*.pbm=01;35:*.pgm=01;35:*.ppm=01;35:*.tga=01;35:*.xbm=01;35:*.xpm=01;35:*.tif=01;35:*.tiff=01;35:*.png=01;35:*.svg=01;35:*.svgz=01;35:*.mng=01;35:*.pcx=01;35:*.mov=01;35:*.mpg=01;35:*.mpeg=01;35:*.m2v=01;35:*.mkv=01;35:*.webm=01;35:*.webp=01;35:*.ogm=01;35:*.mp4=01;35:*.m4v=01;35:*.mp4v=01;35:*.vob=01;35:*.qt=01;35:*.nuv=01;35:*.wmv=01;35:*.asf=01;35:*.rm=01;35:*.rmvb=01;35:*.flc=01;35:*.avi=01;35:*.fli=01;35:*.flv=01;35:*.gl=01;35:*.dl=01;35:*.xcf=01;35:*.xwd=01;35:*.yuv=01;35:*.cgm=01;35:*.emf=01;35:*.ogv=01;35:*.ogx=01;35:*.aac=00;36:*.au=00;36:*.flac=00;36:*.m4a=00;36:*.mid=00;36:*.midi=00;36:*.mka=00;36:*.mp3=00;36:*.mpc=00;36:*.ogg=00;36:*.ra=00;36:*.wav=00;36:*.oga=00;36:*.opus=00;36:*.spx=00;36:*.xspf=00;36:'), ('ROS_DOMAIN_ID', '30'), ('AMENT_PREFIX_PATH', '/home/student/ros2_ws/install/my_robot_controller:/opt/ros/humble'), ('GAZEBO_RESOURCE_PATH', '/usr/share/gazebo-11:'), ('GAZEBO_MODEL_DATABASE_URI', 'http://models.gazebosim.org'), ('PWD', '/home/student/ros2_ws/build/turtlebot3_fake_node'), ('TURTLEBOT3_MODEL', 'burger'), ('LC_ALL', 'C.UTF-8'), ('GAZEBO_PLUGIN_PATH', '/usr/lib/x86_64-linux-gnu/gazebo-11/plugins:'), ('PYTHONPATH', '/home/student/ros2_ws/install/my_robot_controller/lib/python3.10/site-packages:/opt/ros/humble/lib/python3.10/site-packages:/opt/ros/humble/local/lib/python3.10/dist-packages'), ('COLCON', '1'), ('CMAKE_PREFIX_PATH', '/home/student/ros2_ws/install/my_robot_controller:/opt/ros/humble')]), 'shell': False}
[1.542622] (turtlebot3_manipulation_gazebo) StdoutLine: {'line': b'-- Symlinking: /home/student/ros2_ws/install/turtlebot3_manipulation_gazebo/share/turtlebot3_manipulation_gazebo/local_setup.sh\n'}
[1.546159] (turtlebot3_gazebo) StdoutLine: {'line': b'--   Found uuid, version 2.37.2\n'}
[1.550114] (turtlebot3_manipulation_gazebo) StdoutLine: {'line': b'-- Symlinking: /home/student/ros2_ws/install/turtlebot3_manipulation_gazebo/share/turtlebot3_manipulation_gazebo/local_setup.zsh\n'}
[1.557606] (turtlebot3_manipulation_gazebo) StdoutLine: {'line': b'-- Symlinking: /home/student/ros2_ws/install/turtlebot3_manipulation_gazebo/share/turtlebot3_manipulation_gazebo/local_setup.dsv\n'}
[1.559056] (turtlebot3_node) StdoutLine: {'line': b'-- Generating done\n'}
[1.564064] (turtlebot3_node) StdoutLine: {'line': b'-- Build files have been written to: /home/student/ros2_ws/build/turtlebot3_node\n'}
[1.565268] (turtlebot3_manipulation_gazebo) StdoutLine: {'line': b'-- Symlinking: /home/student/ros2_ws/install/turtlebot3_manipulation_gazebo/share/turtlebot3_manipulation_gazebo/package.dsv\n'}
[1.572765] (turtlebot3_node) CommandEnded: {'returncode': 0}
[1.573166] (turtlebot3_manipulation_gazebo) StdoutLine: {'line': b'-- Symlinking: /home/student/ros2_ws/install/turtlebot3_manipulation_gazebo/share/ament_index/resource_index/packages/turtlebot3_manipulation_gazebo\n'}
[1.573804] (turtlebot3_node) JobProgress: {'identifier': 'turtlebot3_node', 'progress': 'build'}
[1.573828] (turtlebot3_node) Command: {'cmd': ['/usr/bin/cmake', '--build', '/home/student/ros2_ws/build/turtlebot3_node', '--', '-j16', '-l16'], 'cwd': '/home/student/ros2_ws/build/turtlebot3_node', 'env': OrderedDict([('HOSTNAME', 'gregor-PC'), ('SHLVL', '1'), ('LD_LIBRARY_PATH', '/usr/lib/x86_64-linux-gnu/gazebo-11/plugins:/opt/ros/humble/opt/rviz_ogre_vendor/lib:/opt/ros/humble/lib/x86_64-linux-gnu:/opt/ros/humble/lib:/usr/lib/x86_64-linux-gnu/gazebo-11/plugins:'), ('HOME', '/home/student'), ('OLDPWD', '/home/student'), ('GAZEBO_MASTER_URI', 'http://localhost:11345'), ('ROS_PYTHON_VERSION', '3'), ('COLCON_PREFIX_PATH', '/home/student/ros2_ws/install'), ('ROS_DISTRO', 'humble'), ('_', '/usr/bin/colcon'), ('ROS_VERSION', '2'), ('TERM', 'xterm'), ('GAZEBO_MODEL_PATH', '/usr/share/gazebo-11/models:'), ('ROS_LOCALHOST_ONLY', '1'), ('QT_X11_NO_MITSHM', '1'), ('OGRE_RESOURCE_PATH', '/usr/lib/x86_64-linux-gnu/OGRE-1.9.0'), ('PATH', '/opt/ros/humble/bin:/usr/local/sbin:/usr/local/bin:/usr/sbin:/usr/bin:/sbin:/bin'), ('DISPLAY', ':0'), ('LANG', 'C.UTF-8'), ('LS_COLORS', 'rs=0:di=01;34:ln=01;36:mh=00:pi=40;33:so=01;35:do=01;35:bd=40;33;01:cd=40;33;01:or=40;31;01:mi=00:su=37;41:sg=30;43:ca=30;41:tw=30;42:ow=34;42:st=37;44:ex=01;32:*.tar=01;31:*.tgz=01;31:*.arc=01;31:*.arj=01;31:*.taz=01;31:*.lha=01;31:*.lz4=01;31:*.lzh=01;31:*.lzma=01;31:*.tlz=01;31:*.txz=01;31:*.tzo=01;31:*.t7z=01;31:*.zip=01;31:*.z=01;31:*.dz=01;31:*.gz=01;31:*.lrz=01;31:*.lz=01;31:*.lzo=01;31:*.xz=01;31:*.zst=01;31:*.tzst=01;31:*.bz2=01;31:*.bz=01;31:*.tbz=01;31:*.tbz2=01;31:*.tz=01;31:*.deb=01;31:*.rpm=01;31:*.jar=01;31:*.war=01;31:*.ear=01;31:*.sar=01;31:*.rar=01;31:*.alz=01;31:*.ace=01;31:*.zoo=01;31:*.cpio=01;31:*.7z=01;31:*.rz=01;31:*.cab=01;31:*.wim=01;31:*.swm=01;31:*.dwm=01;31:*.esd=01;31:*.jpg=01;35:*.jpeg=01;35:*.mjpg=01;35:*.mjpeg=01;35:*.gif=01;35:*.bmp=01;35:*.pbm=01;35:*.pgm=01;35:*.ppm=01;35:*.tga=01;35:*.xbm=01;35:*.xpm=01;35:*.tif=01;35:*.tiff=01;35:*.png=01;35:*.svg=01;35:*.svgz=01;35:*.mng=01;35:*.pcx=01;35:*.mov=01;35:*.mpg=01;35:*.mpeg=01;35:*.m2v=01;35:*.mkv=01;35:*.webm=01;35:*.webp=01;35:*.ogm=01;35:*.mp4=01;35:*.m4v=01;35:*.mp4v=01;35:*.vob=01;35:*.qt=01;35:*.nuv=01;35:*.wmv=01;35:*.asf=01;35:*.rm=01;35:*.rmvb=01;35:*.flc=01;35:*.avi=01;35:*.fli=01;35:*.flv=01;35:*.gl=01;35:*.dl=01;35:*.xcf=01;35:*.xwd=01;35:*.yuv=01;35:*.cgm=01;35:*.emf=01;35:*.ogv=01;35:*.ogx=01;35:*.aac=00;36:*.au=00;36:*.flac=00;36:*.m4a=00;36:*.mid=00;36:*.midi=00;36:*.mka=00;36:*.mp3=00;36:*.mpc=00;36:*.ogg=00;36:*.ra=00;36:*.wav=00;36:*.oga=00;36:*.opus=00;36:*.spx=00;36:*.xspf=00;36:'), ('ROS_DOMAIN_ID', '30'), ('AMENT_PREFIX_PATH', '/home/student/ros2_ws/install/my_robot_controller:/opt/ros/humble'), ('GAZEBO_RESOURCE_PATH', '/usr/share/gazebo-11:'), ('GAZEBO_MODEL_DATABASE_URI', 'http://models.gazebosim.org'), ('PWD', '/home/student/ros2_ws/build/turtlebot3_node'), ('TURTLEBOT3_MODEL', 'burger'), ('LC_ALL', 'C.UTF-8'), ('GAZEBO_PLUGIN_PATH', '/usr/lib/x86_64-linux-gnu/gazebo-11/plugins:'), ('PYTHONPATH', '/home/student/ros2_ws/install/my_robot_controller/lib/python3.10/site-packages:/opt/ros/humble/lib/python3.10/site-packages:/opt/ros/humble/local/lib/python3.10/dist-packages'), ('COLCON', '1'), ('CMAKE_PREFIX_PATH', '/home/student/ros2_ws/install/my_robot_controller:/opt/ros/humble')]), 'shell': False}
[1.578428] (turtlebot3_gazebo) StdoutLine: {'line': b'-- Found UUID: TRUE  \n'}
[1.580686] (turtlebot3_manipulation_gazebo) StdoutLine: {'line': b'-- Symlinking: /home/student/ros2_ws/install/turtlebot3_manipulation_gazebo/share/turtlebot3_manipulation_gazebo/cmake/turtlebot3_manipulation_gazeboConfig.cmake\n'}
[1.582252] (turtlebot3_gazebo) StdoutLine: {'line': b'-- Looking for ignition-msgs5 -- found version 5.8.1\n'}
[1.582638] (turtlebot3_gazebo) StdoutLine: {'line': b'-- Searching for dependencies of ignition-msgs5\n'}
[1.585427] (turtlebot3_fake_node) StdoutLine: {'line': b'[ 50%] \x1b[32mBuilding CXX object CMakeFiles/turtlebot3_fake_node.dir/src/turtlebot3_fake_node.cpp.o\x1b[0m\n'}
[1.588001] (turtlebot3_manipulation_gazebo) StdoutLine: {'line': b'-- Symlinking: /home/student/ros2_ws/install/turtlebot3_manipulation_gazebo/share/turtlebot3_manipulation_gazebo/cmake/turtlebot3_manipulation_gazeboConfig-version.cmake\n'}
[1.595289] (turtlebot3_manipulation_gazebo) StdoutLine: {'line': b'-- Symlinking: /home/student/ros2_ws/install/turtlebot3_manipulation_gazebo/share/turtlebot3_manipulation_gazebo/package.xml\n'}
[1.600859] (-) TimerEvent: {}
[1.604198] (turtlebot3_manipulation_gazebo) CommandEnded: {'returncode': 0}
[1.605239] (turtlebot3_gazebo) StdoutLine: {'line': b'-- Looking for ignition-math6 -- found version 6.15.1\n'}
[1.609980] (turtlebot3_gazebo) StdoutLine: {'line': b"-- Checking for module 'tinyxml2'\n"}
[1.615296] (turtlebot3_manipulation_gazebo) JobEnded: {'identifier': 'turtlebot3_manipulation_gazebo', 'rc': 0}
[1.620124] (turtlebot3_node) StdoutLine: {'line': b'[  7%] \x1b[32mBuilding CXX object CMakeFiles/turtlebot3_node_lib.dir/src/devices/motor_power.cpp.o\x1b[0m\n'}
[1.620311] (turtlebot3_node) StdoutLine: {'line': b'[ 21%] \x1b[32mBuilding CXX object CMakeFiles/turtlebot3_node_lib.dir/src/diff_drive_controller.cpp.o\x1b[0m\n'}
[1.620402] (turtlebot3_node) StdoutLine: {'line': b'[ 21%] \x1b[32mBuilding CXX object CMakeFiles/turtlebot3_node_lib.dir/src/odometry.cpp.o\x1b[0m\n'}
[1.620503] (turtlebot3_node) StdoutLine: {'line': b'[ 28%] \x1b[32mBuilding CXX object CMakeFiles/turtlebot3_node_lib.dir/src/devices/reset.cpp.o\x1b[0m\n'}
[1.620598] (turtlebot3_node) StdoutLine: {'line': b'[ 35%] \x1b[32mBuilding CXX object CMakeFiles/turtlebot3_node_lib.dir/src/devices/sound.cpp.o\x1b[0m\n'}
[1.621240] (turtlebot3_node) StdoutLine: {'line': b'[ 42%] \x1b[32mBuilding CXX object CMakeFiles/turtlebot3_node_lib.dir/src/turtlebot3.cpp.o\x1b[0m\n'}
[1.621348] (turtlebot3_node) StdoutLine: {'line': b'[ 50%] \x1b[32mBuilding CXX object CMakeFiles/turtlebot3_node_lib.dir/src/dynamixel_sdk_wrapper.cpp.o\x1b[0m\n'}
[1.621832] (turtlebot3_node) StdoutLine: {'line': b'[ 57%] \x1b[32mBuilding CXX object CMakeFiles/turtlebot3_node_lib.dir/src/sensors/battery_state.cpp.o\x1b[0m\n'}
[1.622220] (turtlebot3_node) StdoutLine: {'line': b'[ 64%] \x1b[32mBuilding CXX object CMakeFiles/turtlebot3_node_lib.dir/src/sensors/imu.cpp.o\x1b[0m\n'}
[1.622363] (turtlebot3_node) StdoutLine: {'line': b'[ 71%] \x1b[32mBuilding CXX object CMakeFiles/turtlebot3_node_lib.dir/src/sensors/joint_state.cpp.o\x1b[0m\n'}
[1.622581] (turtlebot3_node) StdoutLine: {'line': b'[ 78%] \x1b[32mBuilding CXX object CMakeFiles/turtlebot3_node_lib.dir/src/sensors/sensor_state.cpp.o\x1b[0m\n'}
[1.623401] (turtlebot3_gazebo) StdoutLine: {'line': b'--   Found tinyxml2, version 9.0.0\n'}
[1.658309] (turtlebot3_gazebo) StdoutLine: {'line': b'-- Looking for ignition-msgs5 -- found version 5.8.1\n'}
[1.665154] (turtlebot3_gazebo) StdoutLine: {'line': b'-- Looking for ignition-common3 -- found version 3.14.0\n'}
[1.665631] (turtlebot3_gazebo) StdoutLine: {'line': b'-- Searching for dependencies of ignition-common3\n'}
[1.666288] (turtlebot3_gazebo) StdoutLine: {'line': b'-- Looking for dlfcn.h - found\n'}
[1.666974] (turtlebot3_gazebo) StdoutLine: {'line': b'-- Looking for libdl - found\n'}
[1.668392] (turtlebot3_gazebo) StdoutLine: {'line': b'-- Found DL: TRUE  \n'}
[1.682673] (turtlebot3_gazebo) StdoutLine: {'line': b'-- Found tinyobjloader: /usr/lib/x86_64-linux-gnu/cmake/tinyobjloader/tinyobjloader-config.cmake (found version "2.0.0") \n'}
[1.683690] (turtlebot3_gazebo) StdoutLine: {'line': b'-- Searching for <ignition-common3> component [graphics]\n'}
[1.688302] (turtlebot3_gazebo) StdoutLine: {'line': b'-- Looking for ignition-common3-graphics -- found version 3.14.0\n'}
[1.688831] (turtlebot3_gazebo) StdoutLine: {'line': b'-- Searching for dependencies of ignition-common3-graphics\n'}
[1.689240] (turtlebot3_gazebo) StdoutLine: {'line': b'-- Looking for ignition-math6 -- found version 6.15.1\n'}
[1.695557] (turtlebot3_gazebo) StdoutLine: {'line': b'-- Looking for ignition-fuel_tools4 -- found version 4.4.0\n'}
[1.696049] (turtlebot3_gazebo) StdoutLine: {'line': b'-- Searching for dependencies of ignition-fuel_tools4\n'}
[1.700930] (-) TimerEvent: {}
[1.774089] (turtlebot3_gazebo) StdoutLine: {'line': b'-- Found CURL: /usr/lib/x86_64-linux-gnu/libcurl.so (found version "7.81.0")  \n'}
[1.784458] (turtlebot3_gazebo) StdoutLine: {'line': b"-- Checking for module 'jsoncpp'\n"}
[1.796680] (turtlebot3_gazebo) StdoutLine: {'line': b'--   Found jsoncpp, version 1.9.5\n'}
[1.801001] (-) TimerEvent: {}
[1.828991] (turtlebot3_gazebo) StdoutLine: {'line': b'-- Found JSONCPP: TRUE  \n'}
[1.836137] (turtlebot3_gazebo) StdoutLine: {'line': b"-- Checking for module 'libzip'\n"}
[1.848122] (turtlebot3_gazebo) StdoutLine: {'line': b'--   Found libzip, version 1.7.3\n'}
[1.881105] (turtlebot3_gazebo) StdoutLine: {'line': b'-- Found ZIP: TRUE  \n'}
[1.881614] (turtlebot3_gazebo) StdoutLine: {'line': b'-- Looking for ignition-common3 -- found version 3.14.0\n'}
[1.882066] (turtlebot3_gazebo) StdoutLine: {'line': b'-- Looking for ignition-math6 -- found version 6.15.1\n'}
[1.882522] (turtlebot3_gazebo) StdoutLine: {'line': b'-- Looking for ignition-msgs5 -- found version 5.8.1\n'}
[1.895036] (turtlebot3_gazebo) StdoutLine: {'line': b'-- Found gazebo_ros_pkgs: 3.9.0 (/opt/ros/humble/share/gazebo_ros_pkgs/cmake)\n'}
[1.898280] (turtlebot3_gazebo) StdoutLine: {'line': b'-- Found geometry_msgs: 4.9.1 (/opt/ros/humble/share/geometry_msgs/cmake)\n'}
[1.901069] (-) TimerEvent: {}
[1.948777] (turtlebot3_gazebo) StdoutLine: {'line': b'-- Found rosidl_generator_c: 3.1.8 (/opt/ros/humble/share/rosidl_generator_c/cmake)\n'}
[1.958099] (turtlebot3_gazebo) StdoutLine: {'line': b'-- Found rosidl_adapter: 3.1.8 (/opt/ros/humble/share/rosidl_adapter/cmake)\n'}
[1.971720] (turtlebot3_gazebo) StdoutLine: {'line': b'-- Found rosidl_generator_cpp: 3.1.8 (/opt/ros/humble/share/rosidl_generator_cpp/cmake)\n'}
[1.990046] (turtlebot3_gazebo) StdoutLine: {'line': b'-- Using all available rosidl_typesupport_c: rosidl_typesupport_fastrtps_c;rosidl_typesupport_introspection_c\n'}
[2.001144] (-) TimerEvent: {}
[2.016370] (turtlebot3_gazebo) StdoutLine: {'line': b'-- Using all available rosidl_typesupport_cpp: rosidl_typesupport_fastrtps_cpp;rosidl_typesupport_introspection_cpp\n'}
[2.073561] (turtlebot3_gazebo) StdoutLine: {'line': b'-- Found nav_msgs: 4.9.1 (/opt/ros/humble/share/nav_msgs/cmake)\n'}
[2.097597] (turtlebot3_gazebo) StdoutLine: {'line': b'-- Found rclcpp: 16.0.19 (/opt/ros/humble/share/rclcpp/cmake)\n'}
[2.101218] (-) TimerEvent: {}
[2.163409] (turtlebot3_gazebo) StdoutLine: {'line': b'-- Found rmw_implementation_cmake: 6.1.2 (/opt/ros/humble/share/rmw_implementation_cmake/cmake)\n'}
[2.168477] (turtlebot3_gazebo) StdoutLine: {'line': b'-- Found rmw_fastrtps_cpp: 6.2.10 (/opt/ros/humble/share/rmw_fastrtps_cpp/cmake)\n'}
[2.201339] (-) TimerEvent: {}
[2.301953] (-) TimerEvent: {}
[2.307193] (turtlebot3_gazebo) StdoutLine: {'line': b'-- Found OpenSSL: /usr/lib/x86_64-linux-gnu/libcrypto.so (found version "3.0.2")  \n'}
[2.349829] (turtlebot3_gazebo) StdoutLine: {'line': b'-- Found FastRTPS: /opt/ros/humble/include  \n'}
[2.402069] (-) TimerEvent: {}
[2.425770] (turtlebot3_gazebo) StdoutLine: {'line': b"-- Using RMW implementation 'rmw_fastrtps_cpp' as default\n"}
[2.442410] (turtlebot3_gazebo) StdoutLine: {'line': b'-- Found Threads: TRUE  \n'}
[2.502186] (-) TimerEvent: {}
[2.502475] (turtlebot3_gazebo) StdoutLine: {'line': b'-- Found sensor_msgs: 4.9.1 (/opt/ros/humble/share/sensor_msgs/cmake)\n'}
[2.529924] (turtlebot3_gazebo) StdoutLine: {'line': b'-- Found tf2: 0.25.20 (/opt/ros/humble/share/tf2/cmake)\n'}
[2.602286] (-) TimerEvent: {}
[2.636546] (turtlebot3_gazebo) StdoutLine: {'line': b'-- Configuring done\n'}
[2.702409] (-) TimerEvent: {}
[2.744170] (turtlebot3_gazebo) StdoutLine: {'line': b'-- Generating done\n'}
[2.756995] (turtlebot3_gazebo) StdoutLine: {'line': b'-- Build files have been written to: /home/student/ros2_ws/build/turtlebot3_gazebo\n'}
[2.774690] (turtlebot3_gazebo) CommandEnded: {'returncode': 0}
[2.775500] (turtlebot3_gazebo) JobProgress: {'identifier': 'turtlebot3_gazebo', 'progress': 'build'}
[2.776126] (turtlebot3_gazebo) Command: {'cmd': ['/usr/bin/cmake', '--build', '/home/student/ros2_ws/build/turtlebot3_gazebo', '--', '-j16', '-l16'], 'cwd': '/home/student/ros2_ws/build/turtlebot3_gazebo', 'env': OrderedDict([('HOSTNAME', 'gregor-PC'), ('SHLVL', '1'), ('LD_LIBRARY_PATH', '/usr/lib/x86_64-linux-gnu/gazebo-11/plugins:/opt/ros/humble/opt/rviz_ogre_vendor/lib:/opt/ros/humble/lib/x86_64-linux-gnu:/opt/ros/humble/lib:/usr/lib/x86_64-linux-gnu/gazebo-11/plugins:'), ('HOME', '/home/student'), ('OLDPWD', '/home/student'), ('GAZEBO_MASTER_URI', 'http://localhost:11345'), ('ROS_PYTHON_VERSION', '3'), ('COLCON_PREFIX_PATH', '/home/student/ros2_ws/install'), ('ROS_DISTRO', 'humble'), ('_', '/usr/bin/colcon'), ('ROS_VERSION', '2'), ('TERM', 'xterm'), ('GAZEBO_MODEL_PATH', '/usr/share/gazebo-11/models:'), ('ROS_LOCALHOST_ONLY', '1'), ('QT_X11_NO_MITSHM', '1'), ('OGRE_RESOURCE_PATH', '/usr/lib/x86_64-linux-gnu/OGRE-1.9.0'), ('PATH', '/opt/ros/humble/bin:/usr/local/sbin:/usr/local/bin:/usr/sbin:/usr/bin:/sbin:/bin'), ('DISPLAY', ':0'), ('LANG', 'C.UTF-8'), ('LS_COLORS', 'rs=0:di=01;34:ln=01;36:mh=00:pi=40;33:so=01;35:do=01;35:bd=40;33;01:cd=40;33;01:or=40;31;01:mi=00:su=37;41:sg=30;43:ca=30;41:tw=30;42:ow=34;42:st=37;44:ex=01;32:*.tar=01;31:*.tgz=01;31:*.arc=01;31:*.arj=01;31:*.taz=01;31:*.lha=01;31:*.lz4=01;31:*.lzh=01;31:*.lzma=01;31:*.tlz=01;31:*.txz=01;31:*.tzo=01;31:*.t7z=01;31:*.zip=01;31:*.z=01;31:*.dz=01;31:*.gz=01;31:*.lrz=01;31:*.lz=01;31:*.lzo=01;31:*.xz=01;31:*.zst=01;31:*.tzst=01;31:*.bz2=01;31:*.bz=01;31:*.tbz=01;31:*.tbz2=01;31:*.tz=01;31:*.deb=01;31:*.rpm=01;31:*.jar=01;31:*.war=01;31:*.ear=01;31:*.sar=01;31:*.rar=01;31:*.alz=01;31:*.ace=01;31:*.zoo=01;31:*.cpio=01;31:*.7z=01;31:*.rz=01;31:*.cab=01;31:*.wim=01;31:*.swm=01;31:*.dwm=01;31:*.esd=01;31:*.jpg=01;35:*.jpeg=01;35:*.mjpg=01;35:*.mjpeg=01;35:*.gif=01;35:*.bmp=01;35:*.pbm=01;35:*.pgm=01;35:*.ppm=01;35:*.tga=01;35:*.xbm=01;35:*.xpm=01;35:*.tif=01;35:*.tiff=01;35:*.png=01;35:*.svg=01;35:*.svgz=01;35:*.mng=01;35:*.pcx=01;35:*.mov=01;35:*.mpg=01;35:*.mpeg=01;35:*.m2v=01;35:*.mkv=01;35:*.webm=01;35:*.webp=01;35:*.ogm=01;35:*.mp4=01;35:*.m4v=01;35:*.mp4v=01;35:*.vob=01;35:*.qt=01;35:*.nuv=01;35:*.wmv=01;35:*.asf=01;35:*.rm=01;35:*.rmvb=01;35:*.flc=01;35:*.avi=01;35:*.fli=01;35:*.flv=01;35:*.gl=01;35:*.dl=01;35:*.xcf=01;35:*.xwd=01;35:*.yuv=01;35:*.cgm=01;35:*.emf=01;35:*.ogv=01;35:*.ogx=01;35:*.aac=00;36:*.au=00;36:*.flac=00;36:*.m4a=00;36:*.mid=00;36:*.midi=00;36:*.mka=00;36:*.mp3=00;36:*.mpc=00;36:*.ogg=00;36:*.ra=00;36:*.wav=00;36:*.oga=00;36:*.opus=00;36:*.spx=00;36:*.xspf=00;36:'), ('ROS_DOMAIN_ID', '30'), ('AMENT_PREFIX_PATH', '/home/student/ros2_ws/install/my_robot_controller:/opt/ros/humble'), ('GAZEBO_RESOURCE_PATH', '/usr/share/gazebo-11:'), ('GAZEBO_MODEL_DATABASE_URI', 'http://models.gazebosim.org'), ('PWD', '/home/student/ros2_ws/build/turtlebot3_gazebo'), ('TURTLEBOT3_MODEL', 'burger'), ('LC_ALL', 'C.UTF-8'), ('GAZEBO_PLUGIN_PATH', '/usr/lib/x86_64-linux-gnu/gazebo-11/plugins:'), ('PYTHONPATH', '/home/student/ros2_ws/install/my_robot_controller/lib/python3.10/site-packages:/opt/ros/humble/lib/python3.10/site-packages:/opt/ros/humble/local/lib/python3.10/dist-packages'), ('COLCON', '1'), ('CMAKE_PREFIX_PATH', '/home/student/ros2_ws/install/my_robot_controller:/opt/ros/humble')]), 'shell': False}
[2.802516] (-) TimerEvent: {}
[2.859422] (turtlebot3_gazebo) StdoutLine: {'line': b'[  8%] \x1b[32mBuilding CXX object CMakeFiles/traffic_bar_plugin.dir/src/traffic_bar_plugin.cpp.o\x1b[0m\n'}
[2.859666] (turtlebot3_gazebo) StdoutLine: {'line': b'[ 16%] \x1b[32mBuilding CXX object CMakeFiles/obstacle1.dir/src/obstacle1.cpp.o\x1b[0m\n'}
[2.862394] (turtlebot3_gazebo) StdoutLine: {'line': b'[ 25%] \x1b[32mBuilding CXX object CMakeFiles/traffic_light_plugin.dir/src/traffic_light_plugin.cpp.o\x1b[0m\n'}
[2.863704] (turtlebot3_gazebo) StdoutLine: {'line': b'[ 33%] \x1b[32mBuilding CXX object CMakeFiles/obstacle2.dir/src/obstacle2.cpp.o\x1b[0m\n'}
[2.864625] (turtlebot3_gazebo) StdoutLine: {'line': b'[ 41%] \x1b[32mBuilding CXX object CMakeFiles/turtlebot3_drive.dir/src/turtlebot3_drive.cpp.o\x1b[0m\n'}
[2.867400] (turtlebot3_gazebo) StdoutLine: {'line': b'[ 50%] \x1b[32mBuilding CXX object CMakeFiles/obstacles.dir/src/obstacles.cpp.o\x1b[0m\n'}
[2.903216] (-) TimerEvent: {}
[3.004081] (-) TimerEvent: {}
[3.106990] (-) TimerEvent: {}
[3.207412] (-) TimerEvent: {}
[3.307773] (-) TimerEvent: {}
[3.408953] (-) TimerEvent: {}
[3.509335] (-) TimerEvent: {}
[3.609683] (-) TimerEvent: {}
[3.710029] (-) TimerEvent: {}
[3.811457] (-) TimerEvent: {}
[3.911847] (-) TimerEvent: {}
[4.016966] (-) TimerEvent: {}
[4.117396] (-) TimerEvent: {}
[4.217827] (-) TimerEvent: {}
[4.318282] (-) TimerEvent: {}
[4.418718] (-) TimerEvent: {}
[4.519200] (-) TimerEvent: {}
[4.619747] (-) TimerEvent: {}
[4.720277] (-) TimerEvent: {}
[4.822708] (-) TimerEvent: {}
[4.923559] (-) TimerEvent: {}
[5.023956] (-) TimerEvent: {}
[5.125856] (-) TimerEvent: {}
[5.227506] (-) TimerEvent: {}
[5.328762] (-) TimerEvent: {}
[5.432166] (-) TimerEvent: {}
[5.532577] (-) TimerEvent: {}
[5.632938] (-) TimerEvent: {}
[5.733418] (-) TimerEvent: {}
[5.833954] (-) TimerEvent: {}
[5.934890] (-) TimerEvent: {}
[6.035259] (-) TimerEvent: {}
[6.135686] (-) TimerEvent: {}
[6.236219] (-) TimerEvent: {}
[6.336568] (-) TimerEvent: {}
[6.436934] (-) TimerEvent: {}
[6.537298] (-) TimerEvent: {}
[6.637639] (-) TimerEvent: {}
[6.738082] (-) TimerEvent: {}
[6.838673] (-) TimerEvent: {}
[6.938988] (-) TimerEvent: {}
[7.039275] (-) TimerEvent: {}
[7.139572] (-) TimerEvent: {}
[7.239933] (-) TimerEvent: {}
[7.340275] (-) TimerEvent: {}
[7.440589] (-) TimerEvent: {}
[7.540986] (-) TimerEvent: {}
[7.641357] (-) TimerEvent: {}
[7.741744] (-) TimerEvent: {}
[7.842142] (-) TimerEvent: {}
[7.942517] (-) TimerEvent: {}
[8.042897] (-) TimerEvent: {}
[8.143279] (-) TimerEvent: {}
[8.243650] (-) TimerEvent: {}
[8.344007] (-) TimerEvent: {}
[8.444371] (-) TimerEvent: {}
[8.544767] (-) TimerEvent: {}
[8.645116] (-) TimerEvent: {}
[8.745446] (-) TimerEvent: {}
[8.845785] (-) TimerEvent: {}
[8.946131] (-) TimerEvent: {}
[9.046487] (-) TimerEvent: {}
[9.146863] (-) TimerEvent: {}
[9.247256] (-) TimerEvent: {}
[9.347648] (-) TimerEvent: {}
[9.448030] (-) TimerEvent: {}
[9.548392] (-) TimerEvent: {}
[9.648759] (-) TimerEvent: {}
[9.749141] (-) TimerEvent: {}
[9.849501] (-) TimerEvent: {}
[9.949855] (-) TimerEvent: {}
[10.050206] (-) TimerEvent: {}
[10.150558] (-) TimerEvent: {}
[10.250924] (-) TimerEvent: {}
[10.351270] (-) TimerEvent: {}
[10.451623] (-) TimerEvent: {}
[10.551963] (-) TimerEvent: {}
[10.652332] (-) TimerEvent: {}
[10.670657] (turtlebot3_fake_node) StdoutLine: {'line': b'[100%] \x1b[32m\x1b[1mLinking CXX executable turtlebot3_fake_node\x1b[0m\n'}
[10.752457] (-) TimerEvent: {}
[10.852802] (-) TimerEvent: {}
[10.953154] (-) TimerEvent: {}
[11.053515] (-) TimerEvent: {}
[11.153890] (-) TimerEvent: {}
[11.227286] (turtlebot3_fake_node) StdoutLine: {'line': b'[100%] Built target turtlebot3_fake_node\n'}
[11.242798] (turtlebot3_fake_node) CommandEnded: {'returncode': 0}
[11.243530] (turtlebot3_fake_node) JobProgress: {'identifier': 'turtlebot3_fake_node', 'progress': 'install'}
[11.244019] (turtlebot3_fake_node) Command: {'cmd': ['/usr/bin/cmake', '--install', '/home/student/ros2_ws/build/turtlebot3_fake_node'], 'cwd': '/home/student/ros2_ws/build/turtlebot3_fake_node', 'env': OrderedDict([('HOSTNAME', 'gregor-PC'), ('SHLVL', '1'), ('LD_LIBRARY_PATH', '/usr/lib/x86_64-linux-gnu/gazebo-11/plugins:/opt/ros/humble/opt/rviz_ogre_vendor/lib:/opt/ros/humble/lib/x86_64-linux-gnu:/opt/ros/humble/lib:/usr/lib/x86_64-linux-gnu/gazebo-11/plugins:'), ('HOME', '/home/student'), ('OLDPWD', '/home/student'), ('GAZEBO_MASTER_URI', 'http://localhost:11345'), ('ROS_PYTHON_VERSION', '3'), ('COLCON_PREFIX_PATH', '/home/student/ros2_ws/install'), ('ROS_DISTRO', 'humble'), ('_', '/usr/bin/colcon'), ('ROS_VERSION', '2'), ('TERM', 'xterm'), ('GAZEBO_MODEL_PATH', '/usr/share/gazebo-11/models:'), ('ROS_LOCALHOST_ONLY', '1'), ('QT_X11_NO_MITSHM', '1'), ('OGRE_RESOURCE_PATH', '/usr/lib/x86_64-linux-gnu/OGRE-1.9.0'), ('PATH', '/opt/ros/humble/bin:/usr/local/sbin:/usr/local/bin:/usr/sbin:/usr/bin:/sbin:/bin'), ('DISPLAY', ':0'), ('LANG', 'C.UTF-8'), ('LS_COLORS', 'rs=0:di=01;34:ln=01;36:mh=00:pi=40;33:so=01;35:do=01;35:bd=40;33;01:cd=40;33;01:or=40;31;01:mi=00:su=37;41:sg=30;43:ca=30;41:tw=30;42:ow=34;42:st=37;44:ex=01;32:*.tar=01;31:*.tgz=01;31:*.arc=01;31:*.arj=01;31:*.taz=01;31:*.lha=01;31:*.lz4=01;31:*.lzh=01;31:*.lzma=01;31:*.tlz=01;31:*.txz=01;31:*.tzo=01;31:*.t7z=01;31:*.zip=01;31:*.z=01;31:*.dz=01;31:*.gz=01;31:*.lrz=01;31:*.lz=01;31:*.lzo=01;31:*.xz=01;31:*.zst=01;31:*.tzst=01;31:*.bz2=01;31:*.bz=01;31:*.tbz=01;31:*.tbz2=01;31:*.tz=01;31:*.deb=01;31:*.rpm=01;31:*.jar=01;31:*.war=01;31:*.ear=01;31:*.sar=01;31:*.rar=01;31:*.alz=01;31:*.ace=01;31:*.zoo=01;31:*.cpio=01;31:*.7z=01;31:*.rz=01;31:*.cab=01;31:*.wim=01;31:*.swm=01;31:*.dwm=01;31:*.esd=01;31:*.jpg=01;35:*.jpeg=01;35:*.mjpg=01;35:*.mjpeg=01;35:*.gif=01;35:*.bmp=01;35:*.pbm=01;35:*.pgm=01;35:*.ppm=01;35:*.tga=01;35:*.xbm=01;35:*.xpm=01;35:*.tif=01;35:*.tiff=01;35:*.png=01;35:*.svg=01;35:*.svgz=01;35:*.mng=01;35:*.pcx=01;35:*.mov=01;35:*.mpg=01;35:*.mpeg=01;35:*.m2v=01;35:*.mkv=01;35:*.webm=01;35:*.webp=01;35:*.ogm=01;35:*.mp4=01;35:*.m4v=01;35:*.mp4v=01;35:*.vob=01;35:*.qt=01;35:*.nuv=01;35:*.wmv=01;35:*.asf=01;35:*.rm=01;35:*.rmvb=01;35:*.flc=01;35:*.avi=01;35:*.fli=01;35:*.flv=01;35:*.gl=01;35:*.dl=01;35:*.xcf=01;35:*.xwd=01;35:*.yuv=01;35:*.cgm=01;35:*.emf=01;35:*.ogv=01;35:*.ogx=01;35:*.aac=00;36:*.au=00;36:*.flac=00;36:*.m4a=00;36:*.mid=00;36:*.midi=00;36:*.mka=00;36:*.mp3=00;36:*.mpc=00;36:*.ogg=00;36:*.ra=00;36:*.wav=00;36:*.oga=00;36:*.opus=00;36:*.spx=00;36:*.xspf=00;36:'), ('ROS_DOMAIN_ID', '30'), ('AMENT_PREFIX_PATH', '/home/student/ros2_ws/install/my_robot_controller:/opt/ros/humble'), ('GAZEBO_RESOURCE_PATH', '/usr/share/gazebo-11:'), ('GAZEBO_MODEL_DATABASE_URI', 'http://models.gazebosim.org'), ('PWD', '/home/student/ros2_ws/build/turtlebot3_fake_node'), ('TURTLEBOT3_MODEL', 'burger'), ('LC_ALL', 'C.UTF-8'), ('GAZEBO_PLUGIN_PATH', '/usr/lib/x86_64-linux-gnu/gazebo-11/plugins:'), ('PYTHONPATH', '/home/student/ros2_ws/install/my_robot_controller/lib/python3.10/site-packages:/opt/ros/humble/lib/python3.10/site-packages:/opt/ros/humble/local/lib/python3.10/dist-packages'), ('COLCON', '1'), ('CMAKE_PREFIX_PATH', '/home/student/ros2_ws/install/my_robot_controller:/opt/ros/humble')]), 'shell': False}
[11.253899] (-) TimerEvent: {}
[11.254085] (turtlebot3_fake_node) StdoutLine: {'line': b'-- Install configuration: ""\n'}
[11.254608] (turtlebot3_fake_node) StdoutLine: {'line': b'-- Execute custom install script\n'}
[11.255091] (turtlebot3_fake_node) StdoutLine: {'line': b'-- Symlinking: /home/student/ros2_ws/install/turtlebot3_fake_node/lib/turtlebot3_fake_node/turtlebot3_fake_node\n'}
[11.267552] (turtlebot3_fake_node) StdoutLine: {'line': b'-- Symlinking: /home/student/ros2_ws/install/turtlebot3_fake_node/share/turtlebot3_fake_node/launch/rviz2.launch.py\n'}
[11.279060] (turtlebot3_fake_node) StdoutLine: {'line': b'-- Symlinking: /home/student/ros2_ws/install/turtlebot3_fake_node/share/turtlebot3_fake_node/launch/turtlebot3_fake_node.launch.py\n'}
[11.291170] (turtlebot3_fake_node) StdoutLine: {'line': b'-- Symlinking: /home/student/ros2_ws/install/turtlebot3_fake_node/share/turtlebot3_fake_node/param/burger.yaml\n'}
[11.302625] (turtlebot3_fake_node) StdoutLine: {'line': b'-- Symlinking: /home/student/ros2_ws/install/turtlebot3_fake_node/share/turtlebot3_fake_node/param/waffle.yaml\n'}
[11.314126] (turtlebot3_fake_node) StdoutLine: {'line': b'-- Symlinking: /home/student/ros2_ws/install/turtlebot3_fake_node/share/turtlebot3_fake_node/param/waffle_pi.yaml\n'}
[11.326136] (turtlebot3_fake_node) StdoutLine: {'line': b'-- Symlinking: /home/student/ros2_ws/install/turtlebot3_fake_node/include//turtlebot3_fake_node/turtlebot3_fake_node.hpp\n'}
[11.337754] (turtlebot3_fake_node) StdoutLine: {'line': b'-- Symlinking: /home/student/ros2_ws/install/turtlebot3_fake_node/share/ament_index/resource_index/package_run_dependencies/turtlebot3_fake_node\n'}
[11.349497] (turtlebot3_fake_node) StdoutLine: {'line': b'-- Symlinking: /home/student/ros2_ws/install/turtlebot3_fake_node/share/ament_index/resource_index/parent_prefix_path/turtlebot3_fake_node\n'}
[11.353975] (-) TimerEvent: {}
[11.361187] (turtlebot3_fake_node) StdoutLine: {'line': b'-- Symlinking: /home/student/ros2_ws/install/turtlebot3_fake_node/share/turtlebot3_fake_node/environment/ament_prefix_path.sh\n'}
[11.372842] (turtlebot3_fake_node) StdoutLine: {'line': b'-- Symlinking: /home/student/ros2_ws/install/turtlebot3_fake_node/share/turtlebot3_fake_node/environment/ament_prefix_path.dsv\n'}
[11.384267] (turtlebot3_fake_node) StdoutLine: {'line': b'-- Symlinking: /home/student/ros2_ws/install/turtlebot3_fake_node/share/turtlebot3_fake_node/environment/path.sh\n'}
[11.395914] (turtlebot3_fake_node) StdoutLine: {'line': b'-- Symlinking: /home/student/ros2_ws/install/turtlebot3_fake_node/share/turtlebot3_fake_node/environment/path.dsv\n'}
[11.407552] (turtlebot3_fake_node) StdoutLine: {'line': b'-- Symlinking: /home/student/ros2_ws/install/turtlebot3_fake_node/share/turtlebot3_fake_node/local_setup.bash\n'}
[11.419061] (turtlebot3_fake_node) StdoutLine: {'line': b'-- Symlinking: /home/student/ros2_ws/install/turtlebot3_fake_node/share/turtlebot3_fake_node/local_setup.sh\n'}
[11.430522] (turtlebot3_fake_node) StdoutLine: {'line': b'-- Symlinking: /home/student/ros2_ws/install/turtlebot3_fake_node/share/turtlebot3_fake_node/local_setup.zsh\n'}
[11.442002] (turtlebot3_fake_node) StdoutLine: {'line': b'-- Symlinking: /home/student/ros2_ws/install/turtlebot3_fake_node/share/turtlebot3_fake_node/local_setup.dsv\n'}
[11.453485] (turtlebot3_fake_node) StdoutLine: {'line': b'-- Symlinking: /home/student/ros2_ws/install/turtlebot3_fake_node/share/turtlebot3_fake_node/package.dsv\n'}
[11.454049] (-) TimerEvent: {}
[11.465099] (turtlebot3_fake_node) StdoutLine: {'line': b'-- Symlinking: /home/student/ros2_ws/install/turtlebot3_fake_node/share/ament_index/resource_index/packages/turtlebot3_fake_node\n'}
[11.476408] (turtlebot3_fake_node) StdoutLine: {'line': b'-- Symlinking: /home/student/ros2_ws/install/turtlebot3_fake_node/share/turtlebot3_fake_node/cmake/ament_cmake_export_include_directories-extras.cmake\n'}
[11.487757] (turtlebot3_fake_node) StdoutLine: {'line': b'-- Symlinking: /home/student/ros2_ws/install/turtlebot3_fake_node/share/turtlebot3_fake_node/cmake/ament_cmake_export_dependencies-extras.cmake\n'}
[11.499083] (turtlebot3_fake_node) StdoutLine: {'line': b'-- Symlinking: /home/student/ros2_ws/install/turtlebot3_fake_node/share/turtlebot3_fake_node/cmake/turtlebot3_fake_nodeConfig.cmake\n'}
[11.510205] (turtlebot3_fake_node) StdoutLine: {'line': b'-- Symlinking: /home/student/ros2_ws/install/turtlebot3_fake_node/share/turtlebot3_fake_node/cmake/turtlebot3_fake_nodeConfig-version.cmake\n'}
[11.521307] (turtlebot3_fake_node) StdoutLine: {'line': b'-- Symlinking: /home/student/ros2_ws/install/turtlebot3_fake_node/share/turtlebot3_fake_node/package.xml\n'}
[11.534582] (turtlebot3_fake_node) CommandEnded: {'returncode': 0}
[11.549691] (turtlebot3_fake_node) JobEnded: {'identifier': 'turtlebot3_fake_node', 'rc': 0}
[11.554127] (-) TimerEvent: {}
[11.654359] (-) TimerEvent: {}
[11.754695] (-) TimerEvent: {}
[11.855057] (-) TimerEvent: {}
[11.955403] (-) TimerEvent: {}
[12.055743] (-) TimerEvent: {}
[12.156100] (-) TimerEvent: {}
[12.256427] (-) TimerEvent: {}
[12.356766] (-) TimerEvent: {}
[12.457125] (-) TimerEvent: {}
[12.557474] (-) TimerEvent: {}
[12.657836] (-) TimerEvent: {}
[12.758205] (-) TimerEvent: {}
[12.798090] (turtlebot3_gazebo) StdoutLine: {'line': b'[ 58%] \x1b[32m\x1b[1mLinking CXX executable turtlebot3_drive\x1b[0m\n'}
[12.858322] (-) TimerEvent: {}
[12.958669] (-) TimerEvent: {}
[13.059016] (-) TimerEvent: {}
[13.159370] (-) TimerEvent: {}
[13.174587] (turtlebot3_gazebo) StdoutLine: {'line': b'[ 58%] Built target turtlebot3_drive\n'}
[13.259482] (-) TimerEvent: {}
[13.359815] (-) TimerEvent: {}
[13.460140] (-) TimerEvent: {}
[13.560457] (-) TimerEvent: {}
[13.660755] (-) TimerEvent: {}
[13.761082] (-) TimerEvent: {}
[13.861408] (-) TimerEvent: {}
[13.961728] (-) TimerEvent: {}
[14.062032] (-) TimerEvent: {}
[14.162324] (-) TimerEvent: {}
[14.262622] (-) TimerEvent: {}
[14.362932] (-) TimerEvent: {}
[14.463229] (-) TimerEvent: {}
[14.543148] (turtlebot3_gazebo) StdoutLine: {'line': b'[ 66%] \x1b[32m\x1b[1mLinking CXX shared library libobstacle2.so\x1b[0m\n'}
[14.563310] (-) TimerEvent: {}
[14.589964] (turtlebot3_node) StdoutLine: {'line': b'[ 85%] \x1b[32m\x1b[1mLinking CXX static library libturtlebot3_node_lib.a\x1b[0m\n'}
[14.663617] (-) TimerEvent: {}
[14.763927] (-) TimerEvent: {}
[14.796142] (turtlebot3_gazebo) StdoutLine: {'line': b'[ 75%] \x1b[32m\x1b[1mLinking CXX shared library libtraffic_light_plugin.so\x1b[0m\n'}
[14.861773] (turtlebot3_gazebo) StdoutLine: {'line': b'[ 83%] \x1b[32m\x1b[1mLinking CXX shared library libtraffic_bar_plugin.so\x1b[0m\n'}
[14.863990] (-) TimerEvent: {}
[14.949896] (turtlebot3_gazebo) StdoutLine: {'line': b'[ 83%] Built target obstacle2\n'}
[14.964070] (-) TimerEvent: {}
[14.992284] (turtlebot3_gazebo) StdoutLine: {'line': b'[ 83%] Built target traffic_light_plugin\n'}
[15.025840] (turtlebot3_gazebo) StdoutLine: {'line': b'[ 83%] Built target traffic_bar_plugin\n'}
[15.064151] (-) TimerEvent: {}
[15.093986] (turtlebot3_node) StdoutLine: {'line': b'[ 85%] Built target turtlebot3_node_lib\n'}
[15.112426] (turtlebot3_node) StdoutLine: {'line': b'[ 92%] \x1b[32mBuilding CXX object CMakeFiles/turtlebot3_ros.dir/src/node_main.cpp.o\x1b[0m\n'}
[15.164219] (-) TimerEvent: {}
[15.264413] (-) TimerEvent: {}
[15.364615] (-) TimerEvent: {}
[15.452508] (turtlebot3_gazebo) StdoutLine: {'line': b'[ 91%] \x1b[32m\x1b[1mLinking CXX shared library libobstacle1.so\x1b[0m\n'}
[15.464685] (-) TimerEvent: {}
[15.530501] (turtlebot3_gazebo) StdoutLine: {'line': b'[100%] \x1b[32m\x1b[1mLinking CXX shared library libobstacles.so\x1b[0m\n'}
[15.564768] (-) TimerEvent: {}
[15.612904] (turtlebot3_gazebo) StdoutLine: {'line': b'[100%] Built target obstacle1\n'}
[15.664845] (-) TimerEvent: {}
[15.690721] (turtlebot3_gazebo) StdoutLine: {'line': b'[100%] Built target obstacles\n'}
[15.701792] (turtlebot3_gazebo) CommandEnded: {'returncode': 0}
[15.702307] (turtlebot3_gazebo) JobProgress: {'identifier': 'turtlebot3_gazebo', 'progress': 'install'}
[15.702568] (turtlebot3_gazebo) Command: {'cmd': ['/usr/bin/cmake', '--install', '/home/student/ros2_ws/build/turtlebot3_gazebo'], 'cwd': '/home/student/ros2_ws/build/turtlebot3_gazebo', 'env': OrderedDict([('HOSTNAME', 'gregor-PC'), ('SHLVL', '1'), ('LD_LIBRARY_PATH', '/usr/lib/x86_64-linux-gnu/gazebo-11/plugins:/opt/ros/humble/opt/rviz_ogre_vendor/lib:/opt/ros/humble/lib/x86_64-linux-gnu:/opt/ros/humble/lib:/usr/lib/x86_64-linux-gnu/gazebo-11/plugins:'), ('HOME', '/home/student'), ('OLDPWD', '/home/student'), ('GAZEBO_MASTER_URI', 'http://localhost:11345'), ('ROS_PYTHON_VERSION', '3'), ('COLCON_PREFIX_PATH', '/home/student/ros2_ws/install'), ('ROS_DISTRO', 'humble'), ('_', '/usr/bin/colcon'), ('ROS_VERSION', '2'), ('TERM', 'xterm'), ('GAZEBO_MODEL_PATH', '/usr/share/gazebo-11/models:'), ('ROS_LOCALHOST_ONLY', '1'), ('QT_X11_NO_MITSHM', '1'), ('OGRE_RESOURCE_PATH', '/usr/lib/x86_64-linux-gnu/OGRE-1.9.0'), ('PATH', '/opt/ros/humble/bin:/usr/local/sbin:/usr/local/bin:/usr/sbin:/usr/bin:/sbin:/bin'), ('DISPLAY', ':0'), ('LANG', 'C.UTF-8'), ('LS_COLORS', 'rs=0:di=01;34:ln=01;36:mh=00:pi=40;33:so=01;35:do=01;35:bd=40;33;01:cd=40;33;01:or=40;31;01:mi=00:su=37;41:sg=30;43:ca=30;41:tw=30;42:ow=34;42:st=37;44:ex=01;32:*.tar=01;31:*.tgz=01;31:*.arc=01;31:*.arj=01;31:*.taz=01;31:*.lha=01;31:*.lz4=01;31:*.lzh=01;31:*.lzma=01;31:*.tlz=01;31:*.txz=01;31:*.tzo=01;31:*.t7z=01;31:*.zip=01;31:*.z=01;31:*.dz=01;31:*.gz=01;31:*.lrz=01;31:*.lz=01;31:*.lzo=01;31:*.xz=01;31:*.zst=01;31:*.tzst=01;31:*.bz2=01;31:*.bz=01;31:*.tbz=01;31:*.tbz2=01;31:*.tz=01;31:*.deb=01;31:*.rpm=01;31:*.jar=01;31:*.war=01;31:*.ear=01;31:*.sar=01;31:*.rar=01;31:*.alz=01;31:*.ace=01;31:*.zoo=01;31:*.cpio=01;31:*.7z=01;31:*.rz=01;31:*.cab=01;31:*.wim=01;31:*.swm=01;31:*.dwm=01;31:*.esd=01;31:*.jpg=01;35:*.jpeg=01;35:*.mjpg=01;35:*.mjpeg=01;35:*.gif=01;35:*.bmp=01;35:*.pbm=01;35:*.pgm=01;35:*.ppm=01;35:*.tga=01;35:*.xbm=01;35:*.xpm=01;35:*.tif=01;35:*.tiff=01;35:*.png=01;35:*.svg=01;35:*.svgz=01;35:*.mng=01;35:*.pcx=01;35:*.mov=01;35:*.mpg=01;35:*.mpeg=01;35:*.m2v=01;35:*.mkv=01;35:*.webm=01;35:*.webp=01;35:*.ogm=01;35:*.mp4=01;35:*.m4v=01;35:*.mp4v=01;35:*.vob=01;35:*.qt=01;35:*.nuv=01;35:*.wmv=01;35:*.asf=01;35:*.rm=01;35:*.rmvb=01;35:*.flc=01;35:*.avi=01;35:*.fli=01;35:*.flv=01;35:*.gl=01;35:*.dl=01;35:*.xcf=01;35:*.xwd=01;35:*.yuv=01;35:*.cgm=01;35:*.emf=01;35:*.ogv=01;35:*.ogx=01;35:*.aac=00;36:*.au=00;36:*.flac=00;36:*.m4a=00;36:*.mid=00;36:*.midi=00;36:*.mka=00;36:*.mp3=00;36:*.mpc=00;36:*.ogg=00;36:*.ra=00;36:*.wav=00;36:*.oga=00;36:*.opus=00;36:*.spx=00;36:*.xspf=00;36:'), ('ROS_DOMAIN_ID', '30'), ('AMENT_PREFIX_PATH', '/home/student/ros2_ws/install/my_robot_controller:/opt/ros/humble'), ('GAZEBO_RESOURCE_PATH', '/usr/share/gazebo-11:'), ('GAZEBO_MODEL_DATABASE_URI', 'http://models.gazebosim.org'), ('PWD', '/home/student/ros2_ws/build/turtlebot3_gazebo'), ('TURTLEBOT3_MODEL', 'burger'), ('LC_ALL', 'C.UTF-8'), ('GAZEBO_PLUGIN_PATH', '/usr/lib/x86_64-linux-gnu/gazebo-11/plugins:'), ('PYTHONPATH', '/home/student/ros2_ws/install/my_robot_controller/lib/python3.10/site-packages:/opt/ros/humble/lib/python3.10/site-packages:/opt/ros/humble/local/lib/python3.10/dist-packages'), ('COLCON', '1'), ('CMAKE_PREFIX_PATH', '/home/student/ros2_ws/install/my_robot_controller:/opt/ros/humble')]), 'shell': False}
[15.709337] (turtlebot3_gazebo) StdoutLine: {'line': b'-- Install configuration: ""\n'}
[15.709741] (turtlebot3_gazebo) StdoutLine: {'line': b'-- Execute custom install script\n'}
[15.710053] (turtlebot3_gazebo) StdoutLine: {'line': b'-- Symlinking: /home/student/ros2_ws/install/turtlebot3_gazebo/lib/turtlebot3_gazebo/turtlebot3_drive\n'}
[15.718182] (turtlebot3_gazebo) StdoutLine: {'line': b'-- Symlinking: /home/student/ros2_ws/install/turtlebot3_gazebo/share/turtlebot3_gazebo//launch/empty_world.launch.py\n'}
[15.725584] (turtlebot3_gazebo) StdoutLine: {'line': b'-- Symlinking: /home/student/ros2_ws/install/turtlebot3_gazebo/share/turtlebot3_gazebo//launch/multi_robot.launch.py\n'}
[15.732865] (turtlebot3_gazebo) StdoutLine: {'line': b'-- Symlinking: /home/student/ros2_ws/install/turtlebot3_gazebo/share/turtlebot3_gazebo//launch/multi_spawn_turtlebot3.launch.py\n'}
[15.740177] (turtlebot3_gazebo) StdoutLine: {'line': b'-- Symlinking: /home/student/ros2_ws/install/turtlebot3_gazebo/share/turtlebot3_gazebo//launch/robot_state_publisher.launch.py\n'}
[15.748294] (turtlebot3_gazebo) StdoutLine: {'line': b'-- Symlinking: /home/student/ros2_ws/install/turtlebot3_gazebo/share/turtlebot3_gazebo//launch/spawn_turtlebot3.launch.py\n'}
[15.755851] (turtlebot3_gazebo) StdoutLine: {'line': b'-- Symlinking: /home/student/ros2_ws/install/turtlebot3_gazebo/share/turtlebot3_gazebo//launch/turtlebot3_autorace_2020.launch.py\n'}
[15.763388] (turtlebot3_gazebo) StdoutLine: {'line': b'-- Symlinking: /home/student/ros2_ws/install/turtlebot3_gazebo/share/turtlebot3_gazebo//launch/turtlebot3_dqn_stage1.launch.py\n'}
[15.764905] (-) TimerEvent: {}
[15.770943] (turtlebot3_gazebo) StdoutLine: {'line': b'-- Symlinking: /home/student/ros2_ws/install/turtlebot3_gazebo/share/turtlebot3_gazebo//launch/turtlebot3_dqn_stage2.launch.py\n'}
[15.778463] (turtlebot3_gazebo) StdoutLine: {'line': b'-- Symlinking: /home/student/ros2_ws/install/turtlebot3_gazebo/share/turtlebot3_gazebo//launch/turtlebot3_dqn_stage3.launch.py\n'}
[15.785964] (turtlebot3_gazebo) StdoutLine: {'line': b'-- Symlinking: /home/student/ros2_ws/install/turtlebot3_gazebo/share/turtlebot3_gazebo//launch/turtlebot3_dqn_stage4.launch.py\n'}
[15.793371] (turtlebot3_gazebo) StdoutLine: {'line': b'-- Symlinking: /home/student/ros2_ws/install/turtlebot3_gazebo/share/turtlebot3_gazebo//launch/turtlebot3_house.launch.py\n'}
[15.800924] (turtlebot3_gazebo) StdoutLine: {'line': b'-- Symlinking: /home/student/ros2_ws/install/turtlebot3_gazebo/share/turtlebot3_gazebo//launch/turtlebot3_world.launch.py\n'}
[15.819978] (turtlebot3_gazebo) StdoutLine: {'line': b'-- Symlinking: /home/student/ros2_ws/install/turtlebot3_gazebo/share/turtlebot3_gazebo//models/turtlebot3_autorace_2020/checker/materials/checker.png\n'}
[15.827434] (turtlebot3_gazebo) StdoutLine: {'line': b'-- Symlinking: /home/student/ros2_ws/install/turtlebot3_gazebo/share/turtlebot3_gazebo//models/turtlebot3_autorace_2020/checker/materials/scripts/checker.material\n'}
[15.836093] (turtlebot3_gazebo) StdoutLine: {'line': b'-- Symlinking: /home/student/ros2_ws/install/turtlebot3_gazebo/share/turtlebot3_gazebo//models/turtlebot3_autorace_2020/checker/materials/textures/checker.png\n'}
[15.843569] (turtlebot3_gazebo) StdoutLine: {'line': b'-- Symlinking: /home/student/ros2_ws/install/turtlebot3_gazebo/share/turtlebot3_gazebo//models/turtlebot3_autorace_2020/checker/model.config\n'}
[15.850868] (turtlebot3_gazebo) StdoutLine: {'line': b'-- Symlinking: /home/student/ros2_ws/install/turtlebot3_gazebo/share/turtlebot3_gazebo//models/turtlebot3_autorace_2020/checker/model.sdf\n'}
[15.858243] (turtlebot3_gazebo) StdoutLine: {'line': b'-- Symlinking: /home/student/ros2_ws/install/turtlebot3_gazebo/share/turtlebot3_gazebo//models/turtlebot3_autorace_2020/course/materials/scripts/course.material\n'}
[15.864988] (-) TimerEvent: {}
[15.865644] (turtlebot3_gazebo) StdoutLine: {'line': b'-- Symlinking: /home/student/ros2_ws/install/turtlebot3_gazebo/share/turtlebot3_gazebo//models/turtlebot3_autorace_2020/course/materials/textures/course.png\n'}
[15.872933] (turtlebot3_gazebo) StdoutLine: {'line': b'-- Symlinking: /home/student/ros2_ws/install/turtlebot3_gazebo/share/turtlebot3_gazebo//models/turtlebot3_autorace_2020/course/model.config\n'}
[15.880157] (turtlebot3_gazebo) StdoutLine: {'line': b'-- Symlinking: /home/student/ros2_ws/install/turtlebot3_gazebo/share/turtlebot3_gazebo//models/turtlebot3_autorace_2020/course/model.sdf\n'}
[15.888485] (turtlebot3_gazebo) StdoutLine: {'line': b'-- Symlinking: /home/student/ros2_ws/install/turtlebot3_gazebo/share/turtlebot3_gazebo//models/turtlebot3_autorace_2020/traffic_bar/materials/scripts/traffic_bar.material\n'}
[15.896221] (turtlebot3_gazebo) StdoutLine: {'line': b'-- Symlinking: /home/student/ros2_ws/install/turtlebot3_gazebo/share/turtlebot3_gazebo//models/turtlebot3_autorace_2020/traffic_bar/materials/textures/traffic_bar.png\n'}
[15.904456] (turtlebot3_gazebo) StdoutLine: {'line': b'-- Symlinking: /home/student/ros2_ws/install/turtlebot3_gazebo/share/turtlebot3_gazebo//models/turtlebot3_autorace_2020/traffic_bar/model.config\n'}
[15.911987] (turtlebot3_gazebo) StdoutLine: {'line': b'-- Symlinking: /home/student/ros2_ws/install/turtlebot3_gazebo/share/turtlebot3_gazebo//models/turtlebot3_autorace_2020/traffic_bar/model.sdf\n'}
[15.919382] (turtlebot3_gazebo) StdoutLine: {'line': b'-- Symlinking: /home/student/ros2_ws/install/turtlebot3_gazebo/share/turtlebot3_gazebo//models/turtlebot3_autorace_2020/traffic_construction/materials/scripts/traffic_construction.material\n'}
[15.926891] (turtlebot3_gazebo) StdoutLine: {'line': b'-- Symlinking: /home/student/ros2_ws/install/turtlebot3_gazebo/share/turtlebot3_gazebo//models/turtlebot3_autorace_2020/traffic_construction/materials/textures/traffic_construction.png\n'}
[15.934357] (turtlebot3_gazebo) StdoutLine: {'line': b'-- Symlinking: /home/student/ros2_ws/install/turtlebot3_gazebo/share/turtlebot3_gazebo//models/turtlebot3_autorace_2020/traffic_construction/model.config\n'}
[15.941816] (turtlebot3_gazebo) StdoutLine: {'line': b'-- Symlinking: /home/student/ros2_ws/install/turtlebot3_gazebo/share/turtlebot3_gazebo//models/turtlebot3_autorace_2020/traffic_construction/model.sdf\n'}
[15.949481] (turtlebot3_gazebo) StdoutLine: {'line': b'-- Symlinking: /home/student/ros2_ws/install/turtlebot3_gazebo/share/turtlebot3_gazebo//models/turtlebot3_autorace_2020/traffic_intersection/materials/scripts/traffic_intersection.material\n'}
[15.957029] (turtlebot3_gazebo) StdoutLine: {'line': b'-- Symlinking: /home/student/ros2_ws/install/turtlebot3_gazebo/share/turtlebot3_gazebo//models/turtlebot3_autorace_2020/traffic_intersection/materials/textures/traffic_intersection.png\n'}
[15.964503] (turtlebot3_gazebo) StdoutLine: {'line': b'-- Symlinking: /home/student/ros2_ws/install/turtlebot3_gazebo/share/turtlebot3_gazebo//models/turtlebot3_autorace_2020/traffic_intersection/model.config\n'}
[15.965050] (-) TimerEvent: {}
[15.971844] (turtlebot3_gazebo) StdoutLine: {'line': b'-- Symlinking: /home/student/ros2_ws/install/turtlebot3_gazebo/share/turtlebot3_gazebo//models/turtlebot3_autorace_2020/traffic_intersection/model.sdf\n'}
[15.979563] (turtlebot3_gazebo) StdoutLine: {'line': b'-- Symlinking: /home/student/ros2_ws/install/turtlebot3_gazebo/share/turtlebot3_gazebo//models/turtlebot3_autorace_2020/traffic_left/materials/scripts/traffic_is_left.material\n'}
[15.986934] (turtlebot3_gazebo) StdoutLine: {'line': b'-- Symlinking: /home/student/ros2_ws/install/turtlebot3_gazebo/share/turtlebot3_gazebo//models/turtlebot3_autorace_2020/traffic_left/materials/textures/traffic_left.png\n'}
[15.994326] (turtlebot3_gazebo) StdoutLine: {'line': b'-- Symlinking: /home/student/ros2_ws/install/turtlebot3_gazebo/share/turtlebot3_gazebo//models/turtlebot3_autorace_2020/traffic_left/model.config\n'}
[16.002501] (turtlebot3_gazebo) StdoutLine: {'line': b'-- Symlinking: /home/student/ros2_ws/install/turtlebot3_gazebo/share/turtlebot3_gazebo//models/turtlebot3_autorace_2020/traffic_left/model.sdf\n'}
[16.010077] (turtlebot3_gazebo) StdoutLine: {'line': b'-- Symlinking: /home/student/ros2_ws/install/turtlebot3_gazebo/share/turtlebot3_gazebo//models/turtlebot3_autorace_2020/traffic_light/materials/scripts/traffic_light.material\n'}
[16.017569] (turtlebot3_gazebo) StdoutLine: {'line': b'-- Symlinking: /home/student/ros2_ws/install/turtlebot3_gazebo/share/turtlebot3_gazebo//models/turtlebot3_autorace_2020/traffic_light/materials/textures/traffic_light.png\n'}
[16.024827] (turtlebot3_gazebo) StdoutLine: {'line': b'-- Symlinking: /home/student/ros2_ws/install/turtlebot3_gazebo/share/turtlebot3_gazebo//models/turtlebot3_autorace_2020/traffic_light/materials/textures/traffic_light_green.png\n'}
[16.032292] (turtlebot3_gazebo) StdoutLine: {'line': b'-- Symlinking: /home/student/ros2_ws/install/turtlebot3_gazebo/share/turtlebot3_gazebo//models/turtlebot3_autorace_2020/traffic_light/materials/textures/traffic_light_red.png\n'}
[16.040254] (turtlebot3_gazebo) StdoutLine: {'line': b'-- Symlinking: /home/student/ros2_ws/install/turtlebot3_gazebo/share/turtlebot3_gazebo//models/turtlebot3_autorace_2020/traffic_light/materials/textures/traffic_light_yellow.png\n'}
[16.047777] (turtlebot3_gazebo) StdoutLine: {'line': b'-- Symlinking: /home/student/ros2_ws/install/turtlebot3_gazebo/share/turtlebot3_gazebo//models/turtlebot3_autorace_2020/traffic_light/model.config\n'}
[16.055114] (turtlebot3_gazebo) StdoutLine: {'line': b'-- Symlinking: /home/student/ros2_ws/install/turtlebot3_gazebo/share/turtlebot3_gazebo//models/turtlebot3_autorace_2020/traffic_light/model.sdf\n'}
[16.062692] (turtlebot3_gazebo) StdoutLine: {'line': b'-- Symlinking: /home/student/ros2_ws/install/turtlebot3_gazebo/share/turtlebot3_gazebo//models/turtlebot3_autorace_2020/traffic_noentry/materials/scripts/traffic_noentry.material\n'}
[16.065120] (-) TimerEvent: {}
[16.070420] (turtlebot3_gazebo) StdoutLine: {'line': b'-- Symlinking: /home/student/ros2_ws/install/turtlebot3_gazebo/share/turtlebot3_gazebo//models/turtlebot3_autorace_2020/traffic_noentry/materials/textures/traffic_noentry.png\n'}
[16.077818] (turtlebot3_gazebo) StdoutLine: {'line': b'-- Symlinking: /home/student/ros2_ws/install/turtlebot3_gazebo/share/turtlebot3_gazebo//models/turtlebot3_autorace_2020/traffic_noentry/model.config\n'}
[16.085471] (turtlebot3_gazebo) StdoutLine: {'line': b'-- Symlinking: /home/student/ros2_ws/install/turtlebot3_gazebo/share/turtlebot3_gazebo//models/turtlebot3_autorace_2020/traffic_noentry/model.sdf\n'}
[16.093036] (turtlebot3_gazebo) StdoutLine: {'line': b'-- Symlinking: /home/student/ros2_ws/install/turtlebot3_gazebo/share/turtlebot3_gazebo//models/turtlebot3_autorace_2020/traffic_parking/materials/scripts/traffic_parking.material\n'}
[16.100647] (turtlebot3_gazebo) StdoutLine: {'line': b'-- Symlinking: /home/student/ros2_ws/install/turtlebot3_gazebo/share/turtlebot3_gazebo//models/turtlebot3_autorace_2020/traffic_parking/materials/textures/traffic_parking.png\n'}
[16.107876] (turtlebot3_gazebo) StdoutLine: {'line': b'-- Symlinking: /home/student/ros2_ws/install/turtlebot3_gazebo/share/turtlebot3_gazebo//models/turtlebot3_autorace_2020/traffic_parking/model.config\n'}
[16.115213] (turtlebot3_gazebo) StdoutLine: {'line': b'-- Symlinking: /home/student/ros2_ws/install/turtlebot3_gazebo/share/turtlebot3_gazebo//models/turtlebot3_autorace_2020/traffic_parking/model.sdf\n'}
[16.122761] (turtlebot3_gazebo) StdoutLine: {'line': b'-- Symlinking: /home/student/ros2_ws/install/turtlebot3_gazebo/share/turtlebot3_gazebo//models/turtlebot3_autorace_2020/traffic_pl_left/materials/scripts/traffic_pl_left.material\n'}
[16.130308] (turtlebot3_gazebo) StdoutLine: {'line': b'-- Symlinking: /home/student/ros2_ws/install/turtlebot3_gazebo/share/turtlebot3_gazebo//models/turtlebot3_autorace_2020/traffic_pl_left/materials/textures/traffic_pl_left.png\n'}
[16.137788] (turtlebot3_gazebo) StdoutLine: {'line': b'-- Symlinking: /home/student/ros2_ws/install/turtlebot3_gazebo/share/turtlebot3_gazebo//models/turtlebot3_autorace_2020/traffic_pl_left/model.config\n'}
[16.145244] (turtlebot3_gazebo) StdoutLine: {'line': b'-- Symlinking: /home/student/ros2_ws/install/turtlebot3_gazebo/share/turtlebot3_gazebo//models/turtlebot3_autorace_2020/traffic_pl_left/model.sdf\n'}
[16.152840] (turtlebot3_gazebo) StdoutLine: {'line': b'-- Symlinking: /home/student/ros2_ws/install/turtlebot3_gazebo/share/turtlebot3_gazebo//models/turtlebot3_autorace_2020/traffic_right/materials/scripts/traffic_right.material\n'}
[16.160167] (turtlebot3_gazebo) StdoutLine: {'line': b'-- Symlinking: /home/student/ros2_ws/install/turtlebot3_gazebo/share/turtlebot3_gazebo//models/turtlebot3_autorace_2020/traffic_right/materials/textures/traffic_right.png\n'}
[16.165189] (-) TimerEvent: {}
[16.167516] (turtlebot3_gazebo) StdoutLine: {'line': b'-- Symlinking: /home/student/ros2_ws/install/turtlebot3_gazebo/share/turtlebot3_gazebo//models/turtlebot3_autorace_2020/traffic_right/model.config\n'}
[16.175666] (turtlebot3_gazebo) StdoutLine: {'line': b'-- Symlinking: /home/student/ros2_ws/install/turtlebot3_gazebo/share/turtlebot3_gazebo//models/turtlebot3_autorace_2020/traffic_right/model.sdf\n'}
[16.183178] (turtlebot3_gazebo) StdoutLine: {'line': b'-- Symlinking: /home/student/ros2_ws/install/turtlebot3_gazebo/share/turtlebot3_gazebo//models/turtlebot3_autorace_2020/traffic_stop/materials/scripts/traffic_stop.material\n'}
[16.190514] (turtlebot3_gazebo) StdoutLine: {'line': b'-- Symlinking: /home/student/ros2_ws/install/turtlebot3_gazebo/share/turtlebot3_gazebo//models/turtlebot3_autorace_2020/traffic_stop/materials/textures/traffic_stop.png\n'}
[16.197967] (turtlebot3_gazebo) StdoutLine: {'line': b'-- Symlinking: /home/student/ros2_ws/install/turtlebot3_gazebo/share/turtlebot3_gazebo//models/turtlebot3_autorace_2020/traffic_stop/model.config\n'}
[16.205212] (turtlebot3_gazebo) StdoutLine: {'line': b'-- Symlinking: /home/student/ros2_ws/install/turtlebot3_gazebo/share/turtlebot3_gazebo//models/turtlebot3_autorace_2020/traffic_stop/model.sdf\n'}
[16.212890] (turtlebot3_gazebo) StdoutLine: {'line': b'-- Symlinking: /home/student/ros2_ws/install/turtlebot3_gazebo/share/turtlebot3_gazebo//models/turtlebot3_autorace_2020/traffic_tunnel/materials/scripts/tunnel.material\n'}
[16.220292] (turtlebot3_gazebo) StdoutLine: {'line': b'-- Symlinking: /home/student/ros2_ws/install/turtlebot3_gazebo/share/turtlebot3_gazebo//models/turtlebot3_autorace_2020/traffic_tunnel/materials/textures/tunnel.png\n'}
[16.228359] (turtlebot3_gazebo) StdoutLine: {'line': b'-- Symlinking: /home/student/ros2_ws/install/turtlebot3_gazebo/share/turtlebot3_gazebo//models/turtlebot3_autorace_2020/traffic_tunnel/model.config\n'}
[16.235788] (turtlebot3_gazebo) StdoutLine: {'line': b'-- Symlinking: /home/student/ros2_ws/install/turtlebot3_gazebo/share/turtlebot3_gazebo//models/turtlebot3_autorace_2020/traffic_tunnel/model.sdf\n'}
[16.243096] (turtlebot3_gazebo) StdoutLine: {'line': b'-- Symlinking: /home/student/ros2_ws/install/turtlebot3_gazebo/share/turtlebot3_gazebo//models/turtlebot3_burger/model-1_4.sdf\n'}
[16.250428] (turtlebot3_gazebo) StdoutLine: {'line': b'-- Symlinking: /home/student/ros2_ws/install/turtlebot3_gazebo/share/turtlebot3_gazebo//models/turtlebot3_burger/model.config\n'}
[16.258769] (turtlebot3_gazebo) StdoutLine: {'line': b'-- Symlinking: /home/student/ros2_ws/install/turtlebot3_gazebo/share/turtlebot3_gazebo//models/turtlebot3_burger/model.sdf\n'}
[16.265262] (-) TimerEvent: {}
[16.266266] (turtlebot3_gazebo) StdoutLine: {'line': b'-- Symlinking: /home/student/ros2_ws/install/turtlebot3_gazebo/share/turtlebot3_gazebo//models/turtlebot3_burger_cam/model-1_4.sdf\n'}
[16.273786] (turtlebot3_gazebo) StdoutLine: {'line': b'-- Symlinking: /home/student/ros2_ws/install/turtlebot3_gazebo/share/turtlebot3_gazebo//models/turtlebot3_burger_cam/model.config\n'}
[16.281170] (turtlebot3_gazebo) StdoutLine: {'line': b'-- Symlinking: /home/student/ros2_ws/install/turtlebot3_gazebo/share/turtlebot3_gazebo//models/turtlebot3_burger_cam/model.sdf\n'}
[16.288559] (turtlebot3_gazebo) StdoutLine: {'line': b'-- Symlinking: /home/student/ros2_ws/install/turtlebot3_gazebo/share/turtlebot3_gazebo//models/turtlebot3_common/meshes/bases/burger_base.stl\n'}
[16.296012] (turtlebot3_gazebo) StdoutLine: {'line': b'-- Symlinking: /home/student/ros2_ws/install/turtlebot3_gazebo/share/turtlebot3_gazebo//models/turtlebot3_common/meshes/bases/waffle_base.stl\n'}
[16.303205] (turtlebot3_gazebo) StdoutLine: {'line': b'-- Symlinking: /home/student/ros2_ws/install/turtlebot3_gazebo/share/turtlebot3_gazebo//models/turtlebot3_common/meshes/bases/waffle_pi_base.stl\n'}
[16.310852] (turtlebot3_gazebo) StdoutLine: {'line': b'-- Symlinking: /home/student/ros2_ws/install/turtlebot3_gazebo/share/turtlebot3_gazebo//models/turtlebot3_common/meshes/burger_base.dae\n'}
[16.318292] (turtlebot3_gazebo) StdoutLine: {'line': b'-- Symlinking: /home/student/ros2_ws/install/turtlebot3_gazebo/share/turtlebot3_gazebo//models/turtlebot3_common/meshes/lds.dae\n'}
[16.325877] (turtlebot3_gazebo) StdoutLine: {'line': b'-- Symlinking: /home/student/ros2_ws/install/turtlebot3_gazebo/share/turtlebot3_gazebo//models/turtlebot3_common/meshes/r200.dae\n'}
[16.333297] (turtlebot3_gazebo) StdoutLine: {'line': b'-- Symlinking: /home/student/ros2_ws/install/turtlebot3_gazebo/share/turtlebot3_gazebo//models/turtlebot3_common/meshes/sensors/astra.dae\n'}
[16.340934] (turtlebot3_gazebo) StdoutLine: {'line': b'-- Symlinking: /home/student/ros2_ws/install/turtlebot3_gazebo/share/turtlebot3_gazebo//models/turtlebot3_common/meshes/sensors/astra.jpg\n'}
[16.348374] (turtlebot3_gazebo) StdoutLine: {'line': b'-- Symlinking: /home/student/ros2_ws/install/turtlebot3_gazebo/share/turtlebot3_gazebo//models/turtlebot3_common/meshes/sensors/lds.stl\n'}
[16.355992] (turtlebot3_gazebo) StdoutLine: {'line': b'-- Symlinking: /home/student/ros2_ws/install/turtlebot3_gazebo/share/turtlebot3_gazebo//models/turtlebot3_common/meshes/sensors/r200.dae\n'}
[16.363382] (turtlebot3_gazebo) StdoutLine: {'line': b'-- Symlinking: /home/student/ros2_ws/install/turtlebot3_gazebo/share/turtlebot3_gazebo//models/turtlebot3_common/meshes/sensors/r200.jpg\n'}
[16.365329] (-) TimerEvent: {}
[16.371003] (turtlebot3_gazebo) StdoutLine: {'line': b'-- Symlinking: /home/student/ros2_ws/install/turtlebot3_gazebo/share/turtlebot3_gazebo//models/turtlebot3_common/meshes/tire.dae\n'}
[16.378340] (turtlebot3_gazebo) StdoutLine: {'line': b'-- Symlinking: /home/student/ros2_ws/install/turtlebot3_gazebo/share/turtlebot3_gazebo//models/turtlebot3_common/meshes/waffle_base.dae\n'}
[16.385735] (turtlebot3_gazebo) StdoutLine: {'line': b'-- Symlinking: /home/student/ros2_ws/install/turtlebot3_gazebo/share/turtlebot3_gazebo//models/turtlebot3_common/meshes/waffle_pi_base.dae\n'}
[16.393447] (turtlebot3_gazebo) StdoutLine: {'line': b'-- Symlinking: /home/student/ros2_ws/install/turtlebot3_gazebo/share/turtlebot3_gazebo//models/turtlebot3_common/meshes/wheels/left_tire.stl\n'}
[16.400934] (turtlebot3_gazebo) StdoutLine: {'line': b'-- Symlinking: /home/student/ros2_ws/install/turtlebot3_gazebo/share/turtlebot3_gazebo//models/turtlebot3_common/meshes/wheels/right_tire.stl\n'}
[16.408488] (turtlebot3_gazebo) StdoutLine: {'line': b'-- Symlinking: /home/student/ros2_ws/install/turtlebot3_gazebo/share/turtlebot3_gazebo//models/turtlebot3_common/model.config\n'}
[16.416110] (turtlebot3_gazebo) StdoutLine: {'line': b'-- Symlinking: /home/student/ros2_ws/install/turtlebot3_gazebo/share/turtlebot3_gazebo//models/turtlebot3_dqn_world/goal_box/model.config\n'}
[16.423288] (turtlebot3_gazebo) StdoutLine: {'line': b'-- Symlinking: /home/student/ros2_ws/install/turtlebot3_gazebo/share/turtlebot3_gazebo//models/turtlebot3_dqn_world/goal_box/model.sdf\n'}
[16.430751] (turtlebot3_gazebo) StdoutLine: {'line': b'-- Symlinking: /home/student/ros2_ws/install/turtlebot3_gazebo/share/turtlebot3_gazebo//models/turtlebot3_dqn_world/inner_walls/model.config\n'}
[16.438263] (turtlebot3_gazebo) StdoutLine: {'line': b'-- Symlinking: /home/student/ros2_ws/install/turtlebot3_gazebo/share/turtlebot3_gazebo//models/turtlebot3_dqn_world/inner_walls/model.sdf\n'}
[16.445796] (turtlebot3_gazebo) StdoutLine: {'line': b'-- Symlinking: /home/student/ros2_ws/install/turtlebot3_gazebo/share/turtlebot3_gazebo//models/turtlebot3_dqn_world/model.config\n'}
[16.453223] (turtlebot3_gazebo) StdoutLine: {'line': b'-- Symlinking: /home/student/ros2_ws/install/turtlebot3_gazebo/share/turtlebot3_gazebo//models/turtlebot3_dqn_world/model.sdf\n'}
[16.460688] (turtlebot3_gazebo) StdoutLine: {'line': b'-- Symlinking: /home/student/ros2_ws/install/turtlebot3_gazebo/share/turtlebot3_gazebo//models/turtlebot3_dqn_world/obstacle1/model.config\n'}
[16.465399] (-) TimerEvent: {}
[16.468215] (turtlebot3_gazebo) StdoutLine: {'line': b'-- Symlinking: /home/student/ros2_ws/install/turtlebot3_gazebo/share/turtlebot3_gazebo//models/turtlebot3_dqn_world/obstacle1/model.sdf\n'}
[16.475711] (turtlebot3_gazebo) StdoutLine: {'line': b'-- Symlinking: /home/student/ros2_ws/install/turtlebot3_gazebo/share/turtlebot3_gazebo//models/turtlebot3_dqn_world/obstacle2/model.config\n'}
[16.483164] (turtlebot3_gazebo) StdoutLine: {'line': b'-- Symlinking: /home/student/ros2_ws/install/turtlebot3_gazebo/share/turtlebot3_gazebo//models/turtlebot3_dqn_world/obstacle2/model.sdf\n'}
[16.490688] (turtlebot3_gazebo) StdoutLine: {'line': b'-- Symlinking: /home/student/ros2_ws/install/turtlebot3_gazebo/share/turtlebot3_gazebo//models/turtlebot3_dqn_world/obstacles/model.config\n'}
[16.498207] (turtlebot3_gazebo) StdoutLine: {'line': b'-- Symlinking: /home/student/ros2_ws/install/turtlebot3_gazebo/share/turtlebot3_gazebo//models/turtlebot3_dqn_world/obstacles/model.sdf\n'}
[16.505832] (turtlebot3_gazebo) StdoutLine: {'line': b'-- Symlinking: /home/student/ros2_ws/install/turtlebot3_gazebo/share/turtlebot3_gazebo//models/turtlebot3_house/model.config\n'}
[16.513348] (turtlebot3_gazebo) StdoutLine: {'line': b'-- Symlinking: /home/student/ros2_ws/install/turtlebot3_gazebo/share/turtlebot3_gazebo//models/turtlebot3_house/model.sdf\n'}
[16.520907] (turtlebot3_gazebo) StdoutLine: {'line': b'-- Symlinking: /home/student/ros2_ws/install/turtlebot3_gazebo/share/turtlebot3_gazebo//models/turtlebot3_waffle/model-1_4.sdf\n'}
[16.528208] (turtlebot3_gazebo) StdoutLine: {'line': b'-- Symlinking: /home/student/ros2_ws/install/turtlebot3_gazebo/share/turtlebot3_gazebo//models/turtlebot3_waffle/model.config\n'}
[16.535596] (turtlebot3_gazebo) StdoutLine: {'line': b'-- Symlinking: /home/student/ros2_ws/install/turtlebot3_gazebo/share/turtlebot3_gazebo//models/turtlebot3_waffle/model.sdf\n'}
[16.543047] (turtlebot3_gazebo) StdoutLine: {'line': b'-- Symlinking: /home/student/ros2_ws/install/turtlebot3_gazebo/share/turtlebot3_gazebo//models/turtlebot3_waffle_pi/model-1_4_.sdf\n'}
[16.550313] (turtlebot3_gazebo) StdoutLine: {'line': b'-- Symlinking: /home/student/ros2_ws/install/turtlebot3_gazebo/share/turtlebot3_gazebo//models/turtlebot3_waffle_pi/model.config\n'}
[16.557729] (turtlebot3_gazebo) StdoutLine: {'line': b'-- Symlinking: /home/student/ros2_ws/install/turtlebot3_gazebo/share/turtlebot3_gazebo//models/turtlebot3_waffle_pi/model.sdf\n'}
[16.565432] (turtlebot3_gazebo) StdoutLine: {'line': b'-- Symlinking: /home/student/ros2_ws/install/turtlebot3_gazebo/share/turtlebot3_gazebo//models/turtlebot3_world/meshes/hexagon.dae\n'}
[16.565512] (-) TimerEvent: {}
[16.573801] (turtlebot3_gazebo) StdoutLine: {'line': b'-- Symlinking: /home/student/ros2_ws/install/turtlebot3_gazebo/share/turtlebot3_gazebo//models/turtlebot3_world/meshes/wall.dae\n'}
[16.581359] (turtlebot3_gazebo) StdoutLine: {'line': b'-- Symlinking: /home/student/ros2_ws/install/turtlebot3_gazebo/share/turtlebot3_gazebo//models/turtlebot3_world/model-1_4.sdf\n'}
[16.588637] (turtlebot3_gazebo) StdoutLine: {'line': b'-- Symlinking: /home/student/ros2_ws/install/turtlebot3_gazebo/share/turtlebot3_gazebo//models/turtlebot3_world/model.config\n'}
[16.596007] (turtlebot3_gazebo) StdoutLine: {'line': b'-- Symlinking: /home/student/ros2_ws/install/turtlebot3_gazebo/share/turtlebot3_gazebo//models/turtlebot3_world/model.sdf\n'}
[16.615970] (turtlebot3_gazebo) StdoutLine: {'line': b'-- Symlinking: /home/student/ros2_ws/install/turtlebot3_gazebo/share/turtlebot3_gazebo//rviz/tb3_gazebo.rviz\n'}
[16.623951] (turtlebot3_gazebo) StdoutLine: {'line': b'-- Symlinking: /home/student/ros2_ws/install/turtlebot3_gazebo/share/turtlebot3_gazebo//urdf/common_properties.urdf\n'}
[16.631404] (turtlebot3_gazebo) StdoutLine: {'line': b'-- Symlinking: /home/student/ros2_ws/install/turtlebot3_gazebo/share/turtlebot3_gazebo//urdf/turtlebot3_burger.urdf\n'}
[16.639485] (turtlebot3_gazebo) StdoutLine: {'line': b'-- Symlinking: /home/student/ros2_ws/install/turtlebot3_gazebo/share/turtlebot3_gazebo//urdf/turtlebot3_burger_cam.urdf\n'}
[16.646880] (turtlebot3_gazebo) StdoutLine: {'line': b'-- Symlinking: /home/student/ros2_ws/install/turtlebot3_gazebo/share/turtlebot3_gazebo//urdf/turtlebot3_waffle.urdf\n'}
[16.654092] (turtlebot3_gazebo) StdoutLine: {'line': b'-- Symlinking: /home/student/ros2_ws/install/turtlebot3_gazebo/share/turtlebot3_gazebo//urdf/turtlebot3_waffle_pi.urdf\n'}
[16.662313] (turtlebot3_gazebo) StdoutLine: {'line': b'-- Symlinking: /home/student/ros2_ws/install/turtlebot3_gazebo/share/turtlebot3_gazebo//worlds/empty_world.world\n'}
[16.665598] (-) TimerEvent: {}
[16.669846] (turtlebot3_gazebo) StdoutLine: {'line': b'-- Symlinking: /home/student/ros2_ws/install/turtlebot3_gazebo/share/turtlebot3_gazebo//worlds/turtlebot3_autorace_2020.world\n'}
[16.677166] (turtlebot3_gazebo) StdoutLine: {'line': b'-- Symlinking: /home/student/ros2_ws/install/turtlebot3_gazebo/share/turtlebot3_gazebo//worlds/turtlebot3_dqn_stage1.world\n'}
[16.684676] (turtlebot3_gazebo) StdoutLine: {'line': b'-- Symlinking: /home/student/ros2_ws/install/turtlebot3_gazebo/share/turtlebot3_gazebo//worlds/turtlebot3_dqn_stage2.world\n'}
[16.691922] (turtlebot3_gazebo) StdoutLine: {'line': b'-- Symlinking: /home/student/ros2_ws/install/turtlebot3_gazebo/share/turtlebot3_gazebo//worlds/turtlebot3_dqn_stage3.world\n'}
[16.699370] (turtlebot3_gazebo) StdoutLine: {'line': b'-- Symlinking: /home/student/ros2_ws/install/turtlebot3_gazebo/share/turtlebot3_gazebo//worlds/turtlebot3_dqn_stage4.world\n'}
[16.706990] (turtlebot3_gazebo) StdoutLine: {'line': b'-- Symlinking: /home/student/ros2_ws/install/turtlebot3_gazebo/share/turtlebot3_gazebo//worlds/turtlebot3_house.world\n'}
[16.714390] (turtlebot3_gazebo) StdoutLine: {'line': b'-- Symlinking: /home/student/ros2_ws/install/turtlebot3_gazebo/share/turtlebot3_gazebo//worlds/turtlebot3_world.world\n'}
[16.722626] (turtlebot3_gazebo) StdoutLine: {'line': b'-- Symlinking: /home/student/ros2_ws/install/turtlebot3_gazebo/include//turtlebot3_gazebo/obstacle1.hpp\n'}
[16.730191] (turtlebot3_gazebo) StdoutLine: {'line': b'-- Symlinking: /home/student/ros2_ws/install/turtlebot3_gazebo/include//turtlebot3_gazebo/obstacle2.hpp\n'}
[16.737755] (turtlebot3_gazebo) StdoutLine: {'line': b'-- Symlinking: /home/student/ros2_ws/install/turtlebot3_gazebo/include//turtlebot3_gazebo/obstacles.hpp\n'}
[16.745290] (turtlebot3_gazebo) StdoutLine: {'line': b'-- Symlinking: /home/student/ros2_ws/install/turtlebot3_gazebo/include//turtlebot3_gazebo/traffic_bar_plugin.hpp\n'}
[16.752760] (turtlebot3_gazebo) StdoutLine: {'line': b'-- Symlinking: /home/student/ros2_ws/install/turtlebot3_gazebo/include//turtlebot3_gazebo/traffic_light_plugin.hpp\n'}
[16.760290] (turtlebot3_gazebo) StdoutLine: {'line': b'-- Symlinking: /home/student/ros2_ws/install/turtlebot3_gazebo/include//turtlebot3_gazebo/turtlebot3_drive.hpp\n'}
[16.765683] (-) TimerEvent: {}
[16.768020] (turtlebot3_gazebo) StdoutLine: {'line': b'-- Symlinking: /home/student/ros2_ws/install/turtlebot3_gazebo/share/ament_index/resource_index/package_run_dependencies/turtlebot3_gazebo\n'}
[16.775521] (turtlebot3_gazebo) StdoutLine: {'line': b'-- Symlinking: /home/student/ros2_ws/install/turtlebot3_gazebo/share/ament_index/resource_index/parent_prefix_path/turtlebot3_gazebo\n'}
[16.783738] (turtlebot3_gazebo) StdoutLine: {'line': b'-- Symlinking: /home/student/ros2_ws/install/turtlebot3_gazebo/share/turtlebot3_gazebo/environment/ament_prefix_path.sh\n'}
[16.791224] (turtlebot3_gazebo) StdoutLine: {'line': b'-- Symlinking: /home/student/ros2_ws/install/turtlebot3_gazebo/share/turtlebot3_gazebo/environment/ament_prefix_path.dsv\n'}
[16.798945] (turtlebot3_gazebo) StdoutLine: {'line': b'-- Symlinking: /home/student/ros2_ws/install/turtlebot3_gazebo/share/turtlebot3_gazebo/environment/path.sh\n'}
[16.806420] (turtlebot3_gazebo) StdoutLine: {'line': b'-- Symlinking: /home/student/ros2_ws/install/turtlebot3_gazebo/share/turtlebot3_gazebo/environment/path.dsv\n'}
[16.814105] (turtlebot3_gazebo) StdoutLine: {'line': b'-- Symlinking: /home/student/ros2_ws/install/turtlebot3_gazebo/share/turtlebot3_gazebo/local_setup.bash\n'}
[16.821562] (turtlebot3_gazebo) StdoutLine: {'line': b'-- Symlinking: /home/student/ros2_ws/install/turtlebot3_gazebo/share/turtlebot3_gazebo/local_setup.sh\n'}
[16.829125] (turtlebot3_gazebo) StdoutLine: {'line': b'-- Symlinking: /home/student/ros2_ws/install/turtlebot3_gazebo/share/turtlebot3_gazebo/local_setup.zsh\n'}
[16.837145] (turtlebot3_gazebo) StdoutLine: {'line': b'-- Symlinking: /home/student/ros2_ws/install/turtlebot3_gazebo/share/turtlebot3_gazebo/local_setup.dsv\n'}
[16.844467] (turtlebot3_gazebo) StdoutLine: {'line': b'-- Symlinking: /home/student/ros2_ws/install/turtlebot3_gazebo/share/turtlebot3_gazebo/package.dsv\n'}
[16.852046] (turtlebot3_gazebo) StdoutLine: {'line': b'-- Symlinking: /home/student/ros2_ws/install/turtlebot3_gazebo/share/ament_index/resource_index/packages/turtlebot3_gazebo\n'}
[16.859655] (turtlebot3_gazebo) StdoutLine: {'line': b'-- Symlinking: /home/student/ros2_ws/install/turtlebot3_gazebo/share/turtlebot3_gazebo/cmake/ament_cmake_export_include_directories-extras.cmake\n'}
[16.865766] (-) TimerEvent: {}
[16.867292] (turtlebot3_gazebo) StdoutLine: {'line': b'-- Symlinking: /home/student/ros2_ws/install/turtlebot3_gazebo/share/turtlebot3_gazebo/cmake/ament_cmake_export_dependencies-extras.cmake\n'}
[16.874932] (turtlebot3_gazebo) StdoutLine: {'line': b'-- Symlinking: /home/student/ros2_ws/install/turtlebot3_gazebo/share/turtlebot3_gazebo/cmake/turtlebot3_gazeboConfig.cmake\n'}
[16.883436] (turtlebot3_gazebo) StdoutLine: {'line': b'-- Symlinking: /home/student/ros2_ws/install/turtlebot3_gazebo/share/turtlebot3_gazebo/cmake/turtlebot3_gazeboConfig-version.cmake\n'}
[16.890921] (turtlebot3_gazebo) StdoutLine: {'line': b'-- Symlinking: /home/student/ros2_ws/install/turtlebot3_gazebo/share/turtlebot3_gazebo/package.xml\n'}
[16.900010] (turtlebot3_gazebo) CommandEnded: {'returncode': 0}
[16.911966] (turtlebot3_gazebo) JobEnded: {'identifier': 'turtlebot3_gazebo', 'rc': 0}
[16.912865] (turtlebot3_simulations) JobStarted: {'identifier': 'turtlebot3_simulations'}
[16.920502] (turtlebot3_simulations) JobProgress: {'identifier': 'turtlebot3_simulations', 'progress': 'cmake'}
[16.921073] (turtlebot3_simulations) Command: {'cmd': ['/usr/bin/cmake', '/home/student/ros2_ws/src/turtlebot3_simulations/turtlebot3_simulations', '-DAMENT_CMAKE_SYMLINK_INSTALL=1', '-DCMAKE_INSTALL_PREFIX=/home/student/ros2_ws/install/turtlebot3_simulations'], 'cwd': '/home/student/ros2_ws/build/turtlebot3_simulations', 'env': OrderedDict([('HOSTNAME', 'gregor-PC'), ('SHLVL', '1'), ('LD_LIBRARY_PATH', '/usr/lib/x86_64-linux-gnu/gazebo-11/plugins:/opt/ros/humble/opt/rviz_ogre_vendor/lib:/opt/ros/humble/lib/x86_64-linux-gnu:/opt/ros/humble/lib:/usr/lib/x86_64-linux-gnu/gazebo-11/plugins:'), ('HOME', '/home/student'), ('OLDPWD', '/home/student'), ('GAZEBO_MASTER_URI', 'http://localhost:11345'), ('ROS_PYTHON_VERSION', '3'), ('COLCON_PREFIX_PATH', '/home/student/ros2_ws/install'), ('ROS_DISTRO', 'humble'), ('_', '/usr/bin/colcon'), ('ROS_VERSION', '2'), ('TERM', 'xterm'), ('GAZEBO_MODEL_PATH', '/usr/share/gazebo-11/models:'), ('ROS_LOCALHOST_ONLY', '1'), ('QT_X11_NO_MITSHM', '1'), ('OGRE_RESOURCE_PATH', '/usr/lib/x86_64-linux-gnu/OGRE-1.9.0'), ('PATH', '/opt/ros/humble/bin:/usr/local/sbin:/usr/local/bin:/usr/sbin:/usr/bin:/sbin:/bin'), ('DISPLAY', ':0'), ('LANG', 'C.UTF-8'), ('LS_COLORS', 'rs=0:di=01;34:ln=01;36:mh=00:pi=40;33:so=01;35:do=01;35:bd=40;33;01:cd=40;33;01:or=40;31;01:mi=00:su=37;41:sg=30;43:ca=30;41:tw=30;42:ow=34;42:st=37;44:ex=01;32:*.tar=01;31:*.tgz=01;31:*.arc=01;31:*.arj=01;31:*.taz=01;31:*.lha=01;31:*.lz4=01;31:*.lzh=01;31:*.lzma=01;31:*.tlz=01;31:*.txz=01;31:*.tzo=01;31:*.t7z=01;31:*.zip=01;31:*.z=01;31:*.dz=01;31:*.gz=01;31:*.lrz=01;31:*.lz=01;31:*.lzo=01;31:*.xz=01;31:*.zst=01;31:*.tzst=01;31:*.bz2=01;31:*.bz=01;31:*.tbz=01;31:*.tbz2=01;31:*.tz=01;31:*.deb=01;31:*.rpm=01;31:*.jar=01;31:*.war=01;31:*.ear=01;31:*.sar=01;31:*.rar=01;31:*.alz=01;31:*.ace=01;31:*.zoo=01;31:*.cpio=01;31:*.7z=01;31:*.rz=01;31:*.cab=01;31:*.wim=01;31:*.swm=01;31:*.dwm=01;31:*.esd=01;31:*.jpg=01;35:*.jpeg=01;35:*.mjpg=01;35:*.mjpeg=01;35:*.gif=01;35:*.bmp=01;35:*.pbm=01;35:*.pgm=01;35:*.ppm=01;35:*.tga=01;35:*.xbm=01;35:*.xpm=01;35:*.tif=01;35:*.tiff=01;35:*.png=01;35:*.svg=01;35:*.svgz=01;35:*.mng=01;35:*.pcx=01;35:*.mov=01;35:*.mpg=01;35:*.mpeg=01;35:*.m2v=01;35:*.mkv=01;35:*.webm=01;35:*.webp=01;35:*.ogm=01;35:*.mp4=01;35:*.m4v=01;35:*.mp4v=01;35:*.vob=01;35:*.qt=01;35:*.nuv=01;35:*.wmv=01;35:*.asf=01;35:*.rm=01;35:*.rmvb=01;35:*.flc=01;35:*.avi=01;35:*.fli=01;35:*.flv=01;35:*.gl=01;35:*.dl=01;35:*.xcf=01;35:*.xwd=01;35:*.yuv=01;35:*.cgm=01;35:*.emf=01;35:*.ogv=01;35:*.ogx=01;35:*.aac=00;36:*.au=00;36:*.flac=00;36:*.m4a=00;36:*.mid=00;36:*.midi=00;36:*.mka=00;36:*.mp3=00;36:*.mpc=00;36:*.ogg=00;36:*.ra=00;36:*.wav=00;36:*.oga=00;36:*.opus=00;36:*.spx=00;36:*.xspf=00;36:'), ('ROS_DOMAIN_ID', '30'), ('AMENT_PREFIX_PATH', '/home/student/ros2_ws/install/turtlebot3_manipulation_gazebo:/home/student/ros2_ws/install/turtlebot3_gazebo:/home/student/ros2_ws/install/turtlebot3_fake_node:/home/student/ros2_ws/install/my_robot_controller:/opt/ros/humble'), ('GAZEBO_RESOURCE_PATH', '/usr/share/gazebo-11:'), ('GAZEBO_MODEL_DATABASE_URI', 'http://models.gazebosim.org'), ('PWD', '/home/student/ros2_ws/build/turtlebot3_simulations'), ('TURTLEBOT3_MODEL', 'burger'), ('LC_ALL', 'C.UTF-8'), ('GAZEBO_PLUGIN_PATH', '/usr/lib/x86_64-linux-gnu/gazebo-11/plugins:'), ('PYTHONPATH', '/home/student/ros2_ws/install/my_robot_controller/lib/python3.10/site-packages:/opt/ros/humble/lib/python3.10/site-packages:/opt/ros/humble/local/lib/python3.10/dist-packages'), ('COLCON', '1'), ('CMAKE_PREFIX_PATH', '/home/student/ros2_ws/install/turtlebot3_manipulation_gazebo:/home/student/ros2_ws/install/turtlebot3_gazebo:/home/student/ros2_ws/install/turtlebot3_fake_node:/home/student/ros2_ws/install/my_robot_controller:/opt/ros/humble')]), 'shell': False}
[16.965843] (-) TimerEvent: {}
[16.969764] (turtlebot3_simulations) StdoutLine: {'line': b'-- The C compiler identification is GNU 11.4.0\n'}
[17.013910] (turtlebot3_simulations) StdoutLine: {'line': b'-- The CXX compiler identification is GNU 11.4.0\n'}
[17.020825] (turtlebot3_simulations) StdoutLine: {'line': b'-- Detecting C compiler ABI info\n'}
[17.065916] (-) TimerEvent: {}
[17.082151] (turtlebot3_simulations) StdoutLine: {'line': b'-- Detecting C compiler ABI info - done\n'}
[17.088804] (turtlebot3_simulations) StdoutLine: {'line': b'-- Check for working C compiler: /usr/bin/cc - skipped\n'}
[17.089076] (turtlebot3_simulations) StdoutLine: {'line': b'-- Detecting C compile features\n'}
[17.089452] (turtlebot3_simulations) StdoutLine: {'line': b'-- Detecting C compile features - done\n'}
[17.092472] (turtlebot3_simulations) StdoutLine: {'line': b'-- Detecting CXX compiler ABI info\n'}
[17.160299] (turtlebot3_simulations) StdoutLine: {'line': b'-- Detecting CXX compiler ABI info - done\n'}
[17.165986] (-) TimerEvent: {}
[17.167316] (turtlebot3_simulations) StdoutLine: {'line': b'-- Check for working CXX compiler: /usr/bin/c++ - skipped\n'}
[17.167601] (turtlebot3_simulations) StdoutLine: {'line': b'-- Detecting CXX compile features\n'}
[17.168053] (turtlebot3_simulations) StdoutLine: {'line': b'-- Detecting CXX compile features - done\n'}
[17.172549] (turtlebot3_simulations) StdoutLine: {'line': b'-- Found ament_cmake: 1.3.14 (/opt/ros/humble/share/ament_cmake/cmake)\n'}
[17.266068] (-) TimerEvent: {}
[17.293554] (turtlebot3_simulations) StdoutLine: {'line': b'-- Found Python3: /usr/bin/python3 (found version "3.10.12") found components: Interpreter \n'}
[17.341553] (turtlebot3_simulations) StdoutLine: {'line': b'-- Override CMake install command with custom implementation using symlinks instead of copying resources\n'}
[17.366150] (-) TimerEvent: {}
[17.437972] (turtlebot3_simulations) StdoutLine: {'line': b'-- Configuring done\n'}
[17.440761] (turtlebot3_simulations) StdoutLine: {'line': b'-- Generating done\n'}
[17.442058] (turtlebot3_simulations) StdoutLine: {'line': b'-- Build files have been written to: /home/student/ros2_ws/build/turtlebot3_simulations\n'}
[17.445338] (turtlebot3_simulations) CommandEnded: {'returncode': 0}
[17.445731] (turtlebot3_simulations) JobProgress: {'identifier': 'turtlebot3_simulations', 'progress': 'build'}
[17.446066] (turtlebot3_simulations) Command: {'cmd': ['/usr/bin/cmake', '--build', '/home/student/ros2_ws/build/turtlebot3_simulations', '--', '-j16', '-l16'], 'cwd': '/home/student/ros2_ws/build/turtlebot3_simulations', 'env': OrderedDict([('HOSTNAME', 'gregor-PC'), ('SHLVL', '1'), ('LD_LIBRARY_PATH', '/usr/lib/x86_64-linux-gnu/gazebo-11/plugins:/opt/ros/humble/opt/rviz_ogre_vendor/lib:/opt/ros/humble/lib/x86_64-linux-gnu:/opt/ros/humble/lib:/usr/lib/x86_64-linux-gnu/gazebo-11/plugins:'), ('HOME', '/home/student'), ('OLDPWD', '/home/student'), ('GAZEBO_MASTER_URI', 'http://localhost:11345'), ('ROS_PYTHON_VERSION', '3'), ('COLCON_PREFIX_PATH', '/home/student/ros2_ws/install'), ('ROS_DISTRO', 'humble'), ('_', '/usr/bin/colcon'), ('ROS_VERSION', '2'), ('TERM', 'xterm'), ('GAZEBO_MODEL_PATH', '/usr/share/gazebo-11/models:'), ('ROS_LOCALHOST_ONLY', '1'), ('QT_X11_NO_MITSHM', '1'), ('OGRE_RESOURCE_PATH', '/usr/lib/x86_64-linux-gnu/OGRE-1.9.0'), ('PATH', '/opt/ros/humble/bin:/usr/local/sbin:/usr/local/bin:/usr/sbin:/usr/bin:/sbin:/bin'), ('DISPLAY', ':0'), ('LANG', 'C.UTF-8'), ('LS_COLORS', 'rs=0:di=01;34:ln=01;36:mh=00:pi=40;33:so=01;35:do=01;35:bd=40;33;01:cd=40;33;01:or=40;31;01:mi=00:su=37;41:sg=30;43:ca=30;41:tw=30;42:ow=34;42:st=37;44:ex=01;32:*.tar=01;31:*.tgz=01;31:*.arc=01;31:*.arj=01;31:*.taz=01;31:*.lha=01;31:*.lz4=01;31:*.lzh=01;31:*.lzma=01;31:*.tlz=01;31:*.txz=01;31:*.tzo=01;31:*.t7z=01;31:*.zip=01;31:*.z=01;31:*.dz=01;31:*.gz=01;31:*.lrz=01;31:*.lz=01;31:*.lzo=01;31:*.xz=01;31:*.zst=01;31:*.tzst=01;31:*.bz2=01;31:*.bz=01;31:*.tbz=01;31:*.tbz2=01;31:*.tz=01;31:*.deb=01;31:*.rpm=01;31:*.jar=01;31:*.war=01;31:*.ear=01;31:*.sar=01;31:*.rar=01;31:*.alz=01;31:*.ace=01;31:*.zoo=01;31:*.cpio=01;31:*.7z=01;31:*.rz=01;31:*.cab=01;31:*.wim=01;31:*.swm=01;31:*.dwm=01;31:*.esd=01;31:*.jpg=01;35:*.jpeg=01;35:*.mjpg=01;35:*.mjpeg=01;35:*.gif=01;35:*.bmp=01;35:*.pbm=01;35:*.pgm=01;35:*.ppm=01;35:*.tga=01;35:*.xbm=01;35:*.xpm=01;35:*.tif=01;35:*.tiff=01;35:*.png=01;35:*.svg=01;35:*.svgz=01;35:*.mng=01;35:*.pcx=01;35:*.mov=01;35:*.mpg=01;35:*.mpeg=01;35:*.m2v=01;35:*.mkv=01;35:*.webm=01;35:*.webp=01;35:*.ogm=01;35:*.mp4=01;35:*.m4v=01;35:*.mp4v=01;35:*.vob=01;35:*.qt=01;35:*.nuv=01;35:*.wmv=01;35:*.asf=01;35:*.rm=01;35:*.rmvb=01;35:*.flc=01;35:*.avi=01;35:*.fli=01;35:*.flv=01;35:*.gl=01;35:*.dl=01;35:*.xcf=01;35:*.xwd=01;35:*.yuv=01;35:*.cgm=01;35:*.emf=01;35:*.ogv=01;35:*.ogx=01;35:*.aac=00;36:*.au=00;36:*.flac=00;36:*.m4a=00;36:*.mid=00;36:*.midi=00;36:*.mka=00;36:*.mp3=00;36:*.mpc=00;36:*.ogg=00;36:*.ra=00;36:*.wav=00;36:*.oga=00;36:*.opus=00;36:*.spx=00;36:*.xspf=00;36:'), ('ROS_DOMAIN_ID', '30'), ('AMENT_PREFIX_PATH', '/home/student/ros2_ws/install/turtlebot3_manipulation_gazebo:/home/student/ros2_ws/install/turtlebot3_gazebo:/home/student/ros2_ws/install/turtlebot3_fake_node:/home/student/ros2_ws/install/my_robot_controller:/opt/ros/humble'), ('GAZEBO_RESOURCE_PATH', '/usr/share/gazebo-11:'), ('GAZEBO_MODEL_DATABASE_URI', 'http://models.gazebosim.org'), ('PWD', '/home/student/ros2_ws/build/turtlebot3_simulations'), ('TURTLEBOT3_MODEL', 'burger'), ('LC_ALL', 'C.UTF-8'), ('GAZEBO_PLUGIN_PATH', '/usr/lib/x86_64-linux-gnu/gazebo-11/plugins:'), ('PYTHONPATH', '/home/student/ros2_ws/install/my_robot_controller/lib/python3.10/site-packages:/opt/ros/humble/lib/python3.10/site-packages:/opt/ros/humble/local/lib/python3.10/dist-packages'), ('COLCON', '1'), ('CMAKE_PREFIX_PATH', '/home/student/ros2_ws/install/turtlebot3_manipulation_gazebo:/home/student/ros2_ws/install/turtlebot3_gazebo:/home/student/ros2_ws/install/turtlebot3_fake_node:/home/student/ros2_ws/install/my_robot_controller:/opt/ros/humble')]), 'shell': False}
[17.466226] (-) TimerEvent: {}
[17.481428] (turtlebot3_simulations) CommandEnded: {'returncode': 0}
[17.481884] (turtlebot3_simulations) JobProgress: {'identifier': 'turtlebot3_simulations', 'progress': 'install'}
[17.482031] (turtlebot3_simulations) Command: {'cmd': ['/usr/bin/cmake', '--install', '/home/student/ros2_ws/build/turtlebot3_simulations'], 'cwd': '/home/student/ros2_ws/build/turtlebot3_simulations', 'env': OrderedDict([('HOSTNAME', 'gregor-PC'), ('SHLVL', '1'), ('LD_LIBRARY_PATH', '/usr/lib/x86_64-linux-gnu/gazebo-11/plugins:/opt/ros/humble/opt/rviz_ogre_vendor/lib:/opt/ros/humble/lib/x86_64-linux-gnu:/opt/ros/humble/lib:/usr/lib/x86_64-linux-gnu/gazebo-11/plugins:'), ('HOME', '/home/student'), ('OLDPWD', '/home/student'), ('GAZEBO_MASTER_URI', 'http://localhost:11345'), ('ROS_PYTHON_VERSION', '3'), ('COLCON_PREFIX_PATH', '/home/student/ros2_ws/install'), ('ROS_DISTRO', 'humble'), ('_', '/usr/bin/colcon'), ('ROS_VERSION', '2'), ('TERM', 'xterm'), ('GAZEBO_MODEL_PATH', '/usr/share/gazebo-11/models:'), ('ROS_LOCALHOST_ONLY', '1'), ('QT_X11_NO_MITSHM', '1'), ('OGRE_RESOURCE_PATH', '/usr/lib/x86_64-linux-gnu/OGRE-1.9.0'), ('PATH', '/opt/ros/humble/bin:/usr/local/sbin:/usr/local/bin:/usr/sbin:/usr/bin:/sbin:/bin'), ('DISPLAY', ':0'), ('LANG', 'C.UTF-8'), ('LS_COLORS', 'rs=0:di=01;34:ln=01;36:mh=00:pi=40;33:so=01;35:do=01;35:bd=40;33;01:cd=40;33;01:or=40;31;01:mi=00:su=37;41:sg=30;43:ca=30;41:tw=30;42:ow=34;42:st=37;44:ex=01;32:*.tar=01;31:*.tgz=01;31:*.arc=01;31:*.arj=01;31:*.taz=01;31:*.lha=01;31:*.lz4=01;31:*.lzh=01;31:*.lzma=01;31:*.tlz=01;31:*.txz=01;31:*.tzo=01;31:*.t7z=01;31:*.zip=01;31:*.z=01;31:*.dz=01;31:*.gz=01;31:*.lrz=01;31:*.lz=01;31:*.lzo=01;31:*.xz=01;31:*.zst=01;31:*.tzst=01;31:*.bz2=01;31:*.bz=01;31:*.tbz=01;31:*.tbz2=01;31:*.tz=01;31:*.deb=01;31:*.rpm=01;31:*.jar=01;31:*.war=01;31:*.ear=01;31:*.sar=01;31:*.rar=01;31:*.alz=01;31:*.ace=01;31:*.zoo=01;31:*.cpio=01;31:*.7z=01;31:*.rz=01;31:*.cab=01;31:*.wim=01;31:*.swm=01;31:*.dwm=01;31:*.esd=01;31:*.jpg=01;35:*.jpeg=01;35:*.mjpg=01;35:*.mjpeg=01;35:*.gif=01;35:*.bmp=01;35:*.pbm=01;35:*.pgm=01;35:*.ppm=01;35:*.tga=01;35:*.xbm=01;35:*.xpm=01;35:*.tif=01;35:*.tiff=01;35:*.png=01;35:*.svg=01;35:*.svgz=01;35:*.mng=01;35:*.pcx=01;35:*.mov=01;35:*.mpg=01;35:*.mpeg=01;35:*.m2v=01;35:*.mkv=01;35:*.webm=01;35:*.webp=01;35:*.ogm=01;35:*.mp4=01;35:*.m4v=01;35:*.mp4v=01;35:*.vob=01;35:*.qt=01;35:*.nuv=01;35:*.wmv=01;35:*.asf=01;35:*.rm=01;35:*.rmvb=01;35:*.flc=01;35:*.avi=01;35:*.fli=01;35:*.flv=01;35:*.gl=01;35:*.dl=01;35:*.xcf=01;35:*.xwd=01;35:*.yuv=01;35:*.cgm=01;35:*.emf=01;35:*.ogv=01;35:*.ogx=01;35:*.aac=00;36:*.au=00;36:*.flac=00;36:*.m4a=00;36:*.mid=00;36:*.midi=00;36:*.mka=00;36:*.mp3=00;36:*.mpc=00;36:*.ogg=00;36:*.ra=00;36:*.wav=00;36:*.oga=00;36:*.opus=00;36:*.spx=00;36:*.xspf=00;36:'), ('ROS_DOMAIN_ID', '30'), ('AMENT_PREFIX_PATH', '/home/student/ros2_ws/install/turtlebot3_manipulation_gazebo:/home/student/ros2_ws/install/turtlebot3_gazebo:/home/student/ros2_ws/install/turtlebot3_fake_node:/home/student/ros2_ws/install/my_robot_controller:/opt/ros/humble'), ('GAZEBO_RESOURCE_PATH', '/usr/share/gazebo-11:'), ('GAZEBO_MODEL_DATABASE_URI', 'http://models.gazebosim.org'), ('PWD', '/home/student/ros2_ws/build/turtlebot3_simulations'), ('TURTLEBOT3_MODEL', 'burger'), ('LC_ALL', 'C.UTF-8'), ('GAZEBO_PLUGIN_PATH', '/usr/lib/x86_64-linux-gnu/gazebo-11/plugins:'), ('PYTHONPATH', '/home/student/ros2_ws/install/my_robot_controller/lib/python3.10/site-packages:/opt/ros/humble/lib/python3.10/site-packages:/opt/ros/humble/local/lib/python3.10/dist-packages'), ('COLCON', '1'), ('CMAKE_PREFIX_PATH', '/home/student/ros2_ws/install/turtlebot3_manipulation_gazebo:/home/student/ros2_ws/install/turtlebot3_gazebo:/home/student/ros2_ws/install/turtlebot3_fake_node:/home/student/ros2_ws/install/my_robot_controller:/opt/ros/humble')]), 'shell': False}
[17.489238] (turtlebot3_simulations) StdoutLine: {'line': b'-- Install configuration: ""\n'}
[17.489617] (turtlebot3_simulations) StdoutLine: {'line': b'-- Execute custom install script\n'}
[17.489909] (turtlebot3_simulations) StdoutLine: {'line': b'-- Symlinking: /home/student/ros2_ws/install/turtlebot3_simulations/share/ament_index/resource_index/package_run_dependencies/turtlebot3_simulations\n'}
[17.498351] (turtlebot3_simulations) StdoutLine: {'line': b'-- Symlinking: /home/student/ros2_ws/install/turtlebot3_simulations/share/ament_index/resource_index/parent_prefix_path/turtlebot3_simulations\n'}
[17.505764] (turtlebot3_simulations) StdoutLine: {'line': b'-- Symlinking: /home/student/ros2_ws/install/turtlebot3_simulations/share/turtlebot3_simulations/environment/ament_prefix_path.sh\n'}
[17.513108] (turtlebot3_simulations) StdoutLine: {'line': b'-- Symlinking: /home/student/ros2_ws/install/turtlebot3_simulations/share/turtlebot3_simulations/environment/ament_prefix_path.dsv\n'}
[17.520455] (turtlebot3_simulations) StdoutLine: {'line': b'-- Symlinking: /home/student/ros2_ws/install/turtlebot3_simulations/share/turtlebot3_simulations/environment/path.sh\n'}
[17.527862] (turtlebot3_simulations) StdoutLine: {'line': b'-- Symlinking: /home/student/ros2_ws/install/turtlebot3_simulations/share/turtlebot3_simulations/environment/path.dsv\n'}
[17.535154] (turtlebot3_simulations) StdoutLine: {'line': b'-- Symlinking: /home/student/ros2_ws/install/turtlebot3_simulations/share/turtlebot3_simulations/local_setup.bash\n'}
[17.542571] (turtlebot3_simulations) StdoutLine: {'line': b'-- Symlinking: /home/student/ros2_ws/install/turtlebot3_simulations/share/turtlebot3_simulations/local_setup.sh\n'}
[17.549977] (turtlebot3_simulations) StdoutLine: {'line': b'-- Symlinking: /home/student/ros2_ws/install/turtlebot3_simulations/share/turtlebot3_simulations/local_setup.zsh\n'}
[17.557377] (turtlebot3_simulations) StdoutLine: {'line': b'-- Symlinking: /home/student/ros2_ws/install/turtlebot3_simulations/share/turtlebot3_simulations/local_setup.dsv\n'}
[17.564768] (turtlebot3_simulations) StdoutLine: {'line': b'-- Symlinking: /home/student/ros2_ws/install/turtlebot3_simulations/share/turtlebot3_simulations/package.dsv\n'}
[17.566288] (-) TimerEvent: {}
[17.572381] (turtlebot3_simulations) StdoutLine: {'line': b'-- Symlinking: /home/student/ros2_ws/install/turtlebot3_simulations/share/ament_index/resource_index/packages/turtlebot3_simulations\n'}
[17.579896] (turtlebot3_simulations) StdoutLine: {'line': b'-- Symlinking: /home/student/ros2_ws/install/turtlebot3_simulations/share/turtlebot3_simulations/cmake/turtlebot3_simulationsConfig.cmake\n'}
[17.587339] (turtlebot3_simulations) StdoutLine: {'line': b'-- Symlinking: /home/student/ros2_ws/install/turtlebot3_simulations/share/turtlebot3_simulations/cmake/turtlebot3_simulationsConfig-version.cmake\n'}
[17.594813] (turtlebot3_simulations) StdoutLine: {'line': b'-- Symlinking: /home/student/ros2_ws/install/turtlebot3_simulations/share/turtlebot3_simulations/package.xml\n'}
[17.603949] (turtlebot3_simulations) CommandEnded: {'returncode': 0}
[17.615633] (turtlebot3_simulations) JobEnded: {'identifier': 'turtlebot3_simulations', 'rc': 0}
[17.666374] (-) TimerEvent: {}
[17.766524] (turtlebot3_node) StdoutLine: {'line': b'[100%] \x1b[32m\x1b[1mLinking CXX executable turtlebot3_ros\x1b[0m\n'}
[17.766649] (-) TimerEvent: {}
[17.866829] (-) TimerEvent: {}
[17.967101] (-) TimerEvent: {}
[18.067541] (-) TimerEvent: {}
[18.167913] (-) TimerEvent: {}
[18.268087] (-) TimerEvent: {}
[18.368295] (-) TimerEvent: {}
[18.468466] (-) TimerEvent: {}
[18.568627] (-) TimerEvent: {}
[18.668800] (-) TimerEvent: {}
[18.769020] (-) TimerEvent: {}
[18.845765] (turtlebot3_node) StdoutLine: {'line': b'[100%] Built target turtlebot3_ros\n'}
[18.861365] (turtlebot3_node) CommandEnded: {'returncode': 0}
[18.861888] (turtlebot3_node) JobProgress: {'identifier': 'turtlebot3_node', 'progress': 'install'}
[18.862259] (turtlebot3_node) Command: {'cmd': ['/usr/bin/cmake', '--install', '/home/student/ros2_ws/build/turtlebot3_node'], 'cwd': '/home/student/ros2_ws/build/turtlebot3_node', 'env': OrderedDict([('HOSTNAME', 'gregor-PC'), ('SHLVL', '1'), ('LD_LIBRARY_PATH', '/usr/lib/x86_64-linux-gnu/gazebo-11/plugins:/opt/ros/humble/opt/rviz_ogre_vendor/lib:/opt/ros/humble/lib/x86_64-linux-gnu:/opt/ros/humble/lib:/usr/lib/x86_64-linux-gnu/gazebo-11/plugins:'), ('HOME', '/home/student'), ('OLDPWD', '/home/student'), ('GAZEBO_MASTER_URI', 'http://localhost:11345'), ('ROS_PYTHON_VERSION', '3'), ('COLCON_PREFIX_PATH', '/home/student/ros2_ws/install'), ('ROS_DISTRO', 'humble'), ('_', '/usr/bin/colcon'), ('ROS_VERSION', '2'), ('TERM', 'xterm'), ('GAZEBO_MODEL_PATH', '/usr/share/gazebo-11/models:'), ('ROS_LOCALHOST_ONLY', '1'), ('QT_X11_NO_MITSHM', '1'), ('OGRE_RESOURCE_PATH', '/usr/lib/x86_64-linux-gnu/OGRE-1.9.0'), ('PATH', '/opt/ros/humble/bin:/usr/local/sbin:/usr/local/bin:/usr/sbin:/usr/bin:/sbin:/bin'), ('DISPLAY', ':0'), ('LANG', 'C.UTF-8'), ('LS_COLORS', 'rs=0:di=01;34:ln=01;36:mh=00:pi=40;33:so=01;35:do=01;35:bd=40;33;01:cd=40;33;01:or=40;31;01:mi=00:su=37;41:sg=30;43:ca=30;41:tw=30;42:ow=34;42:st=37;44:ex=01;32:*.tar=01;31:*.tgz=01;31:*.arc=01;31:*.arj=01;31:*.taz=01;31:*.lha=01;31:*.lz4=01;31:*.lzh=01;31:*.lzma=01;31:*.tlz=01;31:*.txz=01;31:*.tzo=01;31:*.t7z=01;31:*.zip=01;31:*.z=01;31:*.dz=01;31:*.gz=01;31:*.lrz=01;31:*.lz=01;31:*.lzo=01;31:*.xz=01;31:*.zst=01;31:*.tzst=01;31:*.bz2=01;31:*.bz=01;31:*.tbz=01;31:*.tbz2=01;31:*.tz=01;31:*.deb=01;31:*.rpm=01;31:*.jar=01;31:*.war=01;31:*.ear=01;31:*.sar=01;31:*.rar=01;31:*.alz=01;31:*.ace=01;31:*.zoo=01;31:*.cpio=01;31:*.7z=01;31:*.rz=01;31:*.cab=01;31:*.wim=01;31:*.swm=01;31:*.dwm=01;31:*.esd=01;31:*.jpg=01;35:*.jpeg=01;35:*.mjpg=01;35:*.mjpeg=01;35:*.gif=01;35:*.bmp=01;35:*.pbm=01;35:*.pgm=01;35:*.ppm=01;35:*.tga=01;35:*.xbm=01;35:*.xpm=01;35:*.tif=01;35:*.tiff=01;35:*.png=01;35:*.svg=01;35:*.svgz=01;35:*.mng=01;35:*.pcx=01;35:*.mov=01;35:*.mpg=01;35:*.mpeg=01;35:*.m2v=01;35:*.mkv=01;35:*.webm=01;35:*.webp=01;35:*.ogm=01;35:*.mp4=01;35:*.m4v=01;35:*.mp4v=01;35:*.vob=01;35:*.qt=01;35:*.nuv=01;35:*.wmv=01;35:*.asf=01;35:*.rm=01;35:*.rmvb=01;35:*.flc=01;35:*.avi=01;35:*.fli=01;35:*.flv=01;35:*.gl=01;35:*.dl=01;35:*.xcf=01;35:*.xwd=01;35:*.yuv=01;35:*.cgm=01;35:*.emf=01;35:*.ogv=01;35:*.ogx=01;35:*.aac=00;36:*.au=00;36:*.flac=00;36:*.m4a=00;36:*.mid=00;36:*.midi=00;36:*.mka=00;36:*.mp3=00;36:*.mpc=00;36:*.ogg=00;36:*.ra=00;36:*.wav=00;36:*.oga=00;36:*.opus=00;36:*.spx=00;36:*.xspf=00;36:'), ('ROS_DOMAIN_ID', '30'), ('AMENT_PREFIX_PATH', '/home/student/ros2_ws/install/my_robot_controller:/opt/ros/humble'), ('GAZEBO_RESOURCE_PATH', '/usr/share/gazebo-11:'), ('GAZEBO_MODEL_DATABASE_URI', 'http://models.gazebosim.org'), ('PWD', '/home/student/ros2_ws/build/turtlebot3_node'), ('TURTLEBOT3_MODEL', 'burger'), ('LC_ALL', 'C.UTF-8'), ('GAZEBO_PLUGIN_PATH', '/usr/lib/x86_64-linux-gnu/gazebo-11/plugins:'), ('PYTHONPATH', '/home/student/ros2_ws/install/my_robot_controller/lib/python3.10/site-packages:/opt/ros/humble/lib/python3.10/site-packages:/opt/ros/humble/local/lib/python3.10/dist-packages'), ('COLCON', '1'), ('CMAKE_PREFIX_PATH', '/home/student/ros2_ws/install/my_robot_controller:/opt/ros/humble')]), 'shell': False}
[18.868955] (turtlebot3_node) StdoutLine: {'line': b'-- Install configuration: ""\n'}
[18.869037] (-) TimerEvent: {}
[18.869364] (turtlebot3_node) StdoutLine: {'line': b'-- Execute custom install script\n'}
[18.869997] (turtlebot3_node) StdoutLine: {'line': b'-- Symlinking: /home/student/ros2_ws/install/turtlebot3_node/share/turtlebot3_node/param/burger.yaml\n'}
[18.877398] (turtlebot3_node) StdoutLine: {'line': b'-- Symlinking: /home/student/ros2_ws/install/turtlebot3_node/share/turtlebot3_node/param/waffle.yaml\n'}
[18.886258] (turtlebot3_node) StdoutLine: {'line': b'-- Symlinking: /home/student/ros2_ws/install/turtlebot3_node/share/turtlebot3_node/param/waffle_pi.yaml\n'}
[18.894040] (turtlebot3_node) StdoutLine: {'line': b'-- Symlinking: /home/student/ros2_ws/install/turtlebot3_node/lib/turtlebot3_node/turtlebot3_ros\n'}
[18.901560] (turtlebot3_node) StdoutLine: {'line': b'-- Symlinking: /home/student/ros2_ws/install/turtlebot3_node/share/ament_index/resource_index/package_run_dependencies/turtlebot3_node\n'}
[18.908995] (turtlebot3_node) StdoutLine: {'line': b'-- Symlinking: /home/student/ros2_ws/install/turtlebot3_node/share/ament_index/resource_index/parent_prefix_path/turtlebot3_node\n'}
[18.917312] (turtlebot3_node) StdoutLine: {'line': b'-- Symlinking: /home/student/ros2_ws/install/turtlebot3_node/share/turtlebot3_node/environment/ament_prefix_path.sh\n'}
[18.924836] (turtlebot3_node) StdoutLine: {'line': b'-- Symlinking: /home/student/ros2_ws/install/turtlebot3_node/share/turtlebot3_node/environment/ament_prefix_path.dsv\n'}
[18.932245] (turtlebot3_node) StdoutLine: {'line': b'-- Symlinking: /home/student/ros2_ws/install/turtlebot3_node/share/turtlebot3_node/environment/path.sh\n'}
[18.939777] (turtlebot3_node) StdoutLine: {'line': b'-- Symlinking: /home/student/ros2_ws/install/turtlebot3_node/share/turtlebot3_node/environment/path.dsv\n'}
[18.947177] (turtlebot3_node) StdoutLine: {'line': b'-- Symlinking: /home/student/ros2_ws/install/turtlebot3_node/share/turtlebot3_node/local_setup.bash\n'}
[18.954767] (turtlebot3_node) StdoutLine: {'line': b'-- Symlinking: /home/student/ros2_ws/install/turtlebot3_node/share/turtlebot3_node/local_setup.sh\n'}
[18.962202] (turtlebot3_node) StdoutLine: {'line': b'-- Symlinking: /home/student/ros2_ws/install/turtlebot3_node/share/turtlebot3_node/local_setup.zsh\n'}
[18.969107] (-) TimerEvent: {}
[18.969801] (turtlebot3_node) StdoutLine: {'line': b'-- Symlinking: /home/student/ros2_ws/install/turtlebot3_node/share/turtlebot3_node/local_setup.dsv\n'}
[18.977116] (turtlebot3_node) StdoutLine: {'line': b'-- Symlinking: /home/student/ros2_ws/install/turtlebot3_node/share/turtlebot3_node/package.dsv\n'}
[18.984426] (turtlebot3_node) StdoutLine: {'line': b'-- Symlinking: /home/student/ros2_ws/install/turtlebot3_node/share/ament_index/resource_index/packages/turtlebot3_node\n'}
[18.992091] (turtlebot3_node) StdoutLine: {'line': b'-- Symlinking: /home/student/ros2_ws/install/turtlebot3_node/share/turtlebot3_node/cmake/ament_cmake_export_dependencies-extras.cmake\n'}
[18.999425] (turtlebot3_node) StdoutLine: {'line': b'-- Symlinking: /home/student/ros2_ws/install/turtlebot3_node/share/turtlebot3_node/cmake/ament_cmake_export_include_directories-extras.cmake\n'}
[19.008419] (turtlebot3_node) StdoutLine: {'line': b'-- Symlinking: /home/student/ros2_ws/install/turtlebot3_node/share/turtlebot3_node/cmake/turtlebot3_nodeConfig.cmake\n'}
[19.015816] (turtlebot3_node) StdoutLine: {'line': b'-- Symlinking: /home/student/ros2_ws/install/turtlebot3_node/share/turtlebot3_node/cmake/turtlebot3_nodeConfig-version.cmake\n'}
[19.023003] (turtlebot3_node) StdoutLine: {'line': b'-- Symlinking: /home/student/ros2_ws/install/turtlebot3_node/share/turtlebot3_node/package.xml\n'}
[19.031648] (turtlebot3_node) CommandEnded: {'returncode': 0}
[19.044076] (turtlebot3_node) JobEnded: {'identifier': 'turtlebot3_node', 'rc': 0}
[19.044897] (turtlebot3_bringup) JobStarted: {'identifier': 'turtlebot3_bringup'}
[19.052379] (turtlebot3_bringup) JobProgress: {'identifier': 'turtlebot3_bringup', 'progress': 'cmake'}
[19.052998] (turtlebot3_bringup) Command: {'cmd': ['/usr/bin/cmake', '/home/student/ros2_ws/src/turtlebot3/turtlebot3_bringup', '-DAMENT_CMAKE_SYMLINK_INSTALL=1', '-DCMAKE_INSTALL_PREFIX=/home/student/ros2_ws/install/turtlebot3_bringup'], 'cwd': '/home/student/ros2_ws/build/turtlebot3_bringup', 'env': OrderedDict([('HOSTNAME', 'gregor-PC'), ('SHLVL', '1'), ('LD_LIBRARY_PATH', '/usr/lib/x86_64-linux-gnu/gazebo-11/plugins:/opt/ros/humble/opt/rviz_ogre_vendor/lib:/opt/ros/humble/lib/x86_64-linux-gnu:/opt/ros/humble/lib:/usr/lib/x86_64-linux-gnu/gazebo-11/plugins:'), ('HOME', '/home/student'), ('OLDPWD', '/home/student'), ('GAZEBO_MASTER_URI', 'http://localhost:11345'), ('ROS_PYTHON_VERSION', '3'), ('COLCON_PREFIX_PATH', '/home/student/ros2_ws/install'), ('ROS_DISTRO', 'humble'), ('_', '/usr/bin/colcon'), ('ROS_VERSION', '2'), ('TERM', 'xterm'), ('GAZEBO_MODEL_PATH', '/usr/share/gazebo-11/models:'), ('ROS_LOCALHOST_ONLY', '1'), ('QT_X11_NO_MITSHM', '1'), ('OGRE_RESOURCE_PATH', '/usr/lib/x86_64-linux-gnu/OGRE-1.9.0'), ('PATH', '/opt/ros/humble/bin:/usr/local/sbin:/usr/local/bin:/usr/sbin:/usr/bin:/sbin:/bin'), ('DISPLAY', ':0'), ('LANG', 'C.UTF-8'), ('LS_COLORS', 'rs=0:di=01;34:ln=01;36:mh=00:pi=40;33:so=01;35:do=01;35:bd=40;33;01:cd=40;33;01:or=40;31;01:mi=00:su=37;41:sg=30;43:ca=30;41:tw=30;42:ow=34;42:st=37;44:ex=01;32:*.tar=01;31:*.tgz=01;31:*.arc=01;31:*.arj=01;31:*.taz=01;31:*.lha=01;31:*.lz4=01;31:*.lzh=01;31:*.lzma=01;31:*.tlz=01;31:*.txz=01;31:*.tzo=01;31:*.t7z=01;31:*.zip=01;31:*.z=01;31:*.dz=01;31:*.gz=01;31:*.lrz=01;31:*.lz=01;31:*.lzo=01;31:*.xz=01;31:*.zst=01;31:*.tzst=01;31:*.bz2=01;31:*.bz=01;31:*.tbz=01;31:*.tbz2=01;31:*.tz=01;31:*.deb=01;31:*.rpm=01;31:*.jar=01;31:*.war=01;31:*.ear=01;31:*.sar=01;31:*.rar=01;31:*.alz=01;31:*.ace=01;31:*.zoo=01;31:*.cpio=01;31:*.7z=01;31:*.rz=01;31:*.cab=01;31:*.wim=01;31:*.swm=01;31:*.dwm=01;31:*.esd=01;31:*.jpg=01;35:*.jpeg=01;35:*.mjpg=01;35:*.mjpeg=01;35:*.gif=01;35:*.bmp=01;35:*.pbm=01;35:*.pgm=01;35:*.ppm=01;35:*.tga=01;35:*.xbm=01;35:*.xpm=01;35:*.tif=01;35:*.tiff=01;35:*.png=01;35:*.svg=01;35:*.svgz=01;35:*.mng=01;35:*.pcx=01;35:*.mov=01;35:*.mpg=01;35:*.mpeg=01;35:*.m2v=01;35:*.mkv=01;35:*.webm=01;35:*.webp=01;35:*.ogm=01;35:*.mp4=01;35:*.m4v=01;35:*.mp4v=01;35:*.vob=01;35:*.qt=01;35:*.nuv=01;35:*.wmv=01;35:*.asf=01;35:*.rm=01;35:*.rmvb=01;35:*.flc=01;35:*.avi=01;35:*.fli=01;35:*.flv=01;35:*.gl=01;35:*.dl=01;35:*.xcf=01;35:*.xwd=01;35:*.yuv=01;35:*.cgm=01;35:*.emf=01;35:*.ogv=01;35:*.ogx=01;35:*.aac=00;36:*.au=00;36:*.flac=00;36:*.m4a=00;36:*.mid=00;36:*.midi=00;36:*.mka=00;36:*.mp3=00;36:*.mpc=00;36:*.ogg=00;36:*.ra=00;36:*.wav=00;36:*.oga=00;36:*.opus=00;36:*.spx=00;36:*.xspf=00;36:'), ('ROS_DOMAIN_ID', '30'), ('AMENT_PREFIX_PATH', '/home/student/ros2_ws/install/turtlebot3_node:/home/student/ros2_ws/install/turtlebot3_description:/home/student/ros2_ws/install/my_robot_controller:/opt/ros/humble'), ('GAZEBO_RESOURCE_PATH', '/usr/share/gazebo-11:'), ('GAZEBO_MODEL_DATABASE_URI', 'http://models.gazebosim.org'), ('PWD', '/home/student/ros2_ws/build/turtlebot3_bringup'), ('TURTLEBOT3_MODEL', 'burger'), ('LC_ALL', 'C.UTF-8'), ('GAZEBO_PLUGIN_PATH', '/usr/lib/x86_64-linux-gnu/gazebo-11/plugins:'), ('PYTHONPATH', '/home/student/ros2_ws/install/my_robot_controller/lib/python3.10/site-packages:/opt/ros/humble/lib/python3.10/site-packages:/opt/ros/humble/local/lib/python3.10/dist-packages'), ('COLCON', '1'), ('CMAKE_PREFIX_PATH', '/home/student/ros2_ws/install/turtlebot3_node:/home/student/ros2_ws/install/turtlebot3_description:/home/student/ros2_ws/install/my_robot_controller:/opt/ros/humble')]), 'shell': False}
[19.069177] (-) TimerEvent: {}
[19.101973] (turtlebot3_bringup) StdoutLine: {'line': b'-- The C compiler identification is GNU 11.4.0\n'}
[19.145939] (turtlebot3_bringup) StdoutLine: {'line': b'-- The CXX compiler identification is GNU 11.4.0\n'}
[19.151847] (turtlebot3_bringup) StdoutLine: {'line': b'-- Detecting C compiler ABI info\n'}
[19.169250] (-) TimerEvent: {}
[19.210616] (turtlebot3_bringup) StdoutLine: {'line': b'-- Detecting C compiler ABI info - done\n'}
[19.218014] (turtlebot3_bringup) StdoutLine: {'line': b'-- Check for working C compiler: /usr/bin/cc - skipped\n'}
[19.218297] (turtlebot3_bringup) StdoutLine: {'line': b'-- Detecting C compile features\n'}
[19.218688] (turtlebot3_bringup) StdoutLine: {'line': b'-- Detecting C compile features - done\n'}
[19.221971] (turtlebot3_bringup) StdoutLine: {'line': b'-- Detecting CXX compiler ABI info\n'}
[19.269318] (-) TimerEvent: {}
[19.292172] (turtlebot3_bringup) StdoutLine: {'line': b'-- Detecting CXX compiler ABI info - done\n'}
[19.299798] (turtlebot3_bringup) StdoutLine: {'line': b'-- Check for working CXX compiler: /usr/bin/c++ - skipped\n'}
[19.300105] (turtlebot3_bringup) StdoutLine: {'line': b'-- Detecting CXX compile features\n'}
[19.300587] (turtlebot3_bringup) StdoutLine: {'line': b'-- Detecting CXX compile features - done\n'}
[19.305434] (turtlebot3_bringup) StdoutLine: {'line': b'-- Found ament_cmake: 1.3.14 (/opt/ros/humble/share/ament_cmake/cmake)\n'}
[19.369387] (-) TimerEvent: {}
[19.429667] (turtlebot3_bringup) StdoutLine: {'line': b'-- Found Python3: /usr/bin/python3 (found version "3.10.12") found components: Interpreter \n'}
[19.469470] (-) TimerEvent: {}
[19.477918] (turtlebot3_bringup) StdoutLine: {'line': b'-- Override CMake install command with custom implementation using symlinks instead of copying resources\n'}
[19.569553] (-) TimerEvent: {}
[19.579014] (turtlebot3_bringup) StdoutLine: {'line': b'-- Configuring done\n'}
[19.582884] (turtlebot3_bringup) StdoutLine: {'line': b'-- Generating done\n'}
[19.584601] (turtlebot3_bringup) StdoutLine: {'line': b'-- Build files have been written to: /home/student/ros2_ws/build/turtlebot3_bringup\n'}
[19.588428] (turtlebot3_bringup) CommandEnded: {'returncode': 0}
[19.588837] (turtlebot3_bringup) JobProgress: {'identifier': 'turtlebot3_bringup', 'progress': 'build'}
[19.589023] (turtlebot3_bringup) Command: {'cmd': ['/usr/bin/cmake', '--build', '/home/student/ros2_ws/build/turtlebot3_bringup', '--', '-j16', '-l16'], 'cwd': '/home/student/ros2_ws/build/turtlebot3_bringup', 'env': OrderedDict([('HOSTNAME', 'gregor-PC'), ('SHLVL', '1'), ('LD_LIBRARY_PATH', '/usr/lib/x86_64-linux-gnu/gazebo-11/plugins:/opt/ros/humble/opt/rviz_ogre_vendor/lib:/opt/ros/humble/lib/x86_64-linux-gnu:/opt/ros/humble/lib:/usr/lib/x86_64-linux-gnu/gazebo-11/plugins:'), ('HOME', '/home/student'), ('OLDPWD', '/home/student'), ('GAZEBO_MASTER_URI', 'http://localhost:11345'), ('ROS_PYTHON_VERSION', '3'), ('COLCON_PREFIX_PATH', '/home/student/ros2_ws/install'), ('ROS_DISTRO', 'humble'), ('_', '/usr/bin/colcon'), ('ROS_VERSION', '2'), ('TERM', 'xterm'), ('GAZEBO_MODEL_PATH', '/usr/share/gazebo-11/models:'), ('ROS_LOCALHOST_ONLY', '1'), ('QT_X11_NO_MITSHM', '1'), ('OGRE_RESOURCE_PATH', '/usr/lib/x86_64-linux-gnu/OGRE-1.9.0'), ('PATH', '/opt/ros/humble/bin:/usr/local/sbin:/usr/local/bin:/usr/sbin:/usr/bin:/sbin:/bin'), ('DISPLAY', ':0'), ('LANG', 'C.UTF-8'), ('LS_COLORS', 'rs=0:di=01;34:ln=01;36:mh=00:pi=40;33:so=01;35:do=01;35:bd=40;33;01:cd=40;33;01:or=40;31;01:mi=00:su=37;41:sg=30;43:ca=30;41:tw=30;42:ow=34;42:st=37;44:ex=01;32:*.tar=01;31:*.tgz=01;31:*.arc=01;31:*.arj=01;31:*.taz=01;31:*.lha=01;31:*.lz4=01;31:*.lzh=01;31:*.lzma=01;31:*.tlz=01;31:*.txz=01;31:*.tzo=01;31:*.t7z=01;31:*.zip=01;31:*.z=01;31:*.dz=01;31:*.gz=01;31:*.lrz=01;31:*.lz=01;31:*.lzo=01;31:*.xz=01;31:*.zst=01;31:*.tzst=01;31:*.bz2=01;31:*.bz=01;31:*.tbz=01;31:*.tbz2=01;31:*.tz=01;31:*.deb=01;31:*.rpm=01;31:*.jar=01;31:*.war=01;31:*.ear=01;31:*.sar=01;31:*.rar=01;31:*.alz=01;31:*.ace=01;31:*.zoo=01;31:*.cpio=01;31:*.7z=01;31:*.rz=01;31:*.cab=01;31:*.wim=01;31:*.swm=01;31:*.dwm=01;31:*.esd=01;31:*.jpg=01;35:*.jpeg=01;35:*.mjpg=01;35:*.mjpeg=01;35:*.gif=01;35:*.bmp=01;35:*.pbm=01;35:*.pgm=01;35:*.ppm=01;35:*.tga=01;35:*.xbm=01;35:*.xpm=01;35:*.tif=01;35:*.tiff=01;35:*.png=01;35:*.svg=01;35:*.svgz=01;35:*.mng=01;35:*.pcx=01;35:*.mov=01;35:*.mpg=01;35:*.mpeg=01;35:*.m2v=01;35:*.mkv=01;35:*.webm=01;35:*.webp=01;35:*.ogm=01;35:*.mp4=01;35:*.m4v=01;35:*.mp4v=01;35:*.vob=01;35:*.qt=01;35:*.nuv=01;35:*.wmv=01;35:*.asf=01;35:*.rm=01;35:*.rmvb=01;35:*.flc=01;35:*.avi=01;35:*.fli=01;35:*.flv=01;35:*.gl=01;35:*.dl=01;35:*.xcf=01;35:*.xwd=01;35:*.yuv=01;35:*.cgm=01;35:*.emf=01;35:*.ogv=01;35:*.ogx=01;35:*.aac=00;36:*.au=00;36:*.flac=00;36:*.m4a=00;36:*.mid=00;36:*.midi=00;36:*.mka=00;36:*.mp3=00;36:*.mpc=00;36:*.ogg=00;36:*.ra=00;36:*.wav=00;36:*.oga=00;36:*.opus=00;36:*.spx=00;36:*.xspf=00;36:'), ('ROS_DOMAIN_ID', '30'), ('AMENT_PREFIX_PATH', '/home/student/ros2_ws/install/turtlebot3_node:/home/student/ros2_ws/install/turtlebot3_description:/home/student/ros2_ws/install/my_robot_controller:/opt/ros/humble'), ('GAZEBO_RESOURCE_PATH', '/usr/share/gazebo-11:'), ('GAZEBO_MODEL_DATABASE_URI', 'http://models.gazebosim.org'), ('PWD', '/home/student/ros2_ws/build/turtlebot3_bringup'), ('TURTLEBOT3_MODEL', 'burger'), ('LC_ALL', 'C.UTF-8'), ('GAZEBO_PLUGIN_PATH', '/usr/lib/x86_64-linux-gnu/gazebo-11/plugins:'), ('PYTHONPATH', '/home/student/ros2_ws/install/my_robot_controller/lib/python3.10/site-packages:/opt/ros/humble/lib/python3.10/site-packages:/opt/ros/humble/local/lib/python3.10/dist-packages'), ('COLCON', '1'), ('CMAKE_PREFIX_PATH', '/home/student/ros2_ws/install/turtlebot3_node:/home/student/ros2_ws/install/turtlebot3_description:/home/student/ros2_ws/install/my_robot_controller:/opt/ros/humble')]), 'shell': False}
[19.625773] (turtlebot3_bringup) CommandEnded: {'returncode': 0}
[19.626218] (turtlebot3_bringup) JobProgress: {'identifier': 'turtlebot3_bringup', 'progress': 'install'}
[19.626350] (turtlebot3_bringup) Command: {'cmd': ['/usr/bin/cmake', '--install', '/home/student/ros2_ws/build/turtlebot3_bringup'], 'cwd': '/home/student/ros2_ws/build/turtlebot3_bringup', 'env': OrderedDict([('HOSTNAME', 'gregor-PC'), ('SHLVL', '1'), ('LD_LIBRARY_PATH', '/usr/lib/x86_64-linux-gnu/gazebo-11/plugins:/opt/ros/humble/opt/rviz_ogre_vendor/lib:/opt/ros/humble/lib/x86_64-linux-gnu:/opt/ros/humble/lib:/usr/lib/x86_64-linux-gnu/gazebo-11/plugins:'), ('HOME', '/home/student'), ('OLDPWD', '/home/student'), ('GAZEBO_MASTER_URI', 'http://localhost:11345'), ('ROS_PYTHON_VERSION', '3'), ('COLCON_PREFIX_PATH', '/home/student/ros2_ws/install'), ('ROS_DISTRO', 'humble'), ('_', '/usr/bin/colcon'), ('ROS_VERSION', '2'), ('TERM', 'xterm'), ('GAZEBO_MODEL_PATH', '/usr/share/gazebo-11/models:'), ('ROS_LOCALHOST_ONLY', '1'), ('QT_X11_NO_MITSHM', '1'), ('OGRE_RESOURCE_PATH', '/usr/lib/x86_64-linux-gnu/OGRE-1.9.0'), ('PATH', '/opt/ros/humble/bin:/usr/local/sbin:/usr/local/bin:/usr/sbin:/usr/bin:/sbin:/bin'), ('DISPLAY', ':0'), ('LANG', 'C.UTF-8'), ('LS_COLORS', 'rs=0:di=01;34:ln=01;36:mh=00:pi=40;33:so=01;35:do=01;35:bd=40;33;01:cd=40;33;01:or=40;31;01:mi=00:su=37;41:sg=30;43:ca=30;41:tw=30;42:ow=34;42:st=37;44:ex=01;32:*.tar=01;31:*.tgz=01;31:*.arc=01;31:*.arj=01;31:*.taz=01;31:*.lha=01;31:*.lz4=01;31:*.lzh=01;31:*.lzma=01;31:*.tlz=01;31:*.txz=01;31:*.tzo=01;31:*.t7z=01;31:*.zip=01;31:*.z=01;31:*.dz=01;31:*.gz=01;31:*.lrz=01;31:*.lz=01;31:*.lzo=01;31:*.xz=01;31:*.zst=01;31:*.tzst=01;31:*.bz2=01;31:*.bz=01;31:*.tbz=01;31:*.tbz2=01;31:*.tz=01;31:*.deb=01;31:*.rpm=01;31:*.jar=01;31:*.war=01;31:*.ear=01;31:*.sar=01;31:*.rar=01;31:*.alz=01;31:*.ace=01;31:*.zoo=01;31:*.cpio=01;31:*.7z=01;31:*.rz=01;31:*.cab=01;31:*.wim=01;31:*.swm=01;31:*.dwm=01;31:*.esd=01;31:*.jpg=01;35:*.jpeg=01;35:*.mjpg=01;35:*.mjpeg=01;35:*.gif=01;35:*.bmp=01;35:*.pbm=01;35:*.pgm=01;35:*.ppm=01;35:*.tga=01;35:*.xbm=01;35:*.xpm=01;35:*.tif=01;35:*.tiff=01;35:*.png=01;35:*.svg=01;35:*.svgz=01;35:*.mng=01;35:*.pcx=01;35:*.mov=01;35:*.mpg=01;35:*.mpeg=01;35:*.m2v=01;35:*.mkv=01;35:*.webm=01;35:*.webp=01;35:*.ogm=01;35:*.mp4=01;35:*.m4v=01;35:*.mp4v=01;35:*.vob=01;35:*.qt=01;35:*.nuv=01;35:*.wmv=01;35:*.asf=01;35:*.rm=01;35:*.rmvb=01;35:*.flc=01;35:*.avi=01;35:*.fli=01;35:*.flv=01;35:*.gl=01;35:*.dl=01;35:*.xcf=01;35:*.xwd=01;35:*.yuv=01;35:*.cgm=01;35:*.emf=01;35:*.ogv=01;35:*.ogx=01;35:*.aac=00;36:*.au=00;36:*.flac=00;36:*.m4a=00;36:*.mid=00;36:*.midi=00;36:*.mka=00;36:*.mp3=00;36:*.mpc=00;36:*.ogg=00;36:*.ra=00;36:*.wav=00;36:*.oga=00;36:*.opus=00;36:*.spx=00;36:*.xspf=00;36:'), ('ROS_DOMAIN_ID', '30'), ('AMENT_PREFIX_PATH', '/home/student/ros2_ws/install/turtlebot3_node:/home/student/ros2_ws/install/turtlebot3_description:/home/student/ros2_ws/install/my_robot_controller:/opt/ros/humble'), ('GAZEBO_RESOURCE_PATH', '/usr/share/gazebo-11:'), ('GAZEBO_MODEL_DATABASE_URI', 'http://models.gazebosim.org'), ('PWD', '/home/student/ros2_ws/build/turtlebot3_bringup'), ('TURTLEBOT3_MODEL', 'burger'), ('LC_ALL', 'C.UTF-8'), ('GAZEBO_PLUGIN_PATH', '/usr/lib/x86_64-linux-gnu/gazebo-11/plugins:'), ('PYTHONPATH', '/home/student/ros2_ws/install/my_robot_controller/lib/python3.10/site-packages:/opt/ros/humble/lib/python3.10/site-packages:/opt/ros/humble/local/lib/python3.10/dist-packages'), ('COLCON', '1'), ('CMAKE_PREFIX_PATH', '/home/student/ros2_ws/install/turtlebot3_node:/home/student/ros2_ws/install/turtlebot3_description:/home/student/ros2_ws/install/my_robot_controller:/opt/ros/humble')]), 'shell': False}
[19.632960] (turtlebot3_bringup) StdoutLine: {'line': b'-- Install configuration: ""\n'}
[19.633337] (turtlebot3_bringup) StdoutLine: {'line': b'-- Execute custom install script\n'}
[19.633982] (turtlebot3_bringup) StdoutLine: {'line': b'-- Symlinking: /home/student/ros2_ws/install/turtlebot3_bringup/share/turtlebot3_bringup/launch/camera.launch.py\n'}
[19.641388] (turtlebot3_bringup) StdoutLine: {'line': b'-- Symlinking: /home/student/ros2_ws/install/turtlebot3_bringup/share/turtlebot3_bringup/launch/robot.launch.py\n'}
[19.649865] (turtlebot3_bringup) StdoutLine: {'line': b'-- Symlinking: /home/student/ros2_ws/install/turtlebot3_bringup/share/turtlebot3_bringup/launch/rviz2.launch.py\n'}
[19.657267] (turtlebot3_bringup) StdoutLine: {'line': b'-- Symlinking: /home/student/ros2_ws/install/turtlebot3_bringup/share/turtlebot3_bringup/launch/turtlebot3_state_publisher.launch.py\n'}
[19.667352] (turtlebot3_bringup) StdoutLine: {'line': b'-- Symlinking: /home/student/ros2_ws/install/turtlebot3_bringup/share/turtlebot3_bringup/param/burger.yaml\n'}
[19.669615] (-) TimerEvent: {}
[19.674730] (turtlebot3_bringup) StdoutLine: {'line': b'-- Symlinking: /home/student/ros2_ws/install/turtlebot3_bringup/share/turtlebot3_bringup/param/humble/burger.yaml\n'}
[19.681958] (turtlebot3_bringup) StdoutLine: {'line': b'-- Symlinking: /home/student/ros2_ws/install/turtlebot3_bringup/share/turtlebot3_bringup/param/humble/waffle.yaml\n'}
[19.689228] (turtlebot3_bringup) StdoutLine: {'line': b'-- Symlinking: /home/student/ros2_ws/install/turtlebot3_bringup/share/turtlebot3_bringup/param/humble/waffle_pi.yaml\n'}
[19.698271] (turtlebot3_bringup) StdoutLine: {'line': b'-- Symlinking: /home/student/ros2_ws/install/turtlebot3_bringup/share/turtlebot3_bringup/param/waffle.yaml\n'}
[19.705576] (turtlebot3_bringup) StdoutLine: {'line': b'-- Symlinking: /home/student/ros2_ws/install/turtlebot3_bringup/share/turtlebot3_bringup/param/waffle_pi.yaml\n'}
[19.713310] (turtlebot3_bringup) StdoutLine: {'line': b'-- Symlinking: /home/student/ros2_ws/install/turtlebot3_bringup/share/turtlebot3_bringup/script/99-turtlebot3-cdc.rules\n'}
[19.720736] (turtlebot3_bringup) StdoutLine: {'line': b'-- Symlinking: /home/student/ros2_ws/install/turtlebot3_bringup/share/turtlebot3_bringup/script/create_udev_rules\n'}
[19.729379] (turtlebot3_bringup) StdoutLine: {'line': b'-- Symlinking: /home/student/ros2_ws/install/turtlebot3_bringup/share/ament_index/resource_index/package_run_dependencies/turtlebot3_bringup\n'}
[19.737504] (turtlebot3_bringup) StdoutLine: {'line': b'-- Symlinking: /home/student/ros2_ws/install/turtlebot3_bringup/share/ament_index/resource_index/parent_prefix_path/turtlebot3_bringup\n'}
[19.745029] (turtlebot3_bringup) StdoutLine: {'line': b'-- Symlinking: /home/student/ros2_ws/install/turtlebot3_bringup/share/turtlebot3_bringup/environment/ament_prefix_path.sh\n'}
[19.752347] (turtlebot3_bringup) StdoutLine: {'line': b'-- Symlinking: /home/student/ros2_ws/install/turtlebot3_bringup/share/turtlebot3_bringup/environment/ament_prefix_path.dsv\n'}
[19.760477] (turtlebot3_bringup) StdoutLine: {'line': b'-- Symlinking: /home/student/ros2_ws/install/turtlebot3_bringup/share/turtlebot3_bringup/environment/path.sh\n'}
[19.767991] (turtlebot3_bringup) StdoutLine: {'line': b'-- Symlinking: /home/student/ros2_ws/install/turtlebot3_bringup/share/turtlebot3_bringup/environment/path.dsv\n'}
[19.769679] (-) TimerEvent: {}
[19.775321] (turtlebot3_bringup) StdoutLine: {'line': b'-- Symlinking: /home/student/ros2_ws/install/turtlebot3_bringup/share/turtlebot3_bringup/local_setup.bash\n'}
[19.782781] (turtlebot3_bringup) StdoutLine: {'line': b'-- Symlinking: /home/student/ros2_ws/install/turtlebot3_bringup/share/turtlebot3_bringup/local_setup.sh\n'}
[19.790219] (turtlebot3_bringup) StdoutLine: {'line': b'-- Symlinking: /home/student/ros2_ws/install/turtlebot3_bringup/share/turtlebot3_bringup/local_setup.zsh\n'}
[19.797844] (turtlebot3_bringup) StdoutLine: {'line': b'-- Symlinking: /home/student/ros2_ws/install/turtlebot3_bringup/share/turtlebot3_bringup/local_setup.dsv\n'}
[19.805486] (turtlebot3_bringup) StdoutLine: {'line': b'-- Symlinking: /home/student/ros2_ws/install/turtlebot3_bringup/share/turtlebot3_bringup/package.dsv\n'}
[19.814363] (turtlebot3_bringup) StdoutLine: {'line': b'-- Symlinking: /home/student/ros2_ws/install/turtlebot3_bringup/share/ament_index/resource_index/packages/turtlebot3_bringup\n'}
[19.821967] (turtlebot3_bringup) StdoutLine: {'line': b'-- Symlinking: /home/student/ros2_ws/install/turtlebot3_bringup/share/turtlebot3_bringup/cmake/turtlebot3_bringupConfig.cmake\n'}
[19.829754] (turtlebot3_bringup) StdoutLine: {'line': b'-- Symlinking: /home/student/ros2_ws/install/turtlebot3_bringup/share/turtlebot3_bringup/cmake/turtlebot3_bringupConfig-version.cmake\n'}
[19.837140] (turtlebot3_bringup) StdoutLine: {'line': b'-- Symlinking: /home/student/ros2_ws/install/turtlebot3_bringup/share/turtlebot3_bringup/package.xml\n'}
[19.846180] (turtlebot3_bringup) CommandEnded: {'returncode': 0}
[19.858296] (turtlebot3_bringup) JobEnded: {'identifier': 'turtlebot3_bringup', 'rc': 0}
[19.858791] (turtlebot3) JobStarted: {'identifier': 'turtlebot3'}
[19.869753] (-) TimerEvent: {}
[19.870271] (turtlebot3) JobProgress: {'identifier': 'turtlebot3', 'progress': 'cmake'}
[19.870681] (turtlebot3) Command: {'cmd': ['/usr/bin/cmake', '/home/student/ros2_ws/src/turtlebot3/turtlebot3', '-DAMENT_CMAKE_SYMLINK_INSTALL=1', '-DCMAKE_INSTALL_PREFIX=/home/student/ros2_ws/install/turtlebot3'], 'cwd': '/home/student/ros2_ws/build/turtlebot3', 'env': OrderedDict([('HOSTNAME', 'gregor-PC'), ('SHLVL', '1'), ('LD_LIBRARY_PATH', '/usr/lib/x86_64-linux-gnu/gazebo-11/plugins:/opt/ros/humble/opt/rviz_ogre_vendor/lib:/opt/ros/humble/lib/x86_64-linux-gnu:/opt/ros/humble/lib:/usr/lib/x86_64-linux-gnu/gazebo-11/plugins:'), ('HOME', '/home/student'), ('OLDPWD', '/home/student'), ('GAZEBO_MASTER_URI', 'http://localhost:11345'), ('ROS_PYTHON_VERSION', '3'), ('COLCON_PREFIX_PATH', '/home/student/ros2_ws/install'), ('ROS_DISTRO', 'humble'), ('_', '/usr/bin/colcon'), ('ROS_VERSION', '2'), ('TERM', 'xterm'), ('GAZEBO_MODEL_PATH', '/usr/share/gazebo-11/models:'), ('ROS_LOCALHOST_ONLY', '1'), ('QT_X11_NO_MITSHM', '1'), ('OGRE_RESOURCE_PATH', '/usr/lib/x86_64-linux-gnu/OGRE-1.9.0'), ('PATH', '/opt/ros/humble/bin:/usr/local/sbin:/usr/local/bin:/usr/sbin:/usr/bin:/sbin:/bin'), ('DISPLAY', ':0'), ('LANG', 'C.UTF-8'), ('LS_COLORS', 'rs=0:di=01;34:ln=01;36:mh=00:pi=40;33:so=01;35:do=01;35:bd=40;33;01:cd=40;33;01:or=40;31;01:mi=00:su=37;41:sg=30;43:ca=30;41:tw=30;42:ow=34;42:st=37;44:ex=01;32:*.tar=01;31:*.tgz=01;31:*.arc=01;31:*.arj=01;31:*.taz=01;31:*.lha=01;31:*.lz4=01;31:*.lzh=01;31:*.lzma=01;31:*.tlz=01;31:*.txz=01;31:*.tzo=01;31:*.t7z=01;31:*.zip=01;31:*.z=01;31:*.dz=01;31:*.gz=01;31:*.lrz=01;31:*.lz=01;31:*.lzo=01;31:*.xz=01;31:*.zst=01;31:*.tzst=01;31:*.bz2=01;31:*.bz=01;31:*.tbz=01;31:*.tbz2=01;31:*.tz=01;31:*.deb=01;31:*.rpm=01;31:*.jar=01;31:*.war=01;31:*.ear=01;31:*.sar=01;31:*.rar=01;31:*.alz=01;31:*.ace=01;31:*.zoo=01;31:*.cpio=01;31:*.7z=01;31:*.rz=01;31:*.cab=01;31:*.wim=01;31:*.swm=01;31:*.dwm=01;31:*.esd=01;31:*.jpg=01;35:*.jpeg=01;35:*.mjpg=01;35:*.mjpeg=01;35:*.gif=01;35:*.bmp=01;35:*.pbm=01;35:*.pgm=01;35:*.ppm=01;35:*.tga=01;35:*.xbm=01;35:*.xpm=01;35:*.tif=01;35:*.tiff=01;35:*.png=01;35:*.svg=01;35:*.svgz=01;35:*.mng=01;35:*.pcx=01;35:*.mov=01;35:*.mpg=01;35:*.mpeg=01;35:*.m2v=01;35:*.mkv=01;35:*.webm=01;35:*.webp=01;35:*.ogm=01;35:*.mp4=01;35:*.m4v=01;35:*.mp4v=01;35:*.vob=01;35:*.qt=01;35:*.nuv=01;35:*.wmv=01;35:*.asf=01;35:*.rm=01;35:*.rmvb=01;35:*.flc=01;35:*.avi=01;35:*.fli=01;35:*.flv=01;35:*.gl=01;35:*.dl=01;35:*.xcf=01;35:*.xwd=01;35:*.yuv=01;35:*.cgm=01;35:*.emf=01;35:*.ogv=01;35:*.ogx=01;35:*.aac=00;36:*.au=00;36:*.flac=00;36:*.m4a=00;36:*.mid=00;36:*.midi=00;36:*.mka=00;36:*.mp3=00;36:*.mpc=00;36:*.ogg=00;36:*.ra=00;36:*.wav=00;36:*.oga=00;36:*.opus=00;36:*.spx=00;36:*.xspf=00;36:'), ('ROS_DOMAIN_ID', '30'), ('AMENT_PREFIX_PATH', '/home/student/ros2_ws/install/turtlebot3_bringup:/home/student/ros2_ws/install/turtlebot3_teleop:/home/student/ros2_ws/install/turtlebot3_node:/home/student/ros2_ws/install/turtlebot3_navigation2:/home/student/ros2_ws/install/turtlebot3_example:/home/student/ros2_ws/install/turtlebot3_description:/home/student/ros2_ws/install/turtlebot3_cartographer:/home/student/ros2_ws/install/my_robot_controller:/opt/ros/humble'), ('GAZEBO_RESOURCE_PATH', '/usr/share/gazebo-11:'), ('GAZEBO_MODEL_DATABASE_URI', 'http://models.gazebosim.org'), ('PWD', '/home/student/ros2_ws/build/turtlebot3'), ('TURTLEBOT3_MODEL', 'burger'), ('LC_ALL', 'C.UTF-8'), ('GAZEBO_PLUGIN_PATH', '/usr/lib/x86_64-linux-gnu/gazebo-11/plugins:'), ('PYTHONPATH', '/home/student/ros2_ws/build/turtlebot3_teleop:/home/student/ros2_ws/install/turtlebot3_teleop/lib/python3.10/site-packages:/home/student/ros2_ws/build/turtlebot3_example:/home/student/ros2_ws/install/turtlebot3_example/lib/python3.10/site-packages:/home/student/ros2_ws/install/my_robot_controller/lib/python3.10/site-packages:/opt/ros/humble/lib/python3.10/site-packages:/opt/ros/humble/local/lib/python3.10/dist-packages'), ('COLCON', '1'), ('CMAKE_PREFIX_PATH', '/home/student/ros2_ws/install/turtlebot3_bringup:/home/student/ros2_ws/install/turtlebot3_node:/home/student/ros2_ws/install/turtlebot3_navigation2:/home/student/ros2_ws/install/turtlebot3_description:/home/student/ros2_ws/install/turtlebot3_cartographer:/home/student/ros2_ws/install/my_robot_controller:/opt/ros/humble')]), 'shell': False}
[19.919723] (turtlebot3) StdoutLine: {'line': b'-- The C compiler identification is GNU 11.4.0\n'}
[19.965662] (turtlebot3) StdoutLine: {'line': b'-- The CXX compiler identification is GNU 11.4.0\n'}
[19.969817] (-) TimerEvent: {}
[19.973660] (turtlebot3) StdoutLine: {'line': b'-- Detecting C compiler ABI info\n'}
[20.036696] (turtlebot3) StdoutLine: {'line': b'-- Detecting C compiler ABI info - done\n'}
[20.044178] (turtlebot3) StdoutLine: {'line': b'-- Check for working C compiler: /usr/bin/cc - skipped\n'}
[20.044463] (turtlebot3) StdoutLine: {'line': b'-- Detecting C compile features\n'}
[20.044856] (turtlebot3) StdoutLine: {'line': b'-- Detecting C compile features - done\n'}
[20.048045] (turtlebot3) StdoutLine: {'line': b'-- Detecting CXX compiler ABI info\n'}
[20.069892] (-) TimerEvent: {}
[20.116355] (turtlebot3) StdoutLine: {'line': b'-- Detecting CXX compiler ABI info - done\n'}
[20.124113] (turtlebot3) StdoutLine: {'line': b'-- Check for working CXX compiler: /usr/bin/c++ - skipped\n'}
[20.124429] (turtlebot3) StdoutLine: {'line': b'-- Detecting CXX compile features\n'}
[20.124917] (turtlebot3) StdoutLine: {'line': b'-- Detecting CXX compile features - done\n'}
[20.130171] (turtlebot3) StdoutLine: {'line': b'-- Found ament_cmake: 1.3.14 (/opt/ros/humble/share/ament_cmake/cmake)\n'}
[20.169958] (-) TimerEvent: {}
[20.260202] (turtlebot3) StdoutLine: {'line': b'-- Found Python3: /usr/bin/python3 (found version "3.10.12") found components: Interpreter \n'}
[20.270302] (-) TimerEvent: {}
[20.310911] (turtlebot3) StdoutLine: {'line': b'-- Override CMake install command with custom implementation using symlinks instead of copying resources\n'}
[20.370390] (-) TimerEvent: {}
[20.419653] (turtlebot3) StdoutLine: {'line': b'-- Configuring done\n'}
[20.423495] (turtlebot3) StdoutLine: {'line': b'-- Generating done\n'}
[20.425057] (turtlebot3) StdoutLine: {'line': b'-- Build files have been written to: /home/student/ros2_ws/build/turtlebot3\n'}
[20.429029] (turtlebot3) CommandEnded: {'returncode': 0}
[20.429544] (turtlebot3) JobProgress: {'identifier': 'turtlebot3', 'progress': 'build'}
[20.430528] (turtlebot3) Command: {'cmd': ['/usr/bin/cmake', '--build', '/home/student/ros2_ws/build/turtlebot3', '--', '-j16', '-l16'], 'cwd': '/home/student/ros2_ws/build/turtlebot3', 'env': OrderedDict([('HOSTNAME', 'gregor-PC'), ('SHLVL', '1'), ('LD_LIBRARY_PATH', '/usr/lib/x86_64-linux-gnu/gazebo-11/plugins:/opt/ros/humble/opt/rviz_ogre_vendor/lib:/opt/ros/humble/lib/x86_64-linux-gnu:/opt/ros/humble/lib:/usr/lib/x86_64-linux-gnu/gazebo-11/plugins:'), ('HOME', '/home/student'), ('OLDPWD', '/home/student'), ('GAZEBO_MASTER_URI', 'http://localhost:11345'), ('ROS_PYTHON_VERSION', '3'), ('COLCON_PREFIX_PATH', '/home/student/ros2_ws/install'), ('ROS_DISTRO', 'humble'), ('_', '/usr/bin/colcon'), ('ROS_VERSION', '2'), ('TERM', 'xterm'), ('GAZEBO_MODEL_PATH', '/usr/share/gazebo-11/models:'), ('ROS_LOCALHOST_ONLY', '1'), ('QT_X11_NO_MITSHM', '1'), ('OGRE_RESOURCE_PATH', '/usr/lib/x86_64-linux-gnu/OGRE-1.9.0'), ('PATH', '/opt/ros/humble/bin:/usr/local/sbin:/usr/local/bin:/usr/sbin:/usr/bin:/sbin:/bin'), ('DISPLAY', ':0'), ('LANG', 'C.UTF-8'), ('LS_COLORS', 'rs=0:di=01;34:ln=01;36:mh=00:pi=40;33:so=01;35:do=01;35:bd=40;33;01:cd=40;33;01:or=40;31;01:mi=00:su=37;41:sg=30;43:ca=30;41:tw=30;42:ow=34;42:st=37;44:ex=01;32:*.tar=01;31:*.tgz=01;31:*.arc=01;31:*.arj=01;31:*.taz=01;31:*.lha=01;31:*.lz4=01;31:*.lzh=01;31:*.lzma=01;31:*.tlz=01;31:*.txz=01;31:*.tzo=01;31:*.t7z=01;31:*.zip=01;31:*.z=01;31:*.dz=01;31:*.gz=01;31:*.lrz=01;31:*.lz=01;31:*.lzo=01;31:*.xz=01;31:*.zst=01;31:*.tzst=01;31:*.bz2=01;31:*.bz=01;31:*.tbz=01;31:*.tbz2=01;31:*.tz=01;31:*.deb=01;31:*.rpm=01;31:*.jar=01;31:*.war=01;31:*.ear=01;31:*.sar=01;31:*.rar=01;31:*.alz=01;31:*.ace=01;31:*.zoo=01;31:*.cpio=01;31:*.7z=01;31:*.rz=01;31:*.cab=01;31:*.wim=01;31:*.swm=01;31:*.dwm=01;31:*.esd=01;31:*.jpg=01;35:*.jpeg=01;35:*.mjpg=01;35:*.mjpeg=01;35:*.gif=01;35:*.bmp=01;35:*.pbm=01;35:*.pgm=01;35:*.ppm=01;35:*.tga=01;35:*.xbm=01;35:*.xpm=01;35:*.tif=01;35:*.tiff=01;35:*.png=01;35:*.svg=01;35:*.svgz=01;35:*.mng=01;35:*.pcx=01;35:*.mov=01;35:*.mpg=01;35:*.mpeg=01;35:*.m2v=01;35:*.mkv=01;35:*.webm=01;35:*.webp=01;35:*.ogm=01;35:*.mp4=01;35:*.m4v=01;35:*.mp4v=01;35:*.vob=01;35:*.qt=01;35:*.nuv=01;35:*.wmv=01;35:*.asf=01;35:*.rm=01;35:*.rmvb=01;35:*.flc=01;35:*.avi=01;35:*.fli=01;35:*.flv=01;35:*.gl=01;35:*.dl=01;35:*.xcf=01;35:*.xwd=01;35:*.yuv=01;35:*.cgm=01;35:*.emf=01;35:*.ogv=01;35:*.ogx=01;35:*.aac=00;36:*.au=00;36:*.flac=00;36:*.m4a=00;36:*.mid=00;36:*.midi=00;36:*.mka=00;36:*.mp3=00;36:*.mpc=00;36:*.ogg=00;36:*.ra=00;36:*.wav=00;36:*.oga=00;36:*.opus=00;36:*.spx=00;36:*.xspf=00;36:'), ('ROS_DOMAIN_ID', '30'), ('AMENT_PREFIX_PATH', '/home/student/ros2_ws/install/turtlebot3_bringup:/home/student/ros2_ws/install/turtlebot3_teleop:/home/student/ros2_ws/install/turtlebot3_node:/home/student/ros2_ws/install/turtlebot3_navigation2:/home/student/ros2_ws/install/turtlebot3_example:/home/student/ros2_ws/install/turtlebot3_description:/home/student/ros2_ws/install/turtlebot3_cartographer:/home/student/ros2_ws/install/my_robot_controller:/opt/ros/humble'), ('GAZEBO_RESOURCE_PATH', '/usr/share/gazebo-11:'), ('GAZEBO_MODEL_DATABASE_URI', 'http://models.gazebosim.org'), ('PWD', '/home/student/ros2_ws/build/turtlebot3'), ('TURTLEBOT3_MODEL', 'burger'), ('LC_ALL', 'C.UTF-8'), ('GAZEBO_PLUGIN_PATH', '/usr/lib/x86_64-linux-gnu/gazebo-11/plugins:'), ('PYTHONPATH', '/home/student/ros2_ws/build/turtlebot3_teleop:/home/student/ros2_ws/install/turtlebot3_teleop/lib/python3.10/site-packages:/home/student/ros2_ws/build/turtlebot3_example:/home/student/ros2_ws/install/turtlebot3_example/lib/python3.10/site-packages:/home/student/ros2_ws/install/my_robot_controller/lib/python3.10/site-packages:/opt/ros/humble/lib/python3.10/site-packages:/opt/ros/humble/local/lib/python3.10/dist-packages'), ('COLCON', '1'), ('CMAKE_PREFIX_PATH', '/home/student/ros2_ws/install/turtlebot3_bringup:/home/student/ros2_ws/install/turtlebot3_node:/home/student/ros2_ws/install/turtlebot3_navigation2:/home/student/ros2_ws/install/turtlebot3_description:/home/student/ros2_ws/install/turtlebot3_cartographer:/home/student/ros2_ws/install/my_robot_controller:/opt/ros/humble')]), 'shell': False}
[20.467322] (turtlebot3) CommandEnded: {'returncode': 0}
[20.467756] (turtlebot3) JobProgress: {'identifier': 'turtlebot3', 'progress': 'install'}
[20.468000] (turtlebot3) Command: {'cmd': ['/usr/bin/cmake', '--install', '/home/student/ros2_ws/build/turtlebot3'], 'cwd': '/home/student/ros2_ws/build/turtlebot3', 'env': OrderedDict([('HOSTNAME', 'gregor-PC'), ('SHLVL', '1'), ('LD_LIBRARY_PATH', '/usr/lib/x86_64-linux-gnu/gazebo-11/plugins:/opt/ros/humble/opt/rviz_ogre_vendor/lib:/opt/ros/humble/lib/x86_64-linux-gnu:/opt/ros/humble/lib:/usr/lib/x86_64-linux-gnu/gazebo-11/plugins:'), ('HOME', '/home/student'), ('OLDPWD', '/home/student'), ('GAZEBO_MASTER_URI', 'http://localhost:11345'), ('ROS_PYTHON_VERSION', '3'), ('COLCON_PREFIX_PATH', '/home/student/ros2_ws/install'), ('ROS_DISTRO', 'humble'), ('_', '/usr/bin/colcon'), ('ROS_VERSION', '2'), ('TERM', 'xterm'), ('GAZEBO_MODEL_PATH', '/usr/share/gazebo-11/models:'), ('ROS_LOCALHOST_ONLY', '1'), ('QT_X11_NO_MITSHM', '1'), ('OGRE_RESOURCE_PATH', '/usr/lib/x86_64-linux-gnu/OGRE-1.9.0'), ('PATH', '/opt/ros/humble/bin:/usr/local/sbin:/usr/local/bin:/usr/sbin:/usr/bin:/sbin:/bin'), ('DISPLAY', ':0'), ('LANG', 'C.UTF-8'), ('LS_COLORS', 'rs=0:di=01;34:ln=01;36:mh=00:pi=40;33:so=01;35:do=01;35:bd=40;33;01:cd=40;33;01:or=40;31;01:mi=00:su=37;41:sg=30;43:ca=30;41:tw=30;42:ow=34;42:st=37;44:ex=01;32:*.tar=01;31:*.tgz=01;31:*.arc=01;31:*.arj=01;31:*.taz=01;31:*.lha=01;31:*.lz4=01;31:*.lzh=01;31:*.lzma=01;31:*.tlz=01;31:*.txz=01;31:*.tzo=01;31:*.t7z=01;31:*.zip=01;31:*.z=01;31:*.dz=01;31:*.gz=01;31:*.lrz=01;31:*.lz=01;31:*.lzo=01;31:*.xz=01;31:*.zst=01;31:*.tzst=01;31:*.bz2=01;31:*.bz=01;31:*.tbz=01;31:*.tbz2=01;31:*.tz=01;31:*.deb=01;31:*.rpm=01;31:*.jar=01;31:*.war=01;31:*.ear=01;31:*.sar=01;31:*.rar=01;31:*.alz=01;31:*.ace=01;31:*.zoo=01;31:*.cpio=01;31:*.7z=01;31:*.rz=01;31:*.cab=01;31:*.wim=01;31:*.swm=01;31:*.dwm=01;31:*.esd=01;31:*.jpg=01;35:*.jpeg=01;35:*.mjpg=01;35:*.mjpeg=01;35:*.gif=01;35:*.bmp=01;35:*.pbm=01;35:*.pgm=01;35:*.ppm=01;35:*.tga=01;35:*.xbm=01;35:*.xpm=01;35:*.tif=01;35:*.tiff=01;35:*.png=01;35:*.svg=01;35:*.svgz=01;35:*.mng=01;35:*.pcx=01;35:*.mov=01;35:*.mpg=01;35:*.mpeg=01;35:*.m2v=01;35:*.mkv=01;35:*.webm=01;35:*.webp=01;35:*.ogm=01;35:*.mp4=01;35:*.m4v=01;35:*.mp4v=01;35:*.vob=01;35:*.qt=01;35:*.nuv=01;35:*.wmv=01;35:*.asf=01;35:*.rm=01;35:*.rmvb=01;35:*.flc=01;35:*.avi=01;35:*.fli=01;35:*.flv=01;35:*.gl=01;35:*.dl=01;35:*.xcf=01;35:*.xwd=01;35:*.yuv=01;35:*.cgm=01;35:*.emf=01;35:*.ogv=01;35:*.ogx=01;35:*.aac=00;36:*.au=00;36:*.flac=00;36:*.m4a=00;36:*.mid=00;36:*.midi=00;36:*.mka=00;36:*.mp3=00;36:*.mpc=00;36:*.ogg=00;36:*.ra=00;36:*.wav=00;36:*.oga=00;36:*.opus=00;36:*.spx=00;36:*.xspf=00;36:'), ('ROS_DOMAIN_ID', '30'), ('AMENT_PREFIX_PATH', '/home/student/ros2_ws/install/turtlebot3_bringup:/home/student/ros2_ws/install/turtlebot3_teleop:/home/student/ros2_ws/install/turtlebot3_node:/home/student/ros2_ws/install/turtlebot3_navigation2:/home/student/ros2_ws/install/turtlebot3_example:/home/student/ros2_ws/install/turtlebot3_description:/home/student/ros2_ws/install/turtlebot3_cartographer:/home/student/ros2_ws/install/my_robot_controller:/opt/ros/humble'), ('GAZEBO_RESOURCE_PATH', '/usr/share/gazebo-11:'), ('GAZEBO_MODEL_DATABASE_URI', 'http://models.gazebosim.org'), ('PWD', '/home/student/ros2_ws/build/turtlebot3'), ('TURTLEBOT3_MODEL', 'burger'), ('LC_ALL', 'C.UTF-8'), ('GAZEBO_PLUGIN_PATH', '/usr/lib/x86_64-linux-gnu/gazebo-11/plugins:'), ('PYTHONPATH', '/home/student/ros2_ws/build/turtlebot3_teleop:/home/student/ros2_ws/install/turtlebot3_teleop/lib/python3.10/site-packages:/home/student/ros2_ws/build/turtlebot3_example:/home/student/ros2_ws/install/turtlebot3_example/lib/python3.10/site-packages:/home/student/ros2_ws/install/my_robot_controller/lib/python3.10/site-packages:/opt/ros/humble/lib/python3.10/site-packages:/opt/ros/humble/local/lib/python3.10/dist-packages'), ('COLCON', '1'), ('CMAKE_PREFIX_PATH', '/home/student/ros2_ws/install/turtlebot3_bringup:/home/student/ros2_ws/install/turtlebot3_node:/home/student/ros2_ws/install/turtlebot3_navigation2:/home/student/ros2_ws/install/turtlebot3_description:/home/student/ros2_ws/install/turtlebot3_cartographer:/home/student/ros2_ws/install/my_robot_controller:/opt/ros/humble')]), 'shell': False}
[20.470457] (-) TimerEvent: {}
[20.475608] (turtlebot3) StdoutLine: {'line': b'-- Install configuration: ""\n'}
[20.475984] (turtlebot3) StdoutLine: {'line': b'-- Execute custom install script\n'}
[20.476258] (turtlebot3) StdoutLine: {'line': b'-- Symlinking: /home/student/ros2_ws/install/turtlebot3/share/ament_index/resource_index/package_run_dependencies/turtlebot3\n'}
[20.483834] (turtlebot3) StdoutLine: {'line': b'-- Symlinking: /home/student/ros2_ws/install/turtlebot3/share/ament_index/resource_index/parent_prefix_path/turtlebot3\n'}
[20.491241] (turtlebot3) StdoutLine: {'line': b'-- Symlinking: /home/student/ros2_ws/install/turtlebot3/share/turtlebot3/environment/ament_prefix_path.sh\n'}
[20.500226] (turtlebot3) StdoutLine: {'line': b'-- Symlinking: /home/student/ros2_ws/install/turtlebot3/share/turtlebot3/environment/ament_prefix_path.dsv\n'}
[20.507857] (turtlebot3) StdoutLine: {'line': b'-- Symlinking: /home/student/ros2_ws/install/turtlebot3/share/turtlebot3/environment/path.sh\n'}
[20.515377] (turtlebot3) StdoutLine: {'line': b'-- Symlinking: /home/student/ros2_ws/install/turtlebot3/share/turtlebot3/environment/path.dsv\n'}
[20.522939] (turtlebot3) StdoutLine: {'line': b'-- Symlinking: /home/student/ros2_ws/install/turtlebot3/share/turtlebot3/local_setup.bash\n'}
[20.530409] (turtlebot3) StdoutLine: {'line': b'-- Symlinking: /home/student/ros2_ws/install/turtlebot3/share/turtlebot3/local_setup.sh\n'}
[20.537928] (turtlebot3) StdoutLine: {'line': b'-- Symlinking: /home/student/ros2_ws/install/turtlebot3/share/turtlebot3/local_setup.zsh\n'}
[20.545455] (turtlebot3) StdoutLine: {'line': b'-- Symlinking: /home/student/ros2_ws/install/turtlebot3/share/turtlebot3/local_setup.dsv\n'}
[20.553027] (turtlebot3) StdoutLine: {'line': b'-- Symlinking: /home/student/ros2_ws/install/turtlebot3/share/turtlebot3/package.dsv\n'}
[20.561858] (turtlebot3) StdoutLine: {'line': b'-- Symlinking: /home/student/ros2_ws/install/turtlebot3/share/ament_index/resource_index/packages/turtlebot3\n'}
[20.569163] (turtlebot3) StdoutLine: {'line': b'-- Symlinking: /home/student/ros2_ws/install/turtlebot3/share/turtlebot3/cmake/turtlebot3Config.cmake\n'}
[20.570519] (-) TimerEvent: {}
[20.576374] (turtlebot3) StdoutLine: {'line': b'-- Symlinking: /home/student/ros2_ws/install/turtlebot3/share/turtlebot3/cmake/turtlebot3Config-version.cmake\n'}
[20.583949] (turtlebot3) StdoutLine: {'line': b'-- Symlinking: /home/student/ros2_ws/install/turtlebot3/share/turtlebot3/package.xml\n'}
[20.592866] (turtlebot3) CommandEnded: {'returncode': 0}
[20.604650] (turtlebot3) JobEnded: {'identifier': 'turtlebot3', 'rc': 0}
[20.605241] (-) EventReactorShutdown: {}
