[0.120s] DEBUG:colcon:Command line arguments: ['/usr/bin/colcon', 'build', '--symlink-install']
[0.121s] DEBUG:colcon:Parsed command line arguments: Namespace(log_base=None, log_level=None, verb_name='build', build_base='build', install_base='install', merge_install=False, symlink_install=True, test_result_base=None, continue_on_error=False, executor='parallel', parallel_workers=16, event_handlers=None, ignore_user_meta=False, metas=['./colcon.meta'], base_paths=['.'], packages_ignore=None, packages_ignore_regex=None, paths=None, packages_up_to=None, packages_up_to_regex=None, packages_above=None, packages_above_and_dependencies=None, packages_above_depth=None, packages_select_by_dep=None, packages_skip_by_dep=None, packages_skip_up_to=None, packages_select_build_failed=False, packages_skip_build_finished=False, packages_select_test_failures=False, packages_skip_test_passed=False, packages_select=None, packages_skip=None, packages_select_regex=None, packages_skip_regex=None, packages_start=None, packages_end=None, cmake_args=None, cmake_target=None, cmake_target_skip_unavailable=False, cmake_clean_cache=False, cmake_clean_first=False, cmake_force_configure=False, ament_cmake_args=None, catkin_cmake_args=None, catkin_skip_building_tests=False, mixin_files=None, mixin=None, verb_parser=<colcon_mixin.mixin.mixin_argument.MixinArgumentDecorator object at 0x75ff55644670>, verb_extension=<colcon_core.verb.build.BuildVerb object at 0x75ff55644070>, main=<bound method BuildVerb.main of <colcon_core.verb.build.BuildVerb object at 0x75ff55644070>>, mixin_verb=('build',))
[0.402s] Level 1:colcon.colcon_core.package_discovery:discover_packages(colcon_meta) check parameters
[0.402s] Level 1:colcon.colcon_core.package_discovery:discover_packages(recursive) check parameters
[0.402s] Level 1:colcon.colcon_core.package_discovery:discover_packages(ignore) check parameters
[0.402s] Level 1:colcon.colcon_core.package_discovery:discover_packages(path) check parameters
[0.402s] Level 1:colcon.colcon_core.package_discovery:discover_packages(colcon_meta) discover
[0.402s] Level 1:colcon.colcon_core.package_discovery:discover_packages(recursive) discover
[0.402s] INFO:colcon.colcon_core.package_discovery:Crawling recursively for packages in '/home/student/ros2_ws'
[0.402s] Level 1:colcon.colcon_core.package_identification:_identify(.) by extensions ['ignore', 'ignore_ament_install']
[0.402s] Level 1:colcon.colcon_core.package_identification:_identify(.) by extension 'ignore'
[0.402s] Level 1:colcon.colcon_core.package_identification:_identify(.) by extension 'ignore_ament_install'
[0.402s] Level 1:colcon.colcon_core.package_identification:_identify(.) by extensions ['colcon_pkg']
[0.402s] Level 1:colcon.colcon_core.package_identification:_identify(.) by extension 'colcon_pkg'
[0.402s] Level 1:colcon.colcon_core.package_identification:_identify(.) by extensions ['colcon_meta']
[0.402s] Level 1:colcon.colcon_core.package_identification:_identify(.) by extension 'colcon_meta'
[0.402s] Level 1:colcon.colcon_core.package_identification:_identify(.) by extensions ['ros']
[0.403s] Level 1:colcon.colcon_core.package_identification:_identify(.) by extension 'ros'
[0.410s] Level 1:colcon.colcon_core.package_identification:_identify(.) by extensions ['cmake', 'python']
[0.410s] Level 1:colcon.colcon_core.package_identification:_identify(.) by extension 'cmake'
[0.411s] Level 1:colcon.colcon_core.package_identification:_identify(.) by extension 'python'
[0.411s] Level 1:colcon.colcon_core.package_identification:_identify(.) by extensions ['python_setup_py']
[0.411s] Level 1:colcon.colcon_core.package_identification:_identify(.) by extension 'python_setup_py'
[0.411s] Level 1:colcon.colcon_core.package_identification:_identify(Models) by extensions ['ignore', 'ignore_ament_install']
[0.411s] Level 1:colcon.colcon_core.package_identification:_identify(Models) by extension 'ignore'
[0.411s] Level 1:colcon.colcon_core.package_identification:_identify(Models) by extension 'ignore_ament_install'
[0.411s] Level 1:colcon.colcon_core.package_identification:_identify(Models) by extensions ['colcon_pkg']
[0.411s] Level 1:colcon.colcon_core.package_identification:_identify(Models) by extension 'colcon_pkg'
[0.411s] Level 1:colcon.colcon_core.package_identification:_identify(Models) by extensions ['colcon_meta']
[0.411s] Level 1:colcon.colcon_core.package_identification:_identify(Models) by extension 'colcon_meta'
[0.411s] Level 1:colcon.colcon_core.package_identification:_identify(Models) by extensions ['ros']
[0.411s] Level 1:colcon.colcon_core.package_identification:_identify(Models) by extension 'ros'
[0.411s] Level 1:colcon.colcon_core.package_identification:_identify(Models) by extensions ['cmake', 'python']
[0.411s] Level 1:colcon.colcon_core.package_identification:_identify(Models) by extension 'cmake'
[0.411s] Level 1:colcon.colcon_core.package_identification:_identify(Models) by extension 'python'
[0.411s] Level 1:colcon.colcon_core.package_identification:_identify(Models) by extensions ['python_setup_py']
[0.411s] Level 1:colcon.colcon_core.package_identification:_identify(Models) by extension 'python_setup_py'
[0.411s] Level 1:colcon.colcon_core.package_identification:_identify(Models/P1_model) by extensions ['ignore', 'ignore_ament_install']
[0.412s] Level 1:colcon.colcon_core.package_identification:_identify(Models/P1_model) by extension 'ignore'
[0.412s] Level 1:colcon.colcon_core.package_identification:_identify(Models/P1_model) by extension 'ignore_ament_install'
[0.412s] Level 1:colcon.colcon_core.package_identification:_identify(Models/P1_model) by extensions ['colcon_pkg']
[0.412s] Level 1:colcon.colcon_core.package_identification:_identify(Models/P1_model) by extension 'colcon_pkg'
[0.412s] Level 1:colcon.colcon_core.package_identification:_identify(Models/P1_model) by extensions ['colcon_meta']
[0.412s] Level 1:colcon.colcon_core.package_identification:_identify(Models/P1_model) by extension 'colcon_meta'
[0.412s] Level 1:colcon.colcon_core.package_identification:_identify(Models/P1_model) by extensions ['ros']
[0.412s] Level 1:colcon.colcon_core.package_identification:_identify(Models/P1_model) by extension 'ros'
[0.412s] Level 1:colcon.colcon_core.package_identification:_identify(Models/P1_model) by extensions ['cmake', 'python']
[0.412s] Level 1:colcon.colcon_core.package_identification:_identify(Models/P1_model) by extension 'cmake'
[0.412s] Level 1:colcon.colcon_core.package_identification:_identify(Models/P1_model) by extension 'python'
[0.412s] Level 1:colcon.colcon_core.package_identification:_identify(Models/P1_model) by extensions ['python_setup_py']
[0.412s] Level 1:colcon.colcon_core.package_identification:_identify(Models/P1_model) by extension 'python_setup_py'
[0.412s] Level 1:colcon.colcon_core.package_identification:_identify(build) by extensions ['ignore', 'ignore_ament_install']
[0.412s] Level 1:colcon.colcon_core.package_identification:_identify(build) by extension 'ignore'
[0.412s] Level 1:colcon.colcon_core.package_identification:_identify(build) ignored
[0.412s] Level 1:colcon.colcon_core.package_identification:_identify(install) by extensions ['ignore', 'ignore_ament_install']
[0.412s] Level 1:colcon.colcon_core.package_identification:_identify(install) by extension 'ignore'
[0.412s] Level 1:colcon.colcon_core.package_identification:_identify(install) ignored
[0.412s] Level 1:colcon.colcon_core.package_identification:_identify(log) by extensions ['ignore', 'ignore_ament_install']
[0.412s] Level 1:colcon.colcon_core.package_identification:_identify(log) by extension 'ignore'
[0.412s] Level 1:colcon.colcon_core.package_identification:_identify(log) ignored
[0.413s] Level 1:colcon.colcon_core.package_identification:_identify(src) by extensions ['ignore', 'ignore_ament_install']
[0.413s] Level 1:colcon.colcon_core.package_identification:_identify(src) by extension 'ignore'
[0.413s] Level 1:colcon.colcon_core.package_identification:_identify(src) by extension 'ignore_ament_install'
[0.413s] Level 1:colcon.colcon_core.package_identification:_identify(src) by extensions ['colcon_pkg']
[0.413s] Level 1:colcon.colcon_core.package_identification:_identify(src) by extension 'colcon_pkg'
[0.413s] Level 1:colcon.colcon_core.package_identification:_identify(src) by extensions ['colcon_meta']
[0.413s] Level 1:colcon.colcon_core.package_identification:_identify(src) by extension 'colcon_meta'
[0.413s] Level 1:colcon.colcon_core.package_identification:_identify(src) by extensions ['ros']
[0.413s] Level 1:colcon.colcon_core.package_identification:_identify(src) by extension 'ros'
[0.413s] Level 1:colcon.colcon_core.package_identification:_identify(src) by extensions ['cmake', 'python']
[0.413s] Level 1:colcon.colcon_core.package_identification:_identify(src) by extension 'cmake'
[0.413s] Level 1:colcon.colcon_core.package_identification:_identify(src) by extension 'python'
[0.413s] Level 1:colcon.colcon_core.package_identification:_identify(src) by extensions ['python_setup_py']
[0.413s] Level 1:colcon.colcon_core.package_identification:_identify(src) by extension 'python_setup_py'
[0.413s] Level 1:colcon.colcon_core.package_identification:_identify(src/my_robot_controller) by extensions ['ignore', 'ignore_ament_install']
[0.413s] Level 1:colcon.colcon_core.package_identification:_identify(src/my_robot_controller) by extension 'ignore'
[0.413s] Level 1:colcon.colcon_core.package_identification:_identify(src/my_robot_controller) by extension 'ignore_ament_install'
[0.413s] Level 1:colcon.colcon_core.package_identification:_identify(src/my_robot_controller) by extensions ['colcon_pkg']
[0.413s] Level 1:colcon.colcon_core.package_identification:_identify(src/my_robot_controller) by extension 'colcon_pkg'
[0.413s] Level 1:colcon.colcon_core.package_identification:_identify(src/my_robot_controller) by extensions ['colcon_meta']
[0.413s] Level 1:colcon.colcon_core.package_identification:_identify(src/my_robot_controller) by extension 'colcon_meta'
[0.413s] Level 1:colcon.colcon_core.package_identification:_identify(src/my_robot_controller) by extensions ['ros']
[0.413s] Level 1:colcon.colcon_core.package_identification:_identify(src/my_robot_controller) by extension 'ros'
[0.416s] DEBUG:colcon.colcon_core.package_identification:Package 'src/my_robot_controller' with type 'ros.ament_python' and name 'my_robot_controller'
[0.416s] Level 1:colcon.colcon_core.package_identification:_identify(src/turtlebot3) by extensions ['ignore', 'ignore_ament_install']
[0.416s] Level 1:colcon.colcon_core.package_identification:_identify(src/turtlebot3) by extension 'ignore'
[0.416s] Level 1:colcon.colcon_core.package_identification:_identify(src/turtlebot3) by extension 'ignore_ament_install'
[0.416s] Level 1:colcon.colcon_core.package_identification:_identify(src/turtlebot3) by extensions ['colcon_pkg']
[0.416s] Level 1:colcon.colcon_core.package_identification:_identify(src/turtlebot3) by extension 'colcon_pkg'
[0.416s] Level 1:colcon.colcon_core.package_identification:_identify(src/turtlebot3) by extensions ['colcon_meta']
[0.416s] Level 1:colcon.colcon_core.package_identification:_identify(src/turtlebot3) by extension 'colcon_meta'
[0.416s] Level 1:colcon.colcon_core.package_identification:_identify(src/turtlebot3) by extensions ['ros']
[0.416s] Level 1:colcon.colcon_core.package_identification:_identify(src/turtlebot3) by extension 'ros'
[0.416s] Level 1:colcon.colcon_core.package_identification:_identify(src/turtlebot3) by extensions ['cmake', 'python']
[0.416s] Level 1:colcon.colcon_core.package_identification:_identify(src/turtlebot3) by extension 'cmake'
[0.416s] Level 1:colcon.colcon_core.package_identification:_identify(src/turtlebot3) by extension 'python'
[0.416s] Level 1:colcon.colcon_core.package_identification:_identify(src/turtlebot3) by extensions ['python_setup_py']
[0.416s] Level 1:colcon.colcon_core.package_identification:_identify(src/turtlebot3) by extension 'python_setup_py'
[0.416s] Level 1:colcon.colcon_core.package_identification:_identify(src/turtlebot3/docker) by extensions ['ignore', 'ignore_ament_install']
[0.417s] Level 1:colcon.colcon_core.package_identification:_identify(src/turtlebot3/docker) by extension 'ignore'
[0.417s] Level 1:colcon.colcon_core.package_identification:_identify(src/turtlebot3/docker) by extension 'ignore_ament_install'
[0.417s] Level 1:colcon.colcon_core.package_identification:_identify(src/turtlebot3/docker) by extensions ['colcon_pkg']
[0.417s] Level 1:colcon.colcon_core.package_identification:_identify(src/turtlebot3/docker) by extension 'colcon_pkg'
[0.417s] Level 1:colcon.colcon_core.package_identification:_identify(src/turtlebot3/docker) by extensions ['colcon_meta']
[0.417s] Level 1:colcon.colcon_core.package_identification:_identify(src/turtlebot3/docker) by extension 'colcon_meta'
[0.417s] Level 1:colcon.colcon_core.package_identification:_identify(src/turtlebot3/docker) by extensions ['ros']
[0.417s] Level 1:colcon.colcon_core.package_identification:_identify(src/turtlebot3/docker) by extension 'ros'
[0.417s] Level 1:colcon.colcon_core.package_identification:_identify(src/turtlebot3/docker) by extensions ['cmake', 'python']
[0.417s] Level 1:colcon.colcon_core.package_identification:_identify(src/turtlebot3/docker) by extension 'cmake'
[0.417s] Level 1:colcon.colcon_core.package_identification:_identify(src/turtlebot3/docker) by extension 'python'
[0.417s] Level 1:colcon.colcon_core.package_identification:_identify(src/turtlebot3/docker) by extensions ['python_setup_py']
[0.417s] Level 1:colcon.colcon_core.package_identification:_identify(src/turtlebot3/docker) by extension 'python_setup_py'
[0.417s] Level 1:colcon.colcon_core.package_identification:_identify(src/turtlebot3/docker/humble) by extensions ['ignore', 'ignore_ament_install']
[0.417s] Level 1:colcon.colcon_core.package_identification:_identify(src/turtlebot3/docker/humble) by extension 'ignore'
[0.417s] Level 1:colcon.colcon_core.package_identification:_identify(src/turtlebot3/docker/humble) by extension 'ignore_ament_install'
[0.417s] Level 1:colcon.colcon_core.package_identification:_identify(src/turtlebot3/docker/humble) by extensions ['colcon_pkg']
[0.417s] Level 1:colcon.colcon_core.package_identification:_identify(src/turtlebot3/docker/humble) by extension 'colcon_pkg'
[0.417s] Level 1:colcon.colcon_core.package_identification:_identify(src/turtlebot3/docker/humble) by extensions ['colcon_meta']
[0.417s] Level 1:colcon.colcon_core.package_identification:_identify(src/turtlebot3/docker/humble) by extension 'colcon_meta'
[0.418s] Level 1:colcon.colcon_core.package_identification:_identify(src/turtlebot3/docker/humble) by extensions ['ros']
[0.418s] Level 1:colcon.colcon_core.package_identification:_identify(src/turtlebot3/docker/humble) by extension 'ros'
[0.418s] Level 1:colcon.colcon_core.package_identification:_identify(src/turtlebot3/docker/humble) by extensions ['cmake', 'python']
[0.418s] Level 1:colcon.colcon_core.package_identification:_identify(src/turtlebot3/docker/humble) by extension 'cmake'
[0.418s] Level 1:colcon.colcon_core.package_identification:_identify(src/turtlebot3/docker/humble) by extension 'python'
[0.418s] Level 1:colcon.colcon_core.package_identification:_identify(src/turtlebot3/docker/humble) by extensions ['python_setup_py']
[0.418s] Level 1:colcon.colcon_core.package_identification:_identify(src/turtlebot3/docker/humble) by extension 'python_setup_py'
[0.418s] Level 1:colcon.colcon_core.package_identification:_identify(src/turtlebot3/docker/jazzy) by extensions ['ignore', 'ignore_ament_install']
[0.418s] Level 1:colcon.colcon_core.package_identification:_identify(src/turtlebot3/docker/jazzy) by extension 'ignore'
[0.418s] Level 1:colcon.colcon_core.package_identification:_identify(src/turtlebot3/docker/jazzy) by extension 'ignore_ament_install'
[0.418s] Level 1:colcon.colcon_core.package_identification:_identify(src/turtlebot3/docker/jazzy) by extensions ['colcon_pkg']
[0.418s] Level 1:colcon.colcon_core.package_identification:_identify(src/turtlebot3/docker/jazzy) by extension 'colcon_pkg'
[0.418s] Level 1:colcon.colcon_core.package_identification:_identify(src/turtlebot3/docker/jazzy) by extensions ['colcon_meta']
[0.418s] Level 1:colcon.colcon_core.package_identification:_identify(src/turtlebot3/docker/jazzy) by extension 'colcon_meta'
[0.418s] Level 1:colcon.colcon_core.package_identification:_identify(src/turtlebot3/docker/jazzy) by extensions ['ros']
[0.418s] Level 1:colcon.colcon_core.package_identification:_identify(src/turtlebot3/docker/jazzy) by extension 'ros'
[0.418s] Level 1:colcon.colcon_core.package_identification:_identify(src/turtlebot3/docker/jazzy) by extensions ['cmake', 'python']
[0.418s] Level 1:colcon.colcon_core.package_identification:_identify(src/turtlebot3/docker/jazzy) by extension 'cmake'
[0.419s] Level 1:colcon.colcon_core.package_identification:_identify(src/turtlebot3/docker/jazzy) by extension 'python'
[0.419s] Level 1:colcon.colcon_core.package_identification:_identify(src/turtlebot3/docker/jazzy) by extensions ['python_setup_py']
[0.419s] Level 1:colcon.colcon_core.package_identification:_identify(src/turtlebot3/docker/jazzy) by extension 'python_setup_py'
[0.419s] Level 1:colcon.colcon_core.package_identification:_identify(src/turtlebot3/turtlebot3) by extensions ['ignore', 'ignore_ament_install']
[0.419s] Level 1:colcon.colcon_core.package_identification:_identify(src/turtlebot3/turtlebot3) by extension 'ignore'
[0.419s] Level 1:colcon.colcon_core.package_identification:_identify(src/turtlebot3/turtlebot3) by extension 'ignore_ament_install'
[0.419s] Level 1:colcon.colcon_core.package_identification:_identify(src/turtlebot3/turtlebot3) by extensions ['colcon_pkg']
[0.419s] Level 1:colcon.colcon_core.package_identification:_identify(src/turtlebot3/turtlebot3) by extension 'colcon_pkg'
[0.419s] Level 1:colcon.colcon_core.package_identification:_identify(src/turtlebot3/turtlebot3) by extensions ['colcon_meta']
[0.419s] Level 1:colcon.colcon_core.package_identification:_identify(src/turtlebot3/turtlebot3) by extension 'colcon_meta'
[0.419s] Level 1:colcon.colcon_core.package_identification:_identify(src/turtlebot3/turtlebot3) by extensions ['ros']
[0.419s] Level 1:colcon.colcon_core.package_identification:_identify(src/turtlebot3/turtlebot3) by extension 'ros'
[0.420s] DEBUG:colcon.colcon_core.package_identification:Package 'src/turtlebot3/turtlebot3' with type 'ros.ament_cmake' and name 'turtlebot3'
[0.420s] Level 1:colcon.colcon_core.package_identification:_identify(src/turtlebot3/turtlebot3_bringup) by extensions ['ignore', 'ignore_ament_install']
[0.420s] Level 1:colcon.colcon_core.package_identification:_identify(src/turtlebot3/turtlebot3_bringup) by extension 'ignore'
[0.420s] Level 1:colcon.colcon_core.package_identification:_identify(src/turtlebot3/turtlebot3_bringup) by extension 'ignore_ament_install'
[0.420s] Level 1:colcon.colcon_core.package_identification:_identify(src/turtlebot3/turtlebot3_bringup) by extensions ['colcon_pkg']
[0.420s] Level 1:colcon.colcon_core.package_identification:_identify(src/turtlebot3/turtlebot3_bringup) by extension 'colcon_pkg'
[0.420s] Level 1:colcon.colcon_core.package_identification:_identify(src/turtlebot3/turtlebot3_bringup) by extensions ['colcon_meta']
[0.420s] Level 1:colcon.colcon_core.package_identification:_identify(src/turtlebot3/turtlebot3_bringup) by extension 'colcon_meta'
[0.420s] Level 1:colcon.colcon_core.package_identification:_identify(src/turtlebot3/turtlebot3_bringup) by extensions ['ros']
[0.420s] Level 1:colcon.colcon_core.package_identification:_identify(src/turtlebot3/turtlebot3_bringup) by extension 'ros'
[0.421s] DEBUG:colcon.colcon_core.package_identification:Package 'src/turtlebot3/turtlebot3_bringup' with type 'ros.ament_cmake' and name 'turtlebot3_bringup'
[0.421s] Level 1:colcon.colcon_core.package_identification:_identify(src/turtlebot3/turtlebot3_cartographer) by extensions ['ignore', 'ignore_ament_install']
[0.421s] Level 1:colcon.colcon_core.package_identification:_identify(src/turtlebot3/turtlebot3_cartographer) by extension 'ignore'
[0.421s] Level 1:colcon.colcon_core.package_identification:_identify(src/turtlebot3/turtlebot3_cartographer) by extension 'ignore_ament_install'
[0.421s] Level 1:colcon.colcon_core.package_identification:_identify(src/turtlebot3/turtlebot3_cartographer) by extensions ['colcon_pkg']
[0.421s] Level 1:colcon.colcon_core.package_identification:_identify(src/turtlebot3/turtlebot3_cartographer) by extension 'colcon_pkg'
[0.422s] Level 1:colcon.colcon_core.package_identification:_identify(src/turtlebot3/turtlebot3_cartographer) by extensions ['colcon_meta']
[0.422s] Level 1:colcon.colcon_core.package_identification:_identify(src/turtlebot3/turtlebot3_cartographer) by extension 'colcon_meta'
[0.422s] Level 1:colcon.colcon_core.package_identification:_identify(src/turtlebot3/turtlebot3_cartographer) by extensions ['ros']
[0.422s] Level 1:colcon.colcon_core.package_identification:_identify(src/turtlebot3/turtlebot3_cartographer) by extension 'ros'
[0.422s] DEBUG:colcon.colcon_core.package_identification:Package 'src/turtlebot3/turtlebot3_cartographer' with type 'ros.ament_cmake' and name 'turtlebot3_cartographer'
[0.423s] Level 1:colcon.colcon_core.package_identification:_identify(src/turtlebot3/turtlebot3_description) by extensions ['ignore', 'ignore_ament_install']
[0.423s] Level 1:colcon.colcon_core.package_identification:_identify(src/turtlebot3/turtlebot3_description) by extension 'ignore'
[0.423s] Level 1:colcon.colcon_core.package_identification:_identify(src/turtlebot3/turtlebot3_description) by extension 'ignore_ament_install'
[0.423s] Level 1:colcon.colcon_core.package_identification:_identify(src/turtlebot3/turtlebot3_description) by extensions ['colcon_pkg']
[0.423s] Level 1:colcon.colcon_core.package_identification:_identify(src/turtlebot3/turtlebot3_description) by extension 'colcon_pkg'
[0.423s] Level 1:colcon.colcon_core.package_identification:_identify(src/turtlebot3/turtlebot3_description) by extensions ['colcon_meta']
[0.423s] Level 1:colcon.colcon_core.package_identification:_identify(src/turtlebot3/turtlebot3_description) by extension 'colcon_meta'
[0.423s] Level 1:colcon.colcon_core.package_identification:_identify(src/turtlebot3/turtlebot3_description) by extensions ['ros']
[0.423s] Level 1:colcon.colcon_core.package_identification:_identify(src/turtlebot3/turtlebot3_description) by extension 'ros'
[0.424s] DEBUG:colcon.colcon_core.package_identification:Package 'src/turtlebot3/turtlebot3_description' with type 'ros.ament_cmake' and name 'turtlebot3_description'
[0.424s] Level 1:colcon.colcon_core.package_identification:_identify(src/turtlebot3/turtlebot3_example) by extensions ['ignore', 'ignore_ament_install']
[0.424s] Level 1:colcon.colcon_core.package_identification:_identify(src/turtlebot3/turtlebot3_example) by extension 'ignore'
[0.424s] Level 1:colcon.colcon_core.package_identification:_identify(src/turtlebot3/turtlebot3_example) by extension 'ignore_ament_install'
[0.424s] Level 1:colcon.colcon_core.package_identification:_identify(src/turtlebot3/turtlebot3_example) by extensions ['colcon_pkg']
[0.424s] Level 1:colcon.colcon_core.package_identification:_identify(src/turtlebot3/turtlebot3_example) by extension 'colcon_pkg'
[0.424s] Level 1:colcon.colcon_core.package_identification:_identify(src/turtlebot3/turtlebot3_example) by extensions ['colcon_meta']
[0.424s] Level 1:colcon.colcon_core.package_identification:_identify(src/turtlebot3/turtlebot3_example) by extension 'colcon_meta'
[0.424s] Level 1:colcon.colcon_core.package_identification:_identify(src/turtlebot3/turtlebot3_example) by extensions ['ros']
[0.424s] Level 1:colcon.colcon_core.package_identification:_identify(src/turtlebot3/turtlebot3_example) by extension 'ros'
[0.425s] DEBUG:colcon.colcon_core.package_identification:Package 'src/turtlebot3/turtlebot3_example' with type 'ros.ament_python' and name 'turtlebot3_example'
[0.425s] Level 1:colcon.colcon_core.package_identification:_identify(src/turtlebot3/turtlebot3_navigation2) by extensions ['ignore', 'ignore_ament_install']
[0.425s] Level 1:colcon.colcon_core.package_identification:_identify(src/turtlebot3/turtlebot3_navigation2) by extension 'ignore'
[0.425s] Level 1:colcon.colcon_core.package_identification:_identify(src/turtlebot3/turtlebot3_navigation2) by extension 'ignore_ament_install'
[0.425s] Level 1:colcon.colcon_core.package_identification:_identify(src/turtlebot3/turtlebot3_navigation2) by extensions ['colcon_pkg']
[0.426s] Level 1:colcon.colcon_core.package_identification:_identify(src/turtlebot3/turtlebot3_navigation2) by extension 'colcon_pkg'
[0.426s] Level 1:colcon.colcon_core.package_identification:_identify(src/turtlebot3/turtlebot3_navigation2) by extensions ['colcon_meta']
[0.426s] Level 1:colcon.colcon_core.package_identification:_identify(src/turtlebot3/turtlebot3_navigation2) by extension 'colcon_meta'
[0.426s] Level 1:colcon.colcon_core.package_identification:_identify(src/turtlebot3/turtlebot3_navigation2) by extensions ['ros']
[0.426s] Level 1:colcon.colcon_core.package_identification:_identify(src/turtlebot3/turtlebot3_navigation2) by extension 'ros'
[0.426s] DEBUG:colcon.colcon_core.package_identification:Package 'src/turtlebot3/turtlebot3_navigation2' with type 'ros.ament_cmake' and name 'turtlebot3_navigation2'
[0.427s] Level 1:colcon.colcon_core.package_identification:_identify(src/turtlebot3/turtlebot3_node) by extensions ['ignore', 'ignore_ament_install']
[0.427s] Level 1:colcon.colcon_core.package_identification:_identify(src/turtlebot3/turtlebot3_node) by extension 'ignore'
[0.427s] Level 1:colcon.colcon_core.package_identification:_identify(src/turtlebot3/turtlebot3_node) by extension 'ignore_ament_install'
[0.427s] Level 1:colcon.colcon_core.package_identification:_identify(src/turtlebot3/turtlebot3_node) by extensions ['colcon_pkg']
[0.427s] Level 1:colcon.colcon_core.package_identification:_identify(src/turtlebot3/turtlebot3_node) by extension 'colcon_pkg'
[0.427s] Level 1:colcon.colcon_core.package_identification:_identify(src/turtlebot3/turtlebot3_node) by extensions ['colcon_meta']
[0.427s] Level 1:colcon.colcon_core.package_identification:_identify(src/turtlebot3/turtlebot3_node) by extension 'colcon_meta'
[0.427s] Level 1:colcon.colcon_core.package_identification:_identify(src/turtlebot3/turtlebot3_node) by extensions ['ros']
[0.427s] Level 1:colcon.colcon_core.package_identification:_identify(src/turtlebot3/turtlebot3_node) by extension 'ros'
[0.428s] DEBUG:colcon.colcon_core.package_identification:Package 'src/turtlebot3/turtlebot3_node' with type 'ros.ament_cmake' and name 'turtlebot3_node'
[0.428s] Level 1:colcon.colcon_core.package_identification:_identify(src/turtlebot3/turtlebot3_teleop) by extensions ['ignore', 'ignore_ament_install']
[0.428s] Level 1:colcon.colcon_core.package_identification:_identify(src/turtlebot3/turtlebot3_teleop) by extension 'ignore'
[0.428s] Level 1:colcon.colcon_core.package_identification:_identify(src/turtlebot3/turtlebot3_teleop) by extension 'ignore_ament_install'
[0.428s] Level 1:colcon.colcon_core.package_identification:_identify(src/turtlebot3/turtlebot3_teleop) by extensions ['colcon_pkg']
[0.429s] Level 1:colcon.colcon_core.package_identification:_identify(src/turtlebot3/turtlebot3_teleop) by extension 'colcon_pkg'
[0.429s] Level 1:colcon.colcon_core.package_identification:_identify(src/turtlebot3/turtlebot3_teleop) by extensions ['colcon_meta']
[0.429s] Level 1:colcon.colcon_core.package_identification:_identify(src/turtlebot3/turtlebot3_teleop) by extension 'colcon_meta'
[0.429s] Level 1:colcon.colcon_core.package_identification:_identify(src/turtlebot3/turtlebot3_teleop) by extensions ['ros']
[0.429s] Level 1:colcon.colcon_core.package_identification:_identify(src/turtlebot3/turtlebot3_teleop) by extension 'ros'
[0.429s] DEBUG:colcon.colcon_core.package_identification:Package 'src/turtlebot3/turtlebot3_teleop' with type 'ros.ament_python' and name 'turtlebot3_teleop'
[0.429s] Level 1:colcon.colcon_core.package_identification:_identify(src/turtlebot3_simulations) by extensions ['ignore', 'ignore_ament_install']
[0.429s] Level 1:colcon.colcon_core.package_identification:_identify(src/turtlebot3_simulations) by extension 'ignore'
[0.429s] Level 1:colcon.colcon_core.package_identification:_identify(src/turtlebot3_simulations) by extension 'ignore_ament_install'
[0.429s] Level 1:colcon.colcon_core.package_identification:_identify(src/turtlebot3_simulations) by extensions ['colcon_pkg']
[0.429s] Level 1:colcon.colcon_core.package_identification:_identify(src/turtlebot3_simulations) by extension 'colcon_pkg'
[0.430s] Level 1:colcon.colcon_core.package_identification:_identify(src/turtlebot3_simulations) by extensions ['colcon_meta']
[0.430s] Level 1:colcon.colcon_core.package_identification:_identify(src/turtlebot3_simulations) by extension 'colcon_meta'
[0.430s] Level 1:colcon.colcon_core.package_identification:_identify(src/turtlebot3_simulations) by extensions ['ros']
[0.430s] Level 1:colcon.colcon_core.package_identification:_identify(src/turtlebot3_simulations) by extension 'ros'
[0.430s] Level 1:colcon.colcon_core.package_identification:_identify(src/turtlebot3_simulations) by extensions ['cmake', 'python']
[0.430s] Level 1:colcon.colcon_core.package_identification:_identify(src/turtlebot3_simulations) by extension 'cmake'
[0.430s] Level 1:colcon.colcon_core.package_identification:_identify(src/turtlebot3_simulations) by extension 'python'
[0.430s] Level 1:colcon.colcon_core.package_identification:_identify(src/turtlebot3_simulations) by extensions ['python_setup_py']
[0.430s] Level 1:colcon.colcon_core.package_identification:_identify(src/turtlebot3_simulations) by extension 'python_setup_py'
[0.430s] Level 1:colcon.colcon_core.package_identification:_identify(src/turtlebot3_simulations/turtlebot3_fake_node) by extensions ['ignore', 'ignore_ament_install']
[0.430s] Level 1:colcon.colcon_core.package_identification:_identify(src/turtlebot3_simulations/turtlebot3_fake_node) by extension 'ignore'
[0.430s] Level 1:colcon.colcon_core.package_identification:_identify(src/turtlebot3_simulations/turtlebot3_fake_node) by extension 'ignore_ament_install'
[0.430s] Level 1:colcon.colcon_core.package_identification:_identify(src/turtlebot3_simulations/turtlebot3_fake_node) by extensions ['colcon_pkg']
[0.430s] Level 1:colcon.colcon_core.package_identification:_identify(src/turtlebot3_simulations/turtlebot3_fake_node) by extension 'colcon_pkg'
[0.430s] Level 1:colcon.colcon_core.package_identification:_identify(src/turtlebot3_simulations/turtlebot3_fake_node) by extensions ['colcon_meta']
[0.430s] Level 1:colcon.colcon_core.package_identification:_identify(src/turtlebot3_simulations/turtlebot3_fake_node) by extension 'colcon_meta'
[0.430s] Level 1:colcon.colcon_core.package_identification:_identify(src/turtlebot3_simulations/turtlebot3_fake_node) by extensions ['ros']
[0.430s] Level 1:colcon.colcon_core.package_identification:_identify(src/turtlebot3_simulations/turtlebot3_fake_node) by extension 'ros'
[0.431s] DEBUG:colcon.colcon_core.package_identification:Package 'src/turtlebot3_simulations/turtlebot3_fake_node' with type 'ros.ament_cmake' and name 'turtlebot3_fake_node'
[0.432s] Level 1:colcon.colcon_core.package_identification:_identify(src/turtlebot3_simulations/turtlebot3_gazebo) by extensions ['ignore', 'ignore_ament_install']
[0.432s] Level 1:colcon.colcon_core.package_identification:_identify(src/turtlebot3_simulations/turtlebot3_gazebo) by extension 'ignore'
[0.432s] Level 1:colcon.colcon_core.package_identification:_identify(src/turtlebot3_simulations/turtlebot3_gazebo) by extension 'ignore_ament_install'
[0.432s] Level 1:colcon.colcon_core.package_identification:_identify(src/turtlebot3_simulations/turtlebot3_gazebo) by extensions ['colcon_pkg']
[0.432s] Level 1:colcon.colcon_core.package_identification:_identify(src/turtlebot3_simulations/turtlebot3_gazebo) by extension 'colcon_pkg'
[0.432s] Level 1:colcon.colcon_core.package_identification:_identify(src/turtlebot3_simulations/turtlebot3_gazebo) by extensions ['colcon_meta']
[0.432s] Level 1:colcon.colcon_core.package_identification:_identify(src/turtlebot3_simulations/turtlebot3_gazebo) by extension 'colcon_meta'
[0.432s] Level 1:colcon.colcon_core.package_identification:_identify(src/turtlebot3_simulations/turtlebot3_gazebo) by extensions ['ros']
[0.432s] Level 1:colcon.colcon_core.package_identification:_identify(src/turtlebot3_simulations/turtlebot3_gazebo) by extension 'ros'
[0.434s] DEBUG:colcon.colcon_core.package_identification:Package 'src/turtlebot3_simulations/turtlebot3_gazebo' with type 'ros.ament_cmake' and name 'turtlebot3_gazebo'
[0.434s] Level 1:colcon.colcon_core.package_identification:_identify(src/turtlebot3_simulations/turtlebot3_manipulation_gazebo) by extensions ['ignore', 'ignore_ament_install']
[0.434s] Level 1:colcon.colcon_core.package_identification:_identify(src/turtlebot3_simulations/turtlebot3_manipulation_gazebo) by extension 'ignore'
[0.434s] Level 1:colcon.colcon_core.package_identification:_identify(src/turtlebot3_simulations/turtlebot3_manipulation_gazebo) by extension 'ignore_ament_install'
[0.434s] Level 1:colcon.colcon_core.package_identification:_identify(src/turtlebot3_simulations/turtlebot3_manipulation_gazebo) by extensions ['colcon_pkg']
[0.434s] Level 1:colcon.colcon_core.package_identification:_identify(src/turtlebot3_simulations/turtlebot3_manipulation_gazebo) by extension 'colcon_pkg'
[0.434s] Level 1:colcon.colcon_core.package_identification:_identify(src/turtlebot3_simulations/turtlebot3_manipulation_gazebo) by extensions ['colcon_meta']
[0.434s] Level 1:colcon.colcon_core.package_identification:_identify(src/turtlebot3_simulations/turtlebot3_manipulation_gazebo) by extension 'colcon_meta'
[0.434s] Level 1:colcon.colcon_core.package_identification:_identify(src/turtlebot3_simulations/turtlebot3_manipulation_gazebo) by extensions ['ros']
[0.434s] Level 1:colcon.colcon_core.package_identification:_identify(src/turtlebot3_simulations/turtlebot3_manipulation_gazebo) by extension 'ros'
[0.435s] DEBUG:colcon.colcon_core.package_identification:Package 'src/turtlebot3_simulations/turtlebot3_manipulation_gazebo' with type 'ros.ament_cmake' and name 'turtlebot3_manipulation_gazebo'
[0.435s] Level 1:colcon.colcon_core.package_identification:_identify(src/turtlebot3_simulations/turtlebot3_simulations) by extensions ['ignore', 'ignore_ament_install']
[0.435s] Level 1:colcon.colcon_core.package_identification:_identify(src/turtlebot3_simulations/turtlebot3_simulations) by extension 'ignore'
[0.435s] Level 1:colcon.colcon_core.package_identification:_identify(src/turtlebot3_simulations/turtlebot3_simulations) by extension 'ignore_ament_install'
[0.436s] Level 1:colcon.colcon_core.package_identification:_identify(src/turtlebot3_simulations/turtlebot3_simulations) by extensions ['colcon_pkg']
[0.436s] Level 1:colcon.colcon_core.package_identification:_identify(src/turtlebot3_simulations/turtlebot3_simulations) by extension 'colcon_pkg'
[0.436s] Level 1:colcon.colcon_core.package_identification:_identify(src/turtlebot3_simulations/turtlebot3_simulations) by extensions ['colcon_meta']
[0.436s] Level 1:colcon.colcon_core.package_identification:_identify(src/turtlebot3_simulations/turtlebot3_simulations) by extension 'colcon_meta'
[0.436s] Level 1:colcon.colcon_core.package_identification:_identify(src/turtlebot3_simulations/turtlebot3_simulations) by extensions ['ros']
[0.436s] Level 1:colcon.colcon_core.package_identification:_identify(src/turtlebot3_simulations/turtlebot3_simulations) by extension 'ros'
[0.436s] DEBUG:colcon.colcon_core.package_identification:Package 'src/turtlebot3_simulations/turtlebot3_simulations' with type 'ros.ament_cmake' and name 'turtlebot3_simulations'
[0.436s] Level 1:colcon.colcon_core.package_discovery:discover_packages(recursive) using defaults
[0.436s] Level 1:colcon.colcon_core.package_discovery:discover_packages(ignore) discover
[0.436s] Level 1:colcon.colcon_core.package_discovery:discover_packages(ignore) using defaults
[0.436s] Level 1:colcon.colcon_core.package_discovery:discover_packages(path) discover
[0.436s] Level 1:colcon.colcon_core.package_discovery:discover_packages(path) using defaults
[0.464s] Level 5:colcon.colcon_core.verb:set package 'my_robot_controller' build argument 'cmake_args' from command line to 'None'
[0.464s] Level 5:colcon.colcon_core.verb:set package 'my_robot_controller' build argument 'cmake_target' from command line to 'None'
[0.464s] Level 5:colcon.colcon_core.verb:set package 'my_robot_controller' build argument 'cmake_target_skip_unavailable' from command line to 'False'
[0.464s] Level 5:colcon.colcon_core.verb:set package 'my_robot_controller' build argument 'cmake_clean_cache' from command line to 'False'
[0.464s] Level 5:colcon.colcon_core.verb:set package 'my_robot_controller' build argument 'cmake_clean_first' from command line to 'False'
[0.464s] Level 5:colcon.colcon_core.verb:set package 'my_robot_controller' build argument 'cmake_force_configure' from command line to 'False'
[0.464s] Level 5:colcon.colcon_core.verb:set package 'my_robot_controller' build argument 'ament_cmake_args' from command line to 'None'
[0.464s] Level 5:colcon.colcon_core.verb:set package 'my_robot_controller' build argument 'catkin_cmake_args' from command line to 'None'
[0.464s] Level 5:colcon.colcon_core.verb:set package 'my_robot_controller' build argument 'catkin_skip_building_tests' from command line to 'False'
[0.464s] DEBUG:colcon.colcon_core.verb:Building package 'my_robot_controller' with the following arguments: {'ament_cmake_args': None, 'build_base': '/home/student/ros2_ws/build/my_robot_controller', 'catkin_cmake_args': None, 'catkin_skip_building_tests': False, 'cmake_args': None, 'cmake_clean_cache': False, 'cmake_clean_first': False, 'cmake_force_configure': False, 'cmake_target': None, 'cmake_target_skip_unavailable': False, 'install_base': '/home/student/ros2_ws/install/my_robot_controller', 'merge_install': False, 'path': '/home/student/ros2_ws/src/my_robot_controller', 'symlink_install': True, 'test_result_base': None}
[0.465s] Level 5:colcon.colcon_core.verb:set package 'turtlebot3_cartographer' build argument 'cmake_args' from command line to 'None'
[0.465s] Level 5:colcon.colcon_core.verb:set package 'turtlebot3_cartographer' build argument 'cmake_target' from command line to 'None'
[0.465s] Level 5:colcon.colcon_core.verb:set package 'turtlebot3_cartographer' build argument 'cmake_target_skip_unavailable' from command line to 'False'
[0.465s] Level 5:colcon.colcon_core.verb:set package 'turtlebot3_cartographer' build argument 'cmake_clean_cache' from command line to 'False'
[0.465s] Level 5:colcon.colcon_core.verb:set package 'turtlebot3_cartographer' build argument 'cmake_clean_first' from command line to 'False'
[0.465s] Level 5:colcon.colcon_core.verb:set package 'turtlebot3_cartographer' build argument 'cmake_force_configure' from command line to 'False'
[0.465s] Level 5:colcon.colcon_core.verb:set package 'turtlebot3_cartographer' build argument 'ament_cmake_args' from command line to 'None'
[0.465s] Level 5:colcon.colcon_core.verb:set package 'turtlebot3_cartographer' build argument 'catkin_cmake_args' from command line to 'None'
[0.465s] Level 5:colcon.colcon_core.verb:set package 'turtlebot3_cartographer' build argument 'catkin_skip_building_tests' from command line to 'False'
[0.465s] DEBUG:colcon.colcon_core.verb:Building package 'turtlebot3_cartographer' with the following arguments: {'ament_cmake_args': None, 'build_base': '/home/student/ros2_ws/build/turtlebot3_cartographer', 'catkin_cmake_args': None, 'catkin_skip_building_tests': False, 'cmake_args': None, 'cmake_clean_cache': False, 'cmake_clean_first': False, 'cmake_force_configure': False, 'cmake_target': None, 'cmake_target_skip_unavailable': False, 'install_base': '/home/student/ros2_ws/install/turtlebot3_cartographer', 'merge_install': False, 'path': '/home/student/ros2_ws/src/turtlebot3/turtlebot3_cartographer', 'symlink_install': True, 'test_result_base': None}
[0.465s] Level 5:colcon.colcon_core.verb:set package 'turtlebot3_description' build argument 'cmake_args' from command line to 'None'
[0.465s] Level 5:colcon.colcon_core.verb:set package 'turtlebot3_description' build argument 'cmake_target' from command line to 'None'
[0.465s] Level 5:colcon.colcon_core.verb:set package 'turtlebot3_description' build argument 'cmake_target_skip_unavailable' from command line to 'False'
[0.465s] Level 5:colcon.colcon_core.verb:set package 'turtlebot3_description' build argument 'cmake_clean_cache' from command line to 'False'
[0.465s] Level 5:colcon.colcon_core.verb:set package 'turtlebot3_description' build argument 'cmake_clean_first' from command line to 'False'
[0.465s] Level 5:colcon.colcon_core.verb:set package 'turtlebot3_description' build argument 'cmake_force_configure' from command line to 'False'
[0.465s] Level 5:colcon.colcon_core.verb:set package 'turtlebot3_description' build argument 'ament_cmake_args' from command line to 'None'
[0.465s] Level 5:colcon.colcon_core.verb:set package 'turtlebot3_description' build argument 'catkin_cmake_args' from command line to 'None'
[0.465s] Level 5:colcon.colcon_core.verb:set package 'turtlebot3_description' build argument 'catkin_skip_building_tests' from command line to 'False'
[0.465s] DEBUG:colcon.colcon_core.verb:Building package 'turtlebot3_description' with the following arguments: {'ament_cmake_args': None, 'build_base': '/home/student/ros2_ws/build/turtlebot3_description', 'catkin_cmake_args': None, 'catkin_skip_building_tests': False, 'cmake_args': None, 'cmake_clean_cache': False, 'cmake_clean_first': False, 'cmake_force_configure': False, 'cmake_target': None, 'cmake_target_skip_unavailable': False, 'install_base': '/home/student/ros2_ws/install/turtlebot3_description', 'merge_install': False, 'path': '/home/student/ros2_ws/src/turtlebot3/turtlebot3_description', 'symlink_install': True, 'test_result_base': None}
[0.466s] Level 5:colcon.colcon_core.verb:set package 'turtlebot3_example' build argument 'cmake_args' from command line to 'None'
[0.466s] Level 5:colcon.colcon_core.verb:set package 'turtlebot3_example' build argument 'cmake_target' from command line to 'None'
[0.466s] Level 5:colcon.colcon_core.verb:set package 'turtlebot3_example' build argument 'cmake_target_skip_unavailable' from command line to 'False'
[0.466s] Level 5:colcon.colcon_core.verb:set package 'turtlebot3_example' build argument 'cmake_clean_cache' from command line to 'False'
[0.466s] Level 5:colcon.colcon_core.verb:set package 'turtlebot3_example' build argument 'cmake_clean_first' from command line to 'False'
[0.466s] Level 5:colcon.colcon_core.verb:set package 'turtlebot3_example' build argument 'cmake_force_configure' from command line to 'False'
[0.466s] Level 5:colcon.colcon_core.verb:set package 'turtlebot3_example' build argument 'ament_cmake_args' from command line to 'None'
[0.466s] Level 5:colcon.colcon_core.verb:set package 'turtlebot3_example' build argument 'catkin_cmake_args' from command line to 'None'
[0.466s] Level 5:colcon.colcon_core.verb:set package 'turtlebot3_example' build argument 'catkin_skip_building_tests' from command line to 'False'
[0.466s] DEBUG:colcon.colcon_core.verb:Building package 'turtlebot3_example' with the following arguments: {'ament_cmake_args': None, 'build_base': '/home/student/ros2_ws/build/turtlebot3_example', 'catkin_cmake_args': None, 'catkin_skip_building_tests': False, 'cmake_args': None, 'cmake_clean_cache': False, 'cmake_clean_first': False, 'cmake_force_configure': False, 'cmake_target': None, 'cmake_target_skip_unavailable': False, 'install_base': '/home/student/ros2_ws/install/turtlebot3_example', 'merge_install': False, 'path': '/home/student/ros2_ws/src/turtlebot3/turtlebot3_example', 'symlink_install': True, 'test_result_base': None}
[0.466s] Level 5:colcon.colcon_core.verb:set package 'turtlebot3_fake_node' build argument 'cmake_args' from command line to 'None'
[0.466s] Level 5:colcon.colcon_core.verb:set package 'turtlebot3_fake_node' build argument 'cmake_target' from command line to 'None'
[0.466s] Level 5:colcon.colcon_core.verb:set package 'turtlebot3_fake_node' build argument 'cmake_target_skip_unavailable' from command line to 'False'
[0.466s] Level 5:colcon.colcon_core.verb:set package 'turtlebot3_fake_node' build argument 'cmake_clean_cache' from command line to 'False'
[0.466s] Level 5:colcon.colcon_core.verb:set package 'turtlebot3_fake_node' build argument 'cmake_clean_first' from command line to 'False'
[0.466s] Level 5:colcon.colcon_core.verb:set package 'turtlebot3_fake_node' build argument 'cmake_force_configure' from command line to 'False'
[0.466s] Level 5:colcon.colcon_core.verb:set package 'turtlebot3_fake_node' build argument 'ament_cmake_args' from command line to 'None'
[0.466s] Level 5:colcon.colcon_core.verb:set package 'turtlebot3_fake_node' build argument 'catkin_cmake_args' from command line to 'None'
[0.466s] Level 5:colcon.colcon_core.verb:set package 'turtlebot3_fake_node' build argument 'catkin_skip_building_tests' from command line to 'False'
[0.466s] DEBUG:colcon.colcon_core.verb:Building package 'turtlebot3_fake_node' with the following arguments: {'ament_cmake_args': None, 'build_base': '/home/student/ros2_ws/build/turtlebot3_fake_node', 'catkin_cmake_args': None, 'catkin_skip_building_tests': False, 'cmake_args': None, 'cmake_clean_cache': False, 'cmake_clean_first': False, 'cmake_force_configure': False, 'cmake_target': None, 'cmake_target_skip_unavailable': False, 'install_base': '/home/student/ros2_ws/install/turtlebot3_fake_node', 'merge_install': False, 'path': '/home/student/ros2_ws/src/turtlebot3_simulations/turtlebot3_fake_node', 'symlink_install': True, 'test_result_base': None}
[0.466s] Level 5:colcon.colcon_core.verb:set package 'turtlebot3_gazebo' build argument 'cmake_args' from command line to 'None'
[0.466s] Level 5:colcon.colcon_core.verb:set package 'turtlebot3_gazebo' build argument 'cmake_target' from command line to 'None'
[0.466s] Level 5:colcon.colcon_core.verb:set package 'turtlebot3_gazebo' build argument 'cmake_target_skip_unavailable' from command line to 'False'
[0.466s] Level 5:colcon.colcon_core.verb:set package 'turtlebot3_gazebo' build argument 'cmake_clean_cache' from command line to 'False'
[0.467s] Level 5:colcon.colcon_core.verb:set package 'turtlebot3_gazebo' build argument 'cmake_clean_first' from command line to 'False'
[0.467s] Level 5:colcon.colcon_core.verb:set package 'turtlebot3_gazebo' build argument 'cmake_force_configure' from command line to 'False'
[0.467s] Level 5:colcon.colcon_core.verb:set package 'turtlebot3_gazebo' build argument 'ament_cmake_args' from command line to 'None'
[0.467s] Level 5:colcon.colcon_core.verb:set package 'turtlebot3_gazebo' build argument 'catkin_cmake_args' from command line to 'None'
[0.467s] Level 5:colcon.colcon_core.verb:set package 'turtlebot3_gazebo' build argument 'catkin_skip_building_tests' from command line to 'False'
[0.467s] DEBUG:colcon.colcon_core.verb:Building package 'turtlebot3_gazebo' with the following arguments: {'ament_cmake_args': None, 'build_base': '/home/student/ros2_ws/build/turtlebot3_gazebo', 'catkin_cmake_args': None, 'catkin_skip_building_tests': False, 'cmake_args': None, 'cmake_clean_cache': False, 'cmake_clean_first': False, 'cmake_force_configure': False, 'cmake_target': None, 'cmake_target_skip_unavailable': False, 'install_base': '/home/student/ros2_ws/install/turtlebot3_gazebo', 'merge_install': False, 'path': '/home/student/ros2_ws/src/turtlebot3_simulations/turtlebot3_gazebo', 'symlink_install': True, 'test_result_base': None}
[0.467s] Level 5:colcon.colcon_core.verb:set package 'turtlebot3_manipulation_gazebo' build argument 'cmake_args' from command line to 'None'
[0.467s] Level 5:colcon.colcon_core.verb:set package 'turtlebot3_manipulation_gazebo' build argument 'cmake_target' from command line to 'None'
[0.467s] Level 5:colcon.colcon_core.verb:set package 'turtlebot3_manipulation_gazebo' build argument 'cmake_target_skip_unavailable' from command line to 'False'
[0.467s] Level 5:colcon.colcon_core.verb:set package 'turtlebot3_manipulation_gazebo' build argument 'cmake_clean_cache' from command line to 'False'
[0.467s] Level 5:colcon.colcon_core.verb:set package 'turtlebot3_manipulation_gazebo' build argument 'cmake_clean_first' from command line to 'False'
[0.467s] Level 5:colcon.colcon_core.verb:set package 'turtlebot3_manipulation_gazebo' build argument 'cmake_force_configure' from command line to 'False'
[0.467s] Level 5:colcon.colcon_core.verb:set package 'turtlebot3_manipulation_gazebo' build argument 'ament_cmake_args' from command line to 'None'
[0.467s] Level 5:colcon.colcon_core.verb:set package 'turtlebot3_manipulation_gazebo' build argument 'catkin_cmake_args' from command line to 'None'
[0.467s] Level 5:colcon.colcon_core.verb:set package 'turtlebot3_manipulation_gazebo' build argument 'catkin_skip_building_tests' from command line to 'False'
[0.467s] DEBUG:colcon.colcon_core.verb:Building package 'turtlebot3_manipulation_gazebo' with the following arguments: {'ament_cmake_args': None, 'build_base': '/home/student/ros2_ws/build/turtlebot3_manipulation_gazebo', 'catkin_cmake_args': None, 'catkin_skip_building_tests': False, 'cmake_args': None, 'cmake_clean_cache': False, 'cmake_clean_first': False, 'cmake_force_configure': False, 'cmake_target': None, 'cmake_target_skip_unavailable': False, 'install_base': '/home/student/ros2_ws/install/turtlebot3_manipulation_gazebo', 'merge_install': False, 'path': '/home/student/ros2_ws/src/turtlebot3_simulations/turtlebot3_manipulation_gazebo', 'symlink_install': True, 'test_result_base': None}
[0.467s] Level 5:colcon.colcon_core.verb:set package 'turtlebot3_navigation2' build argument 'cmake_args' from command line to 'None'
[0.467s] Level 5:colcon.colcon_core.verb:set package 'turtlebot3_navigation2' build argument 'cmake_target' from command line to 'None'
[0.467s] Level 5:colcon.colcon_core.verb:set package 'turtlebot3_navigation2' build argument 'cmake_target_skip_unavailable' from command line to 'False'
[0.467s] Level 5:colcon.colcon_core.verb:set package 'turtlebot3_navigation2' build argument 'cmake_clean_cache' from command line to 'False'
[0.467s] Level 5:colcon.colcon_core.verb:set package 'turtlebot3_navigation2' build argument 'cmake_clean_first' from command line to 'False'
[0.467s] Level 5:colcon.colcon_core.verb:set package 'turtlebot3_navigation2' build argument 'cmake_force_configure' from command line to 'False'
[0.467s] Level 5:colcon.colcon_core.verb:set package 'turtlebot3_navigation2' build argument 'ament_cmake_args' from command line to 'None'
[0.467s] Level 5:colcon.colcon_core.verb:set package 'turtlebot3_navigation2' build argument 'catkin_cmake_args' from command line to 'None'
[0.467s] Level 5:colcon.colcon_core.verb:set package 'turtlebot3_navigation2' build argument 'catkin_skip_building_tests' from command line to 'False'
[0.467s] DEBUG:colcon.colcon_core.verb:Building package 'turtlebot3_navigation2' with the following arguments: {'ament_cmake_args': None, 'build_base': '/home/student/ros2_ws/build/turtlebot3_navigation2', 'catkin_cmake_args': None, 'catkin_skip_building_tests': False, 'cmake_args': None, 'cmake_clean_cache': False, 'cmake_clean_first': False, 'cmake_force_configure': False, 'cmake_target': None, 'cmake_target_skip_unavailable': False, 'install_base': '/home/student/ros2_ws/install/turtlebot3_navigation2', 'merge_install': False, 'path': '/home/student/ros2_ws/src/turtlebot3/turtlebot3_navigation2', 'symlink_install': True, 'test_result_base': None}
[0.468s] Level 5:colcon.colcon_core.verb:set package 'turtlebot3_node' build argument 'cmake_args' from command line to 'None'
[0.468s] Level 5:colcon.colcon_core.verb:set package 'turtlebot3_node' build argument 'cmake_target' from command line to 'None'
[0.468s] Level 5:colcon.colcon_core.verb:set package 'turtlebot3_node' build argument 'cmake_target_skip_unavailable' from command line to 'False'
[0.468s] Level 5:colcon.colcon_core.verb:set package 'turtlebot3_node' build argument 'cmake_clean_cache' from command line to 'False'
[0.468s] Level 5:colcon.colcon_core.verb:set package 'turtlebot3_node' build argument 'cmake_clean_first' from command line to 'False'
[0.468s] Level 5:colcon.colcon_core.verb:set package 'turtlebot3_node' build argument 'cmake_force_configure' from command line to 'False'
[0.468s] Level 5:colcon.colcon_core.verb:set package 'turtlebot3_node' build argument 'ament_cmake_args' from command line to 'None'
[0.468s] Level 5:colcon.colcon_core.verb:set package 'turtlebot3_node' build argument 'catkin_cmake_args' from command line to 'None'
[0.468s] Level 5:colcon.colcon_core.verb:set package 'turtlebot3_node' build argument 'catkin_skip_building_tests' from command line to 'False'
[0.468s] DEBUG:colcon.colcon_core.verb:Building package 'turtlebot3_node' with the following arguments: {'ament_cmake_args': None, 'build_base': '/home/student/ros2_ws/build/turtlebot3_node', 'catkin_cmake_args': None, 'catkin_skip_building_tests': False, 'cmake_args': None, 'cmake_clean_cache': False, 'cmake_clean_first': False, 'cmake_force_configure': False, 'cmake_target': None, 'cmake_target_skip_unavailable': False, 'install_base': '/home/student/ros2_ws/install/turtlebot3_node', 'merge_install': False, 'path': '/home/student/ros2_ws/src/turtlebot3/turtlebot3_node', 'symlink_install': True, 'test_result_base': None}
[0.468s] Level 5:colcon.colcon_core.verb:set package 'turtlebot3_teleop' build argument 'cmake_args' from command line to 'None'
[0.468s] Level 5:colcon.colcon_core.verb:set package 'turtlebot3_teleop' build argument 'cmake_target' from command line to 'None'
[0.468s] Level 5:colcon.colcon_core.verb:set package 'turtlebot3_teleop' build argument 'cmake_target_skip_unavailable' from command line to 'False'
[0.468s] Level 5:colcon.colcon_core.verb:set package 'turtlebot3_teleop' build argument 'cmake_clean_cache' from command line to 'False'
[0.468s] Level 5:colcon.colcon_core.verb:set package 'turtlebot3_teleop' build argument 'cmake_clean_first' from command line to 'False'
[0.468s] Level 5:colcon.colcon_core.verb:set package 'turtlebot3_teleop' build argument 'cmake_force_configure' from command line to 'False'
[0.468s] Level 5:colcon.colcon_core.verb:set package 'turtlebot3_teleop' build argument 'ament_cmake_args' from command line to 'None'
[0.468s] Level 5:colcon.colcon_core.verb:set package 'turtlebot3_teleop' build argument 'catkin_cmake_args' from command line to 'None'
[0.468s] Level 5:colcon.colcon_core.verb:set package 'turtlebot3_teleop' build argument 'catkin_skip_building_tests' from command line to 'False'
[0.468s] DEBUG:colcon.colcon_core.verb:Building package 'turtlebot3_teleop' with the following arguments: {'ament_cmake_args': None, 'build_base': '/home/student/ros2_ws/build/turtlebot3_teleop', 'catkin_cmake_args': None, 'catkin_skip_building_tests': False, 'cmake_args': None, 'cmake_clean_cache': False, 'cmake_clean_first': False, 'cmake_force_configure': False, 'cmake_target': None, 'cmake_target_skip_unavailable': False, 'install_base': '/home/student/ros2_ws/install/turtlebot3_teleop', 'merge_install': False, 'path': '/home/student/ros2_ws/src/turtlebot3/turtlebot3_teleop', 'symlink_install': True, 'test_result_base': None}
[0.468s] Level 5:colcon.colcon_core.verb:set package 'turtlebot3_bringup' build argument 'cmake_args' from command line to 'None'
[0.468s] Level 5:colcon.colcon_core.verb:set package 'turtlebot3_bringup' build argument 'cmake_target' from command line to 'None'
[0.468s] Level 5:colcon.colcon_core.verb:set package 'turtlebot3_bringup' build argument 'cmake_target_skip_unavailable' from command line to 'False'
[0.469s] Level 5:colcon.colcon_core.verb:set package 'turtlebot3_bringup' build argument 'cmake_clean_cache' from command line to 'False'
[0.469s] Level 5:colcon.colcon_core.verb:set package 'turtlebot3_bringup' build argument 'cmake_clean_first' from command line to 'False'
[0.469s] Level 5:colcon.colcon_core.verb:set package 'turtlebot3_bringup' build argument 'cmake_force_configure' from command line to 'False'
[0.469s] Level 5:colcon.colcon_core.verb:set package 'turtlebot3_bringup' build argument 'ament_cmake_args' from command line to 'None'
[0.469s] Level 5:colcon.colcon_core.verb:set package 'turtlebot3_bringup' build argument 'catkin_cmake_args' from command line to 'None'
[0.469s] Level 5:colcon.colcon_core.verb:set package 'turtlebot3_bringup' build argument 'catkin_skip_building_tests' from command line to 'False'
[0.469s] DEBUG:colcon.colcon_core.verb:Building package 'turtlebot3_bringup' with the following arguments: {'ament_cmake_args': None, 'build_base': '/home/student/ros2_ws/build/turtlebot3_bringup', 'catkin_cmake_args': None, 'catkin_skip_building_tests': False, 'cmake_args': None, 'cmake_clean_cache': False, 'cmake_clean_first': False, 'cmake_force_configure': False, 'cmake_target': None, 'cmake_target_skip_unavailable': False, 'install_base': '/home/student/ros2_ws/install/turtlebot3_bringup', 'merge_install': False, 'path': '/home/student/ros2_ws/src/turtlebot3/turtlebot3_bringup', 'symlink_install': True, 'test_result_base': None}
[0.469s] Level 5:colcon.colcon_core.verb:set package 'turtlebot3_simulations' build argument 'cmake_args' from command line to 'None'
[0.469s] Level 5:colcon.colcon_core.verb:set package 'turtlebot3_simulations' build argument 'cmake_target' from command line to 'None'
[0.469s] Level 5:colcon.colcon_core.verb:set package 'turtlebot3_simulations' build argument 'cmake_target_skip_unavailable' from command line to 'False'
[0.469s] Level 5:colcon.colcon_core.verb:set package 'turtlebot3_simulations' build argument 'cmake_clean_cache' from command line to 'False'
[0.469s] Level 5:colcon.colcon_core.verb:set package 'turtlebot3_simulations' build argument 'cmake_clean_first' from command line to 'False'
[0.469s] Level 5:colcon.colcon_core.verb:set package 'turtlebot3_simulations' build argument 'cmake_force_configure' from command line to 'False'
[0.469s] Level 5:colcon.colcon_core.verb:set package 'turtlebot3_simulations' build argument 'ament_cmake_args' from command line to 'None'
[0.469s] Level 5:colcon.colcon_core.verb:set package 'turtlebot3_simulations' build argument 'catkin_cmake_args' from command line to 'None'
[0.469s] Level 5:colcon.colcon_core.verb:set package 'turtlebot3_simulations' build argument 'catkin_skip_building_tests' from command line to 'False'
[0.469s] DEBUG:colcon.colcon_core.verb:Building package 'turtlebot3_simulations' with the following arguments: {'ament_cmake_args': None, 'build_base': '/home/student/ros2_ws/build/turtlebot3_simulations', 'catkin_cmake_args': None, 'catkin_skip_building_tests': False, 'cmake_args': None, 'cmake_clean_cache': False, 'cmake_clean_first': False, 'cmake_force_configure': False, 'cmake_target': None, 'cmake_target_skip_unavailable': False, 'install_base': '/home/student/ros2_ws/install/turtlebot3_simulations', 'merge_install': False, 'path': '/home/student/ros2_ws/src/turtlebot3_simulations/turtlebot3_simulations', 'symlink_install': True, 'test_result_base': None}
[0.469s] Level 5:colcon.colcon_core.verb:set package 'turtlebot3' build argument 'cmake_args' from command line to 'None'
[0.469s] Level 5:colcon.colcon_core.verb:set package 'turtlebot3' build argument 'cmake_target' from command line to 'None'
[0.469s] Level 5:colcon.colcon_core.verb:set package 'turtlebot3' build argument 'cmake_target_skip_unavailable' from command line to 'False'
[0.469s] Level 5:colcon.colcon_core.verb:set package 'turtlebot3' build argument 'cmake_clean_cache' from command line to 'False'
[0.469s] Level 5:colcon.colcon_core.verb:set package 'turtlebot3' build argument 'cmake_clean_first' from command line to 'False'
[0.469s] Level 5:colcon.colcon_core.verb:set package 'turtlebot3' build argument 'cmake_force_configure' from command line to 'False'
[0.469s] Level 5:colcon.colcon_core.verb:set package 'turtlebot3' build argument 'ament_cmake_args' from command line to 'None'
[0.469s] Level 5:colcon.colcon_core.verb:set package 'turtlebot3' build argument 'catkin_cmake_args' from command line to 'None'
[0.469s] Level 5:colcon.colcon_core.verb:set package 'turtlebot3' build argument 'catkin_skip_building_tests' from command line to 'False'
[0.469s] DEBUG:colcon.colcon_core.verb:Building package 'turtlebot3' with the following arguments: {'ament_cmake_args': None, 'build_base': '/home/student/ros2_ws/build/turtlebot3', 'catkin_cmake_args': None, 'catkin_skip_building_tests': False, 'cmake_args': None, 'cmake_clean_cache': False, 'cmake_clean_first': False, 'cmake_force_configure': False, 'cmake_target': None, 'cmake_target_skip_unavailable': False, 'install_base': '/home/student/ros2_ws/install/turtlebot3', 'merge_install': False, 'path': '/home/student/ros2_ws/src/turtlebot3/turtlebot3', 'symlink_install': True, 'test_result_base': None}
[0.469s] INFO:colcon.colcon_core.executor:Executing jobs using 'parallel' executor
[0.470s] DEBUG:colcon.colcon_parallel_executor.executor.parallel:run_until_complete
[0.470s] INFO:colcon.colcon_ros.task.ament_cmake.build:Building ROS package in '/home/student/ros2_ws/src/turtlebot3/turtlebot3_description' with build type 'ament_cmake'
[0.470s] INFO:colcon.colcon_cmake.task.cmake.build:Building CMake package in '/home/student/ros2_ws/src/turtlebot3/turtlebot3_description'
[0.474s] INFO:colcon.colcon_core.plugin_system:Skipping extension 'colcon_core.shell.bat': Not used on non-Windows systems
[0.474s] INFO:colcon.colcon_core.shell:Skip shell extension 'powershell' for command environment: Not usable outside of PowerShell
[0.474s] DEBUG:colcon.colcon_core.shell:Skip shell extension 'dsv' for command environment
[0.480s] INFO:colcon.colcon_ros.task.ament_cmake.build:Building ROS package in '/home/student/ros2_ws/src/turtlebot3/turtlebot3_node' with build type 'ament_cmake'
[0.480s] INFO:colcon.colcon_cmake.task.cmake.build:Building CMake package in '/home/student/ros2_ws/src/turtlebot3/turtlebot3_node'
[0.480s] INFO:colcon.colcon_core.shell:Skip shell extension 'powershell' for command environment: Not usable outside of PowerShell
[0.480s] DEBUG:colcon.colcon_core.shell:Skip shell extension 'dsv' for command environment
[0.483s] INFO:colcon.colcon_ros.task.ament_cmake.build:Building ROS package in '/home/student/ros2_ws/src/turtlebot3/turtlebot3_cartographer' with build type 'ament_cmake'
[0.484s] INFO:colcon.colcon_cmake.task.cmake.build:Building CMake package in '/home/student/ros2_ws/src/turtlebot3/turtlebot3_cartographer'
[0.484s] INFO:colcon.colcon_core.shell:Skip shell extension 'powershell' for command environment: Not usable outside of PowerShell
[0.484s] DEBUG:colcon.colcon_core.shell:Skip shell extension 'dsv' for command environment
[0.487s] INFO:colcon.colcon_ros.task.ament_python.build:Building ROS package in '/home/student/ros2_ws/src/turtlebot3/turtlebot3_example' with build type 'ament_python'
[0.487s] Level 1:colcon.colcon_core.shell:create_environment_hook('turtlebot3_example', 'ament_prefix_path')
[0.487s] INFO:colcon.colcon_core.shell:Creating environment hook '/home/student/ros2_ws/install/turtlebot3_example/share/turtlebot3_example/hook/ament_prefix_path.ps1'
[0.488s] INFO:colcon.colcon_core.shell:Creating environment descriptor '/home/student/ros2_ws/install/turtlebot3_example/share/turtlebot3_example/hook/ament_prefix_path.dsv'
[0.489s] INFO:colcon.colcon_core.shell:Creating environment hook '/home/student/ros2_ws/install/turtlebot3_example/share/turtlebot3_example/hook/ament_prefix_path.sh'
[0.489s] INFO:colcon.colcon_core.shell:Skip shell extension 'powershell' for command environment: Not usable outside of PowerShell
[0.489s] DEBUG:colcon.colcon_core.shell:Skip shell extension 'dsv' for command environment
[0.492s] INFO:colcon.colcon_ros.task.ament_cmake.build:Building ROS package in '/home/student/ros2_ws/src/turtlebot3_simulations/turtlebot3_fake_node' with build type 'ament_cmake'
[0.492s] INFO:colcon.colcon_cmake.task.cmake.build:Building CMake package in '/home/student/ros2_ws/src/turtlebot3_simulations/turtlebot3_fake_node'
[0.492s] INFO:colcon.colcon_core.shell:Skip shell extension 'powershell' for command environment: Not usable outside of PowerShell
[0.492s] DEBUG:colcon.colcon_core.shell:Skip shell extension 'dsv' for command environment
[0.495s] INFO:colcon.colcon_ros.task.ament_cmake.build:Building ROS package in '/home/student/ros2_ws/src/turtlebot3_simulations/turtlebot3_gazebo' with build type 'ament_cmake'
[0.495s] INFO:colcon.colcon_cmake.task.cmake.build:Building CMake package in '/home/student/ros2_ws/src/turtlebot3_simulations/turtlebot3_gazebo'
[0.496s] INFO:colcon.colcon_core.shell:Skip shell extension 'powershell' for command environment: Not usable outside of PowerShell
[0.496s] DEBUG:colcon.colcon_core.shell:Skip shell extension 'dsv' for command environment
[0.498s] INFO:colcon.colcon_ros.task.ament_cmake.build:Building ROS package in '/home/student/ros2_ws/src/turtlebot3_simulations/turtlebot3_manipulation_gazebo' with build type 'ament_cmake'
[0.499s] INFO:colcon.colcon_cmake.task.cmake.build:Building CMake package in '/home/student/ros2_ws/src/turtlebot3_simulations/turtlebot3_manipulation_gazebo'
[0.499s] INFO:colcon.colcon_core.shell:Skip shell extension 'powershell' for command environment: Not usable outside of PowerShell
[0.499s] DEBUG:colcon.colcon_core.shell:Skip shell extension 'dsv' for command environment
[0.502s] INFO:colcon.colcon_ros.task.ament_cmake.build:Building ROS package in '/home/student/ros2_ws/src/turtlebot3/turtlebot3_navigation2' with build type 'ament_cmake'
[0.502s] INFO:colcon.colcon_cmake.task.cmake.build:Building CMake package in '/home/student/ros2_ws/src/turtlebot3/turtlebot3_navigation2'
[0.502s] INFO:colcon.colcon_core.shell:Skip shell extension 'powershell' for command environment: Not usable outside of PowerShell
[0.502s] DEBUG:colcon.colcon_core.shell:Skip shell extension 'dsv' for command environment
[0.505s] INFO:colcon.colcon_ros.task.ament_python.build:Building ROS package in '/home/student/ros2_ws/src/turtlebot3/turtlebot3_teleop' with build type 'ament_python'
[0.505s] Level 1:colcon.colcon_core.shell:create_environment_hook('turtlebot3_teleop', 'ament_prefix_path')
[0.505s] INFO:colcon.colcon_core.shell:Creating environment hook '/home/student/ros2_ws/install/turtlebot3_teleop/share/turtlebot3_teleop/hook/ament_prefix_path.ps1'
[0.505s] INFO:colcon.colcon_core.shell:Creating environment descriptor '/home/student/ros2_ws/install/turtlebot3_teleop/share/turtlebot3_teleop/hook/ament_prefix_path.dsv'
[0.506s] INFO:colcon.colcon_core.shell:Creating environment hook '/home/student/ros2_ws/install/turtlebot3_teleop/share/turtlebot3_teleop/hook/ament_prefix_path.sh'
[0.506s] INFO:colcon.colcon_core.shell:Skip shell extension 'powershell' for command environment: Not usable outside of PowerShell
[0.506s] DEBUG:colcon.colcon_core.shell:Skip shell extension 'dsv' for command environment
[0.509s] INFO:colcon.colcon_ros.task.ament_python.build:Building ROS package in '/home/student/ros2_ws/src/my_robot_controller' with build type 'ament_python'
[0.509s] Level 1:colcon.colcon_core.shell:create_environment_hook('my_robot_controller', 'ament_prefix_path')
[0.509s] INFO:colcon.colcon_core.shell:Creating environment hook '/home/student/ros2_ws/install/my_robot_controller/share/my_robot_controller/hook/ament_prefix_path.ps1'
[0.510s] INFO:colcon.colcon_core.shell:Creating environment descriptor '/home/student/ros2_ws/install/my_robot_controller/share/my_robot_controller/hook/ament_prefix_path.dsv'
[0.510s] INFO:colcon.colcon_core.shell:Creating environment hook '/home/student/ros2_ws/install/my_robot_controller/share/my_robot_controller/hook/ament_prefix_path.sh'
[0.510s] INFO:colcon.colcon_core.shell:Skip shell extension 'powershell' for command environment: Not usable outside of PowerShell
[0.510s] DEBUG:colcon.colcon_core.shell:Skip shell extension 'dsv' for command environment
[0.517s] DEBUG:colcon.colcon_core.event_handler.log_command:Invoking command in '/home/student/ros2_ws/build/turtlebot3_description': CMAKE_PREFIX_PATH=/home/student/ros2_ws/install/my_robot_controller:/opt/ros/humble /usr/bin/cmake /home/student/ros2_ws/src/turtlebot3/turtlebot3_description -DAMENT_CMAKE_SYMLINK_INSTALL=1 -DCMAKE_INSTALL_PREFIX=/home/student/ros2_ws/install/turtlebot3_description
[0.518s] DEBUG:colcon.colcon_core.event_handler.log_command:Invoking command in '/home/student/ros2_ws/build/turtlebot3_node': CMAKE_PREFIX_PATH=/home/student/ros2_ws/install/my_robot_controller:/opt/ros/humble /usr/bin/cmake /home/student/ros2_ws/src/turtlebot3/turtlebot3_node -DAMENT_CMAKE_SYMLINK_INSTALL=1 -DCMAKE_INSTALL_PREFIX=/home/student/ros2_ws/install/turtlebot3_node
[0.520s] DEBUG:colcon.colcon_core.event_handler.log_command:Invoking command in '/home/student/ros2_ws/build/turtlebot3_cartographer': CMAKE_PREFIX_PATH=/home/student/ros2_ws/install/my_robot_controller:/opt/ros/humble /usr/bin/cmake /home/student/ros2_ws/src/turtlebot3/turtlebot3_cartographer -DAMENT_CMAKE_SYMLINK_INSTALL=1 -DCMAKE_INSTALL_PREFIX=/home/student/ros2_ws/install/turtlebot3_cartographer
[0.723s] INFO:colcon.colcon_core.task.python.build:Building Python package in '/home/student/ros2_ws/src/turtlebot3/turtlebot3_example'
[0.723s] INFO:colcon.colcon_core.shell:Skip shell extension 'powershell' for command environment: Not usable outside of PowerShell
[0.723s] DEBUG:colcon.colcon_core.shell:Skip shell extension 'dsv' for command environment
[0.728s] DEBUG:colcon.colcon_core.event_handler.log_command:Invoking command in '/home/student/ros2_ws/build/turtlebot3_fake_node': CMAKE_PREFIX_PATH=/home/student/ros2_ws/install/my_robot_controller:/opt/ros/humble /usr/bin/cmake /home/student/ros2_ws/src/turtlebot3_simulations/turtlebot3_fake_node -DAMENT_CMAKE_SYMLINK_INSTALL=1 -DCMAKE_INSTALL_PREFIX=/home/student/ros2_ws/install/turtlebot3_fake_node
[0.729s] DEBUG:colcon.colcon_core.event_handler.log_command:Invoking command in '/home/student/ros2_ws/build/turtlebot3_gazebo': CMAKE_PREFIX_PATH=/home/student/ros2_ws/install/my_robot_controller:/opt/ros/humble /usr/bin/cmake /home/student/ros2_ws/src/turtlebot3_simulations/turtlebot3_gazebo -DAMENT_CMAKE_SYMLINK_INSTALL=1 -DCMAKE_INSTALL_PREFIX=/home/student/ros2_ws/install/turtlebot3_gazebo
[0.731s] DEBUG:colcon.colcon_core.event_handler.log_command:Invoking command in '/home/student/ros2_ws/build/turtlebot3_manipulation_gazebo': CMAKE_PREFIX_PATH=/home/student/ros2_ws/install/my_robot_controller:/opt/ros/humble /usr/bin/cmake /home/student/ros2_ws/src/turtlebot3_simulations/turtlebot3_manipulation_gazebo -DAMENT_CMAKE_SYMLINK_INSTALL=1 -DCMAKE_INSTALL_PREFIX=/home/student/ros2_ws/install/turtlebot3_manipulation_gazebo
[0.732s] DEBUG:colcon.colcon_core.event_handler.log_command:Invoking command in '/home/student/ros2_ws/build/turtlebot3_navigation2': CMAKE_PREFIX_PATH=/home/student/ros2_ws/install/my_robot_controller:/opt/ros/humble /usr/bin/cmake /home/student/ros2_ws/src/turtlebot3/turtlebot3_navigation2 -DAMENT_CMAKE_SYMLINK_INSTALL=1 -DCMAKE_INSTALL_PREFIX=/home/student/ros2_ws/install/turtlebot3_navigation2
[0.941s] INFO:colcon.colcon_core.task.python.build:Building Python package in '/home/student/ros2_ws/src/turtlebot3/turtlebot3_teleop'
[0.941s] INFO:colcon.colcon_core.shell:Skip shell extension 'powershell' for command environment: Not usable outside of PowerShell
[0.941s] DEBUG:colcon.colcon_core.shell:Skip shell extension 'dsv' for command environment
[1.158s] INFO:colcon.colcon_core.task.python.build:Building Python package in '/home/student/ros2_ws/src/my_robot_controller'
[1.158s] INFO:colcon.colcon_core.shell:Skip shell extension 'powershell' for command environment: Not usable outside of PowerShell
[1.158s] DEBUG:colcon.colcon_core.shell:Skip shell extension 'dsv' for command environment
[1.188s] DEBUG:colcon.colcon_core.event_handler.log_command:Invoked command in '/home/student/ros2_ws/build/turtlebot3_cartographer' returned '0': CMAKE_PREFIX_PATH=/home/student/ros2_ws/install/my_robot_controller:/opt/ros/humble /usr/bin/cmake /home/student/ros2_ws/src/turtlebot3/turtlebot3_cartographer -DAMENT_CMAKE_SYMLINK_INSTALL=1 -DCMAKE_INSTALL_PREFIX=/home/student/ros2_ws/install/turtlebot3_cartographer
[1.190s] DEBUG:colcon.colcon_core.event_handler.log_command:Invoking command in '/home/student/ros2_ws/build/turtlebot3_cartographer': CMAKE_PREFIX_PATH=/home/student/ros2_ws/install/my_robot_controller:/opt/ros/humble /usr/bin/cmake --build /home/student/ros2_ws/build/turtlebot3_cartographer -- -j16 -l16
[1.226s] DEBUG:colcon.colcon_core.event_handler.log_command:Invoked command in '/home/student/ros2_ws/build/turtlebot3_cartographer' returned '0': CMAKE_PREFIX_PATH=/home/student/ros2_ws/install/my_robot_controller:/opt/ros/humble /usr/bin/cmake --build /home/student/ros2_ws/build/turtlebot3_cartographer -- -j16 -l16
[1.235s] DEBUG:colcon.colcon_core.event_handler.log_command:Invoking command in '/home/student/ros2_ws/build/turtlebot3_cartographer': CMAKE_PREFIX_PATH=/home/student/ros2_ws/install/my_robot_controller:/opt/ros/humble /usr/bin/cmake --install /home/student/ros2_ws/build/turtlebot3_cartographer
[1.244s] DEBUG:colcon.colcon_core.event_handler.log_command:Invoked command in '/home/student/ros2_ws/build/turtlebot3_manipulation_gazebo' returned '0': CMAKE_PREFIX_PATH=/home/student/ros2_ws/install/my_robot_controller:/opt/ros/humble /usr/bin/cmake /home/student/ros2_ws/src/turtlebot3_simulations/turtlebot3_manipulation_gazebo -DAMENT_CMAKE_SYMLINK_INSTALL=1 -DCMAKE_INSTALL_PREFIX=/home/student/ros2_ws/install/turtlebot3_manipulation_gazebo
[1.246s] DEBUG:colcon.colcon_core.event_handler.log_command:Invoking command in '/home/student/ros2_ws/build/turtlebot3_manipulation_gazebo': CMAKE_PREFIX_PATH=/home/student/ros2_ws/install/my_robot_controller:/opt/ros/humble /usr/bin/cmake --build /home/student/ros2_ws/build/turtlebot3_manipulation_gazebo -- -j16 -l16
[1.251s] DEBUG:colcon.colcon_core.event_handler.log_command:Invoked command in '/home/student/ros2_ws/build/turtlebot3_navigation2' returned '0': CMAKE_PREFIX_PATH=/home/student/ros2_ws/install/my_robot_controller:/opt/ros/humble /usr/bin/cmake /home/student/ros2_ws/src/turtlebot3/turtlebot3_navigation2 -DAMENT_CMAKE_SYMLINK_INSTALL=1 -DCMAKE_INSTALL_PREFIX=/home/student/ros2_ws/install/turtlebot3_navigation2
[1.252s] DEBUG:colcon.colcon_core.event_handler.log_command:Invoking command in '/home/student/ros2_ws/build/turtlebot3_navigation2': CMAKE_PREFIX_PATH=/home/student/ros2_ws/install/my_robot_controller:/opt/ros/humble /usr/bin/cmake --build /home/student/ros2_ws/build/turtlebot3_navigation2 -- -j16 -l16
[1.283s] DEBUG:colcon.colcon_core.event_handler.log_command:Invoked command in '/home/student/ros2_ws/build/turtlebot3_manipulation_gazebo' returned '0': CMAKE_PREFIX_PATH=/home/student/ros2_ws/install/my_robot_controller:/opt/ros/humble /usr/bin/cmake --build /home/student/ros2_ws/build/turtlebot3_manipulation_gazebo -- -j16 -l16
[1.284s] DEBUG:colcon.colcon_core.event_handler.log_command:Invoking command in '/home/student/ros2_ws/build/turtlebot3_manipulation_gazebo': CMAKE_PREFIX_PATH=/home/student/ros2_ws/install/my_robot_controller:/opt/ros/humble /usr/bin/cmake --install /home/student/ros2_ws/build/turtlebot3_manipulation_gazebo
[1.290s] DEBUG:colcon.colcon_core.event_handler.log_command:Invoked command in '/home/student/ros2_ws/build/turtlebot3_navigation2' returned '0': CMAKE_PREFIX_PATH=/home/student/ros2_ws/install/my_robot_controller:/opt/ros/humble /usr/bin/cmake --build /home/student/ros2_ws/build/turtlebot3_navigation2 -- -j16 -l16
[1.291s] DEBUG:colcon.colcon_core.event_handler.log_command:Invoking command in '/home/student/ros2_ws/build/turtlebot3_navigation2': CMAKE_PREFIX_PATH=/home/student/ros2_ws/install/my_robot_controller:/opt/ros/humble /usr/bin/cmake --install /home/student/ros2_ws/build/turtlebot3_navigation2
[1.292s] DEBUG:colcon.colcon_core.event_handler.log_command:Invoked command in '/home/student/ros2_ws/build/turtlebot3_description' returned '0': CMAKE_PREFIX_PATH=/home/student/ros2_ws/install/my_robot_controller:/opt/ros/humble /usr/bin/cmake /home/student/ros2_ws/src/turtlebot3/turtlebot3_description -DAMENT_CMAKE_SYMLINK_INSTALL=1 -DCMAKE_INSTALL_PREFIX=/home/student/ros2_ws/install/turtlebot3_description
[1.293s] DEBUG:colcon.colcon_core.event_handler.log_command:Invoking command in '/home/student/ros2_ws/build/turtlebot3_description': CMAKE_PREFIX_PATH=/home/student/ros2_ws/install/my_robot_controller:/opt/ros/humble /usr/bin/cmake --build /home/student/ros2_ws/build/turtlebot3_description -- -j16 -l16
[1.327s] DEBUG:colcon.colcon_core.event_handler.log_command:Invoked command in '/home/student/ros2_ws/build/turtlebot3_description' returned '0': CMAKE_PREFIX_PATH=/home/student/ros2_ws/install/my_robot_controller:/opt/ros/humble /usr/bin/cmake --build /home/student/ros2_ws/build/turtlebot3_description -- -j16 -l16
[1.329s] DEBUG:colcon.colcon_core.event_handler.log_command:Invoking command in '/home/student/ros2_ws/build/turtlebot3_description': CMAKE_PREFIX_PATH=/home/student/ros2_ws/install/my_robot_controller:/opt/ros/humble /usr/bin/cmake --install /home/student/ros2_ws/build/turtlebot3_description
[1.401s] Level 1:colcon.colcon_core.environment:create_environment_scripts_only(turtlebot3_cartographer)
[1.402s] DEBUG:colcon.colcon_core.event_handler.log_command:Invoked command in '/home/student/ros2_ws/build/turtlebot3_cartographer' returned '0': CMAKE_PREFIX_PATH=/home/student/ros2_ws/install/my_robot_controller:/opt/ros/humble /usr/bin/cmake --install /home/student/ros2_ws/build/turtlebot3_cartographer
[1.407s] Level 1:colcon.colcon_core.environment:checking '/home/student/ros2_ws/install/turtlebot3_cartographer' for CMake module files
[1.408s] Level 1:colcon.colcon_core.environment:checking '/home/student/ros2_ws/install/turtlebot3_cartographer' for CMake config files
[1.408s] Level 1:colcon.colcon_core.shell:create_environment_hook('turtlebot3_cartographer', 'cmake_prefix_path')
[1.409s] INFO:colcon.colcon_core.shell:Creating environment hook '/home/student/ros2_ws/install/turtlebot3_cartographer/share/turtlebot3_cartographer/hook/cmake_prefix_path.ps1'
[1.409s] INFO:colcon.colcon_core.shell:Creating environment descriptor '/home/student/ros2_ws/install/turtlebot3_cartographer/share/turtlebot3_cartographer/hook/cmake_prefix_path.dsv'
[1.410s] INFO:colcon.colcon_core.shell:Creating environment hook '/home/student/ros2_ws/install/turtlebot3_cartographer/share/turtlebot3_cartographer/hook/cmake_prefix_path.sh'
[1.411s] Level 1:colcon.colcon_core.environment:checking '/home/student/ros2_ws/install/turtlebot3_cartographer/bin'
[1.411s] Level 1:colcon.colcon_core.environment:checking '/home/student/ros2_ws/install/turtlebot3_cartographer/lib/pkgconfig/turtlebot3_cartographer.pc'
[1.411s] Level 1:colcon.colcon_core.environment:checking '/home/student/ros2_ws/install/turtlebot3_cartographer/lib/python3.10/site-packages'
[1.411s] Level 1:colcon.colcon_core.environment:checking '/home/student/ros2_ws/install/turtlebot3_cartographer/bin'
[1.412s] INFO:colcon.colcon_core.shell:Creating package script '/home/student/ros2_ws/install/turtlebot3_cartographer/share/turtlebot3_cartographer/package.ps1'
[1.413s] INFO:colcon.colcon_core.shell:Creating package descriptor '/home/student/ros2_ws/install/turtlebot3_cartographer/share/turtlebot3_cartographer/package.dsv'
[1.413s] INFO:colcon.colcon_core.shell:Creating package script '/home/student/ros2_ws/install/turtlebot3_cartographer/share/turtlebot3_cartographer/package.sh'
[1.414s] INFO:colcon.colcon_core.shell:Creating package script '/home/student/ros2_ws/install/turtlebot3_cartographer/share/turtlebot3_cartographer/package.bash'
[1.415s] INFO:colcon.colcon_core.shell:Creating package script '/home/student/ros2_ws/install/turtlebot3_cartographer/share/turtlebot3_cartographer/package.zsh'
[1.416s] Level 1:colcon.colcon_core.environment:create_file_with_runtime_dependencies(/home/student/ros2_ws/install/turtlebot3_cartographer/share/colcon-core/packages/turtlebot3_cartographer)
[1.416s] Level 1:colcon.colcon_core.environment:create_environment_scripts_only(turtlebot3_cartographer)
[1.416s] Level 1:colcon.colcon_core.environment:checking '/home/student/ros2_ws/install/turtlebot3_cartographer' for CMake module files
[1.417s] Level 1:colcon.colcon_core.environment:checking '/home/student/ros2_ws/install/turtlebot3_cartographer' for CMake config files
[1.417s] Level 1:colcon.colcon_core.shell:create_environment_hook('turtlebot3_cartographer', 'cmake_prefix_path')
[1.417s] INFO:colcon.colcon_core.shell:Creating environment hook '/home/student/ros2_ws/install/turtlebot3_cartographer/share/turtlebot3_cartographer/hook/cmake_prefix_path.ps1'
[1.417s] INFO:colcon.colcon_core.shell:Creating environment descriptor '/home/student/ros2_ws/install/turtlebot3_cartographer/share/turtlebot3_cartographer/hook/cmake_prefix_path.dsv'
[1.418s] INFO:colcon.colcon_core.shell:Creating environment hook '/home/student/ros2_ws/install/turtlebot3_cartographer/share/turtlebot3_cartographer/hook/cmake_prefix_path.sh'
[1.418s] Level 1:colcon.colcon_core.environment:checking '/home/student/ros2_ws/install/turtlebot3_cartographer/bin'
[1.418s] Level 1:colcon.colcon_core.environment:checking '/home/student/ros2_ws/install/turtlebot3_cartographer/lib/pkgconfig/turtlebot3_cartographer.pc'
[1.418s] Level 1:colcon.colcon_core.environment:checking '/home/student/ros2_ws/install/turtlebot3_cartographer/lib/python3.10/site-packages'
[1.419s] Level 1:colcon.colcon_core.environment:checking '/home/student/ros2_ws/install/turtlebot3_cartographer/bin'
[1.419s] INFO:colcon.colcon_core.shell:Creating package script '/home/student/ros2_ws/install/turtlebot3_cartographer/share/turtlebot3_cartographer/package.ps1'
[1.419s] INFO:colcon.colcon_core.shell:Creating package descriptor '/home/student/ros2_ws/install/turtlebot3_cartographer/share/turtlebot3_cartographer/package.dsv'
[1.420s] INFO:colcon.colcon_core.shell:Creating package script '/home/student/ros2_ws/install/turtlebot3_cartographer/share/turtlebot3_cartographer/package.sh'
[1.420s] INFO:colcon.colcon_core.shell:Creating package script '/home/student/ros2_ws/install/turtlebot3_cartographer/share/turtlebot3_cartographer/package.bash'
[1.420s] INFO:colcon.colcon_core.shell:Creating package script '/home/student/ros2_ws/install/turtlebot3_cartographer/share/turtlebot3_cartographer/package.zsh'
[1.421s] Level 1:colcon.colcon_core.environment:create_file_with_runtime_dependencies(/home/student/ros2_ws/install/turtlebot3_cartographer/share/colcon-core/packages/turtlebot3_cartographer)
[1.510s] Level 1:colcon.colcon_core.environment:create_environment_scripts_only(turtlebot3_navigation2)
[1.510s] DEBUG:colcon.colcon_core.event_handler.log_command:Invoked command in '/home/student/ros2_ws/build/turtlebot3_navigation2' returned '0': CMAKE_PREFIX_PATH=/home/student/ros2_ws/install/my_robot_controller:/opt/ros/humble /usr/bin/cmake --install /home/student/ros2_ws/build/turtlebot3_navigation2
[1.511s] Level 1:colcon.colcon_core.environment:checking '/home/student/ros2_ws/install/turtlebot3_navigation2' for CMake module files
[1.511s] Level 1:colcon.colcon_core.environment:checking '/home/student/ros2_ws/install/turtlebot3_navigation2' for CMake config files
[1.512s] Level 1:colcon.colcon_core.shell:create_environment_hook('turtlebot3_navigation2', 'cmake_prefix_path')
[1.512s] INFO:colcon.colcon_core.shell:Creating environment hook '/home/student/ros2_ws/install/turtlebot3_navigation2/share/turtlebot3_navigation2/hook/cmake_prefix_path.ps1'
[1.512s] INFO:colcon.colcon_core.shell:Creating environment descriptor '/home/student/ros2_ws/install/turtlebot3_navigation2/share/turtlebot3_navigation2/hook/cmake_prefix_path.dsv'
[1.513s] INFO:colcon.colcon_core.shell:Creating environment hook '/home/student/ros2_ws/install/turtlebot3_navigation2/share/turtlebot3_navigation2/hook/cmake_prefix_path.sh'
[1.513s] Level 1:colcon.colcon_core.environment:checking '/home/student/ros2_ws/install/turtlebot3_navigation2/bin'
[1.513s] Level 1:colcon.colcon_core.environment:checking '/home/student/ros2_ws/install/turtlebot3_navigation2/lib/pkgconfig/turtlebot3_navigation2.pc'
[1.514s] Level 1:colcon.colcon_core.environment:checking '/home/student/ros2_ws/install/turtlebot3_navigation2/lib/python3.10/site-packages'
[1.514s] Level 1:colcon.colcon_core.environment:checking '/home/student/ros2_ws/install/turtlebot3_navigation2/bin'
[1.514s] INFO:colcon.colcon_core.shell:Creating package script '/home/student/ros2_ws/install/turtlebot3_navigation2/share/turtlebot3_navigation2/package.ps1'
[1.515s] INFO:colcon.colcon_core.shell:Creating package descriptor '/home/student/ros2_ws/install/turtlebot3_navigation2/share/turtlebot3_navigation2/package.dsv'
[1.515s] INFO:colcon.colcon_core.shell:Creating package script '/home/student/ros2_ws/install/turtlebot3_navigation2/share/turtlebot3_navigation2/package.sh'
[1.516s] INFO:colcon.colcon_core.shell:Creating package script '/home/student/ros2_ws/install/turtlebot3_navigation2/share/turtlebot3_navigation2/package.bash'
[1.516s] INFO:colcon.colcon_core.shell:Creating package script '/home/student/ros2_ws/install/turtlebot3_navigation2/share/turtlebot3_navigation2/package.zsh'
[1.516s] Level 1:colcon.colcon_core.environment:create_file_with_runtime_dependencies(/home/student/ros2_ws/install/turtlebot3_navigation2/share/colcon-core/packages/turtlebot3_navigation2)
[1.517s] Level 1:colcon.colcon_core.environment:create_environment_scripts_only(turtlebot3_navigation2)
[1.517s] Level 1:colcon.colcon_core.environment:checking '/home/student/ros2_ws/install/turtlebot3_navigation2' for CMake module files
[1.517s] Level 1:colcon.colcon_core.environment:checking '/home/student/ros2_ws/install/turtlebot3_navigation2' for CMake config files
[1.518s] Level 1:colcon.colcon_core.shell:create_environment_hook('turtlebot3_navigation2', 'cmake_prefix_path')
[1.518s] INFO:colcon.colcon_core.shell:Creating environment hook '/home/student/ros2_ws/install/turtlebot3_navigation2/share/turtlebot3_navigation2/hook/cmake_prefix_path.ps1'
[1.518s] INFO:colcon.colcon_core.shell:Creating environment descriptor '/home/student/ros2_ws/install/turtlebot3_navigation2/share/turtlebot3_navigation2/hook/cmake_prefix_path.dsv'
[1.519s] INFO:colcon.colcon_core.shell:Creating environment hook '/home/student/ros2_ws/install/turtlebot3_navigation2/share/turtlebot3_navigation2/hook/cmake_prefix_path.sh'
[1.519s] Level 1:colcon.colcon_core.environment:checking '/home/student/ros2_ws/install/turtlebot3_navigation2/bin'
[1.519s] Level 1:colcon.colcon_core.environment:checking '/home/student/ros2_ws/install/turtlebot3_navigation2/lib/pkgconfig/turtlebot3_navigation2.pc'
[1.519s] Level 1:colcon.colcon_core.environment:checking '/home/student/ros2_ws/install/turtlebot3_navigation2/lib/python3.10/site-packages'
[1.520s] Level 1:colcon.colcon_core.environment:checking '/home/student/ros2_ws/install/turtlebot3_navigation2/bin'
[1.520s] INFO:colcon.colcon_core.shell:Creating package script '/home/student/ros2_ws/install/turtlebot3_navigation2/share/turtlebot3_navigation2/package.ps1'
[1.520s] INFO:colcon.colcon_core.shell:Creating package descriptor '/home/student/ros2_ws/install/turtlebot3_navigation2/share/turtlebot3_navigation2/package.dsv'
[1.521s] INFO:colcon.colcon_core.shell:Creating package script '/home/student/ros2_ws/install/turtlebot3_navigation2/share/turtlebot3_navigation2/package.sh'
[1.521s] INFO:colcon.colcon_core.shell:Creating package script '/home/student/ros2_ws/install/turtlebot3_navigation2/share/turtlebot3_navigation2/package.bash'
[1.521s] INFO:colcon.colcon_core.shell:Creating package script '/home/student/ros2_ws/install/turtlebot3_navigation2/share/turtlebot3_navigation2/package.zsh'
[1.521s] Level 1:colcon.colcon_core.environment:create_file_with_runtime_dependencies(/home/student/ros2_ws/install/turtlebot3_navigation2/share/colcon-core/packages/turtlebot3_navigation2)
[1.570s] Level 1:colcon.colcon_core.environment:create_environment_scripts_only(turtlebot3_description)
[1.570s] Level 1:colcon.colcon_core.environment:checking '/home/student/ros2_ws/install/turtlebot3_description' for CMake module files
[1.571s] DEBUG:colcon.colcon_core.event_handler.log_command:Invoked command in '/home/student/ros2_ws/build/turtlebot3_description' returned '0': CMAKE_PREFIX_PATH=/home/student/ros2_ws/install/my_robot_controller:/opt/ros/humble /usr/bin/cmake --install /home/student/ros2_ws/build/turtlebot3_description
[1.571s] Level 1:colcon.colcon_core.environment:checking '/home/student/ros2_ws/install/turtlebot3_description' for CMake config files
[1.572s] Level 1:colcon.colcon_core.shell:create_environment_hook('turtlebot3_description', 'cmake_prefix_path')
[1.572s] INFO:colcon.colcon_core.shell:Creating environment hook '/home/student/ros2_ws/install/turtlebot3_description/share/turtlebot3_description/hook/cmake_prefix_path.ps1'
[1.573s] INFO:colcon.colcon_core.shell:Creating environment descriptor '/home/student/ros2_ws/install/turtlebot3_description/share/turtlebot3_description/hook/cmake_prefix_path.dsv'
[1.573s] INFO:colcon.colcon_core.shell:Creating environment hook '/home/student/ros2_ws/install/turtlebot3_description/share/turtlebot3_description/hook/cmake_prefix_path.sh'
[1.574s] Level 1:colcon.colcon_core.environment:checking '/home/student/ros2_ws/install/turtlebot3_description/bin'
[1.574s] Level 1:colcon.colcon_core.environment:checking '/home/student/ros2_ws/install/turtlebot3_description/lib/pkgconfig/turtlebot3_description.pc'
[1.574s] Level 1:colcon.colcon_core.environment:checking '/home/student/ros2_ws/install/turtlebot3_description/lib/python3.10/site-packages'
[1.574s] Level 1:colcon.colcon_core.environment:checking '/home/student/ros2_ws/install/turtlebot3_description/bin'
[1.575s] INFO:colcon.colcon_core.shell:Creating package script '/home/student/ros2_ws/install/turtlebot3_description/share/turtlebot3_description/package.ps1'
[1.575s] INFO:colcon.colcon_core.shell:Creating package descriptor '/home/student/ros2_ws/install/turtlebot3_description/share/turtlebot3_description/package.dsv'
[1.575s] INFO:colcon.colcon_core.shell:Creating package script '/home/student/ros2_ws/install/turtlebot3_description/share/turtlebot3_description/package.sh'
[1.576s] INFO:colcon.colcon_core.shell:Creating package script '/home/student/ros2_ws/install/turtlebot3_description/share/turtlebot3_description/package.bash'
[1.576s] INFO:colcon.colcon_core.shell:Creating package script '/home/student/ros2_ws/install/turtlebot3_description/share/turtlebot3_description/package.zsh'
[1.577s] Level 1:colcon.colcon_core.environment:create_file_with_runtime_dependencies(/home/student/ros2_ws/install/turtlebot3_description/share/colcon-core/packages/turtlebot3_description)
[1.577s] Level 1:colcon.colcon_core.environment:create_environment_scripts_only(turtlebot3_description)
[1.577s] Level 1:colcon.colcon_core.environment:checking '/home/student/ros2_ws/install/turtlebot3_description' for CMake module files
[1.578s] Level 1:colcon.colcon_core.environment:checking '/home/student/ros2_ws/install/turtlebot3_description' for CMake config files
[1.578s] Level 1:colcon.colcon_core.shell:create_environment_hook('turtlebot3_description', 'cmake_prefix_path')
[1.578s] INFO:colcon.colcon_core.shell:Creating environment hook '/home/student/ros2_ws/install/turtlebot3_description/share/turtlebot3_description/hook/cmake_prefix_path.ps1'
[1.579s] INFO:colcon.colcon_core.shell:Creating environment descriptor '/home/student/ros2_ws/install/turtlebot3_description/share/turtlebot3_description/hook/cmake_prefix_path.dsv'
[1.579s] INFO:colcon.colcon_core.shell:Creating environment hook '/home/student/ros2_ws/install/turtlebot3_description/share/turtlebot3_description/hook/cmake_prefix_path.sh'
[1.580s] Level 1:colcon.colcon_core.environment:checking '/home/student/ros2_ws/install/turtlebot3_description/bin'
[1.580s] Level 1:colcon.colcon_core.environment:checking '/home/student/ros2_ws/install/turtlebot3_description/lib/pkgconfig/turtlebot3_description.pc'
[1.580s] Level 1:colcon.colcon_core.environment:checking '/home/student/ros2_ws/install/turtlebot3_description/lib/python3.10/site-packages'
[1.580s] Level 1:colcon.colcon_core.environment:checking '/home/student/ros2_ws/install/turtlebot3_description/bin'
[1.581s] INFO:colcon.colcon_core.shell:Creating package script '/home/student/ros2_ws/install/turtlebot3_description/share/turtlebot3_description/package.ps1'
[1.581s] INFO:colcon.colcon_core.shell:Creating package descriptor '/home/student/ros2_ws/install/turtlebot3_description/share/turtlebot3_description/package.dsv'
[1.582s] INFO:colcon.colcon_core.shell:Creating package script '/home/student/ros2_ws/install/turtlebot3_description/share/turtlebot3_description/package.sh'
[1.582s] INFO:colcon.colcon_core.shell:Creating package script '/home/student/ros2_ws/install/turtlebot3_description/share/turtlebot3_description/package.bash'
[1.583s] INFO:colcon.colcon_core.shell:Creating package script '/home/student/ros2_ws/install/turtlebot3_description/share/turtlebot3_description/package.zsh'
[1.583s] Level 1:colcon.colcon_core.environment:create_file_with_runtime_dependencies(/home/student/ros2_ws/install/turtlebot3_description/share/colcon-core/packages/turtlebot3_description)
[1.619s] DEBUG:colcon.colcon_core.event_handler.log_command:Invoking command in '/home/student/ros2_ws/build/turtlebot3_example': PYTHONPATH=/home/student/ros2_ws/build/turtlebot3_example/prefix_override:/usr/lib/python3/dist-packages/colcon_core/task/python/colcon_distutils_commands:/home/student/ros2_ws/install/turtlebot3_example/lib/python3.10/site-packages:${PYTHONPATH} /usr/bin/python3 -W ignore:setup.py install is deprecated -W ignore:easy_install command is deprecated setup.py develop --editable --build-directory /home/student/ros2_ws/build/turtlebot3_example/build --no-deps symlink_data
[1.625s] DEBUG:colcon.colcon_core.task.python.build:While undoing a previous installation files outside the Python library path are being ignored: /home/student/ros2_ws/install/my_robot_controller/share/ament_index/resource_index/packages/my_robot_controller
[1.625s] DEBUG:colcon.colcon_core.task.python.build:While undoing a previous installation files outside the Python library path are being ignored: /home/student/ros2_ws/install/my_robot_controller/share/my_robot_controller/package.xml
[1.625s] DEBUG:colcon.colcon_core.task.python.build:While undoing a previous installation files outside the Python library path are being ignored: /home/student/ros2_ws/install/my_robot_controller/share/my_robot_controller/launch/run_navigation.launch.py
[1.626s] DEBUG:colcon.colcon_core.task.python.build:While undoing a previous installation files outside the Python library path are being ignored: /home/student/ros2_ws/install/my_robot_controller/share/my_robot_controller/launch/multi_spawn_turtlebot3.launch.py
[1.626s] DEBUG:colcon.colcon_core.task.python.build:While undoing a previous installation files outside the Python library path are being ignored: /home/student/ros2_ws/install/my_robot_controller/share/my_robot_controller/launch/turtlebot3_dqn_stage2.launch.py
[1.626s] DEBUG:colcon.colcon_core.task.python.build:While undoing a previous installation files outside the Python library path are being ignored: /home/student/ros2_ws/install/my_robot_controller/share/my_robot_controller/launch/turtlebot3_house.launch.py
[1.626s] DEBUG:colcon.colcon_core.task.python.build:While undoing a previous installation files outside the Python library path are being ignored: /home/student/ros2_ws/install/my_robot_controller/share/my_robot_controller/launch/start_mapping.launch.py
[1.626s] DEBUG:colcon.colcon_core.task.python.build:While undoing a previous installation files outside the Python library path are being ignored: /home/student/ros2_ws/install/my_robot_controller/share/my_robot_controller/launch/turtlebot3_dqn_stage1.launch.py
[1.626s] DEBUG:colcon.colcon_core.task.python.build:While undoing a previous installation files outside the Python library path are being ignored: /home/student/ros2_ws/install/my_robot_controller/share/my_robot_controller/launch/turtlebot3_dqn_stage3.launch.py
[1.626s] DEBUG:colcon.colcon_core.task.python.build:While undoing a previous installation files outside the Python library path are being ignored: /home/student/ros2_ws/install/my_robot_controller/share/my_robot_controller/launch/spawn_turtlebot3.launch.py
[1.626s] DEBUG:colcon.colcon_core.task.python.build:While undoing a previous installation files outside the Python library path are being ignored: /home/student/ros2_ws/install/my_robot_controller/share/my_robot_controller/launch/robot_state_publisher.launch.py
[1.626s] DEBUG:colcon.colcon_core.task.python.build:While undoing a previous installation files outside the Python library path are being ignored: /home/student/ros2_ws/install/my_robot_controller/share/my_robot_controller/launch/empty_world.launch.py
[1.626s] DEBUG:colcon.colcon_core.task.python.build:While undoing a previous installation files outside the Python library path are being ignored: /home/student/ros2_ws/install/my_robot_controller/share/my_robot_controller/launch/turtlebot3_autorace_2020.launch.py
[1.626s] DEBUG:colcon.colcon_core.task.python.build:While undoing a previous installation files outside the Python library path are being ignored: /home/student/ros2_ws/install/my_robot_controller/share/my_robot_controller/launch/turtlebot3_dqn_stage4.launch.py
[1.626s] DEBUG:colcon.colcon_core.task.python.build:While undoing a previous installation files outside the Python library path are being ignored: /home/student/ros2_ws/install/my_robot_controller/share/my_robot_controller/launch/turtlebot3_world.launch.py
[1.626s] DEBUG:colcon.colcon_core.task.python.build:While undoing a previous installation files outside the Python library path are being ignored: /home/student/ros2_ws/install/my_robot_controller/share/my_robot_controller/launch/multi_robot.launch.py
[1.626s] DEBUG:colcon.colcon_core.task.python.build:While undoing a previous installation files outside the Python library path are being ignored: /home/student/ros2_ws/install/my_robot_controller/share/my_robot_controller/maps/my_map.yaml
[1.626s] DEBUG:colcon.colcon_core.task.python.build:While undoing a previous installation files outside the Python library path are being ignored: /home/student/ros2_ws/install/my_robot_controller/share/my_robot_controller/maps/manual_map.pgm
[1.626s] DEBUG:colcon.colcon_core.task.python.build:While undoing a previous installation files outside the Python library path are being ignored: /home/student/ros2_ws/install/my_robot_controller/share/my_robot_controller/maps/map.rviz
[1.626s] DEBUG:colcon.colcon_core.task.python.build:While undoing a previous installation files outside the Python library path are being ignored: /home/student/ros2_ws/install/my_robot_controller/share/my_robot_controller/maps/manual_map.yaml
[1.626s] DEBUG:colcon.colcon_core.task.python.build:While undoing a previous installation files outside the Python library path are being ignored: /home/student/ros2_ws/install/my_robot_controller/share/my_robot_controller/maps/map.yaml
[1.626s] DEBUG:colcon.colcon_core.task.python.build:While undoing a previous installation files outside the Python library path are being ignored: /home/student/ros2_ws/install/my_robot_controller/share/my_robot_controller/maps/my_map.pgm
[1.626s] DEBUG:colcon.colcon_core.task.python.build:While undoing a previous installation files outside the Python library path are being ignored: /home/student/ros2_ws/install/my_robot_controller/share/my_robot_controller/maps/map.pgm
[1.626s] DEBUG:colcon.colcon_core.task.python.build:While undoing a previous installation files outside the Python library path are being ignored: /home/student/ros2_ws/install/my_robot_controller/share/my_robot_controller/worlds/my_custom_world.world
[1.626s] DEBUG:colcon.colcon_core.task.python.build:While undoing a previous installation files outside the Python library path are being ignored: /home/student/ros2_ws/install/my_robot_controller/lib/my_robot_controller/mapping
[1.627s] DEBUG:colcon.colcon_core.task.python.build:While undoing a previous installation files outside the Python library path are being ignored: /home/student/ros2_ws/install/my_robot_controller/lib/my_robot_controller/navigation
[1.629s] DEBUG:colcon.colcon_core.event_handler.log_command:Invoking command in '/home/student/ros2_ws/build/my_robot_controller': PYTHONPATH=/home/student/ros2_ws/build/my_robot_controller/prefix_override:/usr/lib/python3/dist-packages/colcon_core/task/python/colcon_distutils_commands:/home/student/ros2_ws/install/my_robot_controller/lib/python3.10/site-packages:${PYTHONPATH} /usr/bin/python3 -W ignore:setup.py install is deprecated -W ignore:easy_install command is deprecated setup.py develop --editable --build-directory /home/student/ros2_ws/build/my_robot_controller/build --no-deps symlink_data --force
[1.631s] DEBUG:colcon.colcon_core.event_handler.log_command:Invoking command in '/home/student/ros2_ws/build/turtlebot3_teleop': PYTHONPATH=/home/student/ros2_ws/build/turtlebot3_teleop/prefix_override:/usr/lib/python3/dist-packages/colcon_core/task/python/colcon_distutils_commands:/home/student/ros2_ws/install/turtlebot3_teleop/lib/python3.10/site-packages:${PYTHONPATH} /usr/bin/python3 -W ignore:setup.py install is deprecated -W ignore:easy_install command is deprecated setup.py develop --editable --build-directory /home/student/ros2_ws/build/turtlebot3_teleop/build --no-deps symlink_data
[1.969s] Level 1:colcon.colcon_core.shell:create_environment_hook('turtlebot3_teleop', 'pythonpath_develop')
[1.970s] INFO:colcon.colcon_core.shell:Creating environment hook '/home/student/ros2_ws/build/turtlebot3_teleop/share/turtlebot3_teleop/hook/pythonpath_develop.ps1'
[1.970s] DEBUG:colcon.colcon_core.event_handler.log_command:Invoked command in '/home/student/ros2_ws/build/turtlebot3_teleop' returned '0': PYTHONPATH=/home/student/ros2_ws/build/turtlebot3_teleop/prefix_override:/usr/lib/python3/dist-packages/colcon_core/task/python/colcon_distutils_commands:/home/student/ros2_ws/install/turtlebot3_teleop/lib/python3.10/site-packages:${PYTHONPATH} /usr/bin/python3 -W ignore:setup.py install is deprecated -W ignore:easy_install command is deprecated setup.py develop --editable --build-directory /home/student/ros2_ws/build/turtlebot3_teleop/build --no-deps symlink_data
[1.970s] INFO:colcon.colcon_core.shell:Creating environment descriptor '/home/student/ros2_ws/build/turtlebot3_teleop/share/turtlebot3_teleop/hook/pythonpath_develop.dsv'
[1.971s] INFO:colcon.colcon_core.shell:Creating environment hook '/home/student/ros2_ws/build/turtlebot3_teleop/share/turtlebot3_teleop/hook/pythonpath_develop.sh'
[1.971s] Level 1:colcon.colcon_core.environment:checking '/home/student/ros2_ws/install/turtlebot3_teleop' for CMake module files
[1.972s] Level 1:colcon.colcon_core.environment:checking '/home/student/ros2_ws/install/turtlebot3_teleop' for CMake config files
[1.972s] Level 1:colcon.colcon_core.environment:checking '/home/student/ros2_ws/install/turtlebot3_teleop/lib'
[1.972s] Level 1:colcon.colcon_core.environment:checking '/home/student/ros2_ws/install/turtlebot3_teleop/bin'
[1.972s] Level 1:colcon.colcon_core.environment:checking '/home/student/ros2_ws/install/turtlebot3_teleop/lib/pkgconfig/turtlebot3_teleop.pc'
[1.972s] Level 1:colcon.colcon_core.environment:checking '/home/student/ros2_ws/install/turtlebot3_teleop/lib/python3.10/site-packages'
[1.972s] Level 1:colcon.colcon_core.shell:create_environment_hook('turtlebot3_teleop', 'pythonpath')
[1.973s] INFO:colcon.colcon_core.shell:Creating environment hook '/home/student/ros2_ws/install/turtlebot3_teleop/share/turtlebot3_teleop/hook/pythonpath.ps1'
[1.973s] INFO:colcon.colcon_core.shell:Creating environment descriptor '/home/student/ros2_ws/install/turtlebot3_teleop/share/turtlebot3_teleop/hook/pythonpath.dsv'
[1.973s] INFO:colcon.colcon_core.shell:Creating environment hook '/home/student/ros2_ws/install/turtlebot3_teleop/share/turtlebot3_teleop/hook/pythonpath.sh'
[1.974s] Level 1:colcon.colcon_core.environment:checking '/home/student/ros2_ws/install/turtlebot3_teleop/bin'
[1.974s] Level 1:colcon.colcon_core.environment:create_environment_scripts_only(turtlebot3_teleop)
[1.974s] INFO:colcon.colcon_core.shell:Creating package script '/home/student/ros2_ws/install/turtlebot3_teleop/share/turtlebot3_teleop/package.ps1'
[1.974s] INFO:colcon.colcon_core.shell:Creating package descriptor '/home/student/ros2_ws/install/turtlebot3_teleop/share/turtlebot3_teleop/package.dsv'
[1.975s] INFO:colcon.colcon_core.shell:Creating package script '/home/student/ros2_ws/install/turtlebot3_teleop/share/turtlebot3_teleop/package.sh'
[1.975s] INFO:colcon.colcon_core.shell:Creating package script '/home/student/ros2_ws/install/turtlebot3_teleop/share/turtlebot3_teleop/package.bash'
[1.975s] INFO:colcon.colcon_core.shell:Creating package script '/home/student/ros2_ws/install/turtlebot3_teleop/share/turtlebot3_teleop/package.zsh'
[1.976s] Level 1:colcon.colcon_core.environment:create_file_with_runtime_dependencies(/home/student/ros2_ws/install/turtlebot3_teleop/share/colcon-core/packages/turtlebot3_teleop)
[1.977s] Level 1:colcon.colcon_core.shell:create_environment_hook('my_robot_controller', 'pythonpath_develop')
[1.977s] INFO:colcon.colcon_core.shell:Creating environment hook '/home/student/ros2_ws/build/my_robot_controller/share/my_robot_controller/hook/pythonpath_develop.ps1'
[1.977s] DEBUG:colcon.colcon_core.event_handler.log_command:Invoked command in '/home/student/ros2_ws/build/my_robot_controller' returned '0': PYTHONPATH=/home/student/ros2_ws/build/my_robot_controller/prefix_override:/usr/lib/python3/dist-packages/colcon_core/task/python/colcon_distutils_commands:/home/student/ros2_ws/install/my_robot_controller/lib/python3.10/site-packages:${PYTHONPATH} /usr/bin/python3 -W ignore:setup.py install is deprecated -W ignore:easy_install command is deprecated setup.py develop --editable --build-directory /home/student/ros2_ws/build/my_robot_controller/build --no-deps symlink_data --force
[1.977s] INFO:colcon.colcon_core.shell:Creating environment descriptor '/home/student/ros2_ws/build/my_robot_controller/share/my_robot_controller/hook/pythonpath_develop.dsv'
[1.978s] INFO:colcon.colcon_core.shell:Creating environment hook '/home/student/ros2_ws/build/my_robot_controller/share/my_robot_controller/hook/pythonpath_develop.sh'
[1.978s] Level 1:colcon.colcon_core.environment:checking '/home/student/ros2_ws/install/my_robot_controller' for CMake module files
[1.978s] Level 1:colcon.colcon_core.environment:checking '/home/student/ros2_ws/install/my_robot_controller' for CMake config files
[1.979s] Level 1:colcon.colcon_core.environment:checking '/home/student/ros2_ws/install/my_robot_controller/lib'
[1.979s] Level 1:colcon.colcon_core.environment:checking '/home/student/ros2_ws/install/my_robot_controller/bin'
[1.979s] Level 1:colcon.colcon_core.environment:checking '/home/student/ros2_ws/install/my_robot_controller/lib/pkgconfig/my_robot_controller.pc'
[1.979s] Level 1:colcon.colcon_core.environment:checking '/home/student/ros2_ws/install/my_robot_controller/lib/python3.10/site-packages'
[1.979s] Level 1:colcon.colcon_core.shell:create_environment_hook('my_robot_controller', 'pythonpath')
[1.980s] INFO:colcon.colcon_core.shell:Creating environment hook '/home/student/ros2_ws/install/my_robot_controller/share/my_robot_controller/hook/pythonpath.ps1'
[1.980s] INFO:colcon.colcon_core.shell:Creating environment descriptor '/home/student/ros2_ws/install/my_robot_controller/share/my_robot_controller/hook/pythonpath.dsv'
[1.980s] INFO:colcon.colcon_core.shell:Creating environment hook '/home/student/ros2_ws/install/my_robot_controller/share/my_robot_controller/hook/pythonpath.sh'
[1.981s] Level 1:colcon.colcon_core.environment:checking '/home/student/ros2_ws/install/my_robot_controller/bin'
[1.981s] Level 1:colcon.colcon_core.environment:create_environment_scripts_only(my_robot_controller)
[1.981s] INFO:colcon.colcon_core.shell:Creating package script '/home/student/ros2_ws/install/my_robot_controller/share/my_robot_controller/package.ps1'
[1.981s] INFO:colcon.colcon_core.shell:Creating package descriptor '/home/student/ros2_ws/install/my_robot_controller/share/my_robot_controller/package.dsv'
[1.982s] INFO:colcon.colcon_core.shell:Creating package script '/home/student/ros2_ws/install/my_robot_controller/share/my_robot_controller/package.sh'
[1.982s] INFO:colcon.colcon_core.shell:Creating package script '/home/student/ros2_ws/install/my_robot_controller/share/my_robot_controller/package.bash'
[1.982s] INFO:colcon.colcon_core.shell:Creating package script '/home/student/ros2_ws/install/my_robot_controller/share/my_robot_controller/package.zsh'
[1.983s] Level 1:colcon.colcon_core.environment:create_file_with_runtime_dependencies(/home/student/ros2_ws/install/my_robot_controller/share/colcon-core/packages/my_robot_controller)
[1.984s] Level 1:colcon.colcon_core.shell:create_environment_hook('turtlebot3_example', 'pythonpath_develop')
[1.984s] INFO:colcon.colcon_core.shell:Creating environment hook '/home/student/ros2_ws/build/turtlebot3_example/share/turtlebot3_example/hook/pythonpath_develop.ps1'
[1.984s] DEBUG:colcon.colcon_core.event_handler.log_command:Invoked command in '/home/student/ros2_ws/build/turtlebot3_example' returned '0': PYTHONPATH=/home/student/ros2_ws/build/turtlebot3_example/prefix_override:/usr/lib/python3/dist-packages/colcon_core/task/python/colcon_distutils_commands:/home/student/ros2_ws/install/turtlebot3_example/lib/python3.10/site-packages:${PYTHONPATH} /usr/bin/python3 -W ignore:setup.py install is deprecated -W ignore:easy_install command is deprecated setup.py develop --editable --build-directory /home/student/ros2_ws/build/turtlebot3_example/build --no-deps symlink_data
[1.984s] INFO:colcon.colcon_core.shell:Creating environment descriptor '/home/student/ros2_ws/build/turtlebot3_example/share/turtlebot3_example/hook/pythonpath_develop.dsv'
[1.985s] INFO:colcon.colcon_core.shell:Creating environment hook '/home/student/ros2_ws/build/turtlebot3_example/share/turtlebot3_example/hook/pythonpath_develop.sh'
[1.985s] Level 1:colcon.colcon_core.environment:checking '/home/student/ros2_ws/install/turtlebot3_example' for CMake module files
[1.985s] Level 1:colcon.colcon_core.environment:checking '/home/student/ros2_ws/install/turtlebot3_example' for CMake config files
[1.986s] Level 1:colcon.colcon_core.environment:checking '/home/student/ros2_ws/install/turtlebot3_example/lib'
[1.986s] Level 1:colcon.colcon_core.environment:checking '/home/student/ros2_ws/install/turtlebot3_example/bin'
[1.986s] Level 1:colcon.colcon_core.environment:checking '/home/student/ros2_ws/install/turtlebot3_example/lib/pkgconfig/turtlebot3_example.pc'
[1.986s] Level 1:colcon.colcon_core.environment:checking '/home/student/ros2_ws/install/turtlebot3_example/lib/python3.10/site-packages'
[1.986s] Level 1:colcon.colcon_core.shell:create_environment_hook('turtlebot3_example', 'pythonpath')
[1.986s] INFO:colcon.colcon_core.shell:Creating environment hook '/home/student/ros2_ws/install/turtlebot3_example/share/turtlebot3_example/hook/pythonpath.ps1'
[1.987s] INFO:colcon.colcon_core.shell:Creating environment descriptor '/home/student/ros2_ws/install/turtlebot3_example/share/turtlebot3_example/hook/pythonpath.dsv'
[1.987s] INFO:colcon.colcon_core.shell:Creating environment hook '/home/student/ros2_ws/install/turtlebot3_example/share/turtlebot3_example/hook/pythonpath.sh'
[1.987s] Level 1:colcon.colcon_core.environment:checking '/home/student/ros2_ws/install/turtlebot3_example/bin'
[1.987s] Level 1:colcon.colcon_core.environment:create_environment_scripts_only(turtlebot3_example)
[1.988s] INFO:colcon.colcon_core.shell:Creating package script '/home/student/ros2_ws/install/turtlebot3_example/share/turtlebot3_example/package.ps1'
[1.988s] INFO:colcon.colcon_core.shell:Creating package descriptor '/home/student/ros2_ws/install/turtlebot3_example/share/turtlebot3_example/package.dsv'
[1.988s] INFO:colcon.colcon_core.shell:Creating package script '/home/student/ros2_ws/install/turtlebot3_example/share/turtlebot3_example/package.sh'
[1.989s] INFO:colcon.colcon_core.shell:Creating package script '/home/student/ros2_ws/install/turtlebot3_example/share/turtlebot3_example/package.bash'
[1.989s] INFO:colcon.colcon_core.shell:Creating package script '/home/student/ros2_ws/install/turtlebot3_example/share/turtlebot3_example/package.zsh'
[1.989s] Level 1:colcon.colcon_core.environment:create_file_with_runtime_dependencies(/home/student/ros2_ws/install/turtlebot3_example/share/colcon-core/packages/turtlebot3_example)
[2.010s] DEBUG:colcon.colcon_core.event_handler.log_command:Invoked command in '/home/student/ros2_ws/build/turtlebot3_fake_node' returned '0': CMAKE_PREFIX_PATH=/home/student/ros2_ws/install/my_robot_controller:/opt/ros/humble /usr/bin/cmake /home/student/ros2_ws/src/turtlebot3_simulations/turtlebot3_fake_node -DAMENT_CMAKE_SYMLINK_INSTALL=1 -DCMAKE_INSTALL_PREFIX=/home/student/ros2_ws/install/turtlebot3_fake_node
[2.011s] DEBUG:colcon.colcon_core.event_handler.log_command:Invoking command in '/home/student/ros2_ws/build/turtlebot3_fake_node': CMAKE_PREFIX_PATH=/home/student/ros2_ws/install/my_robot_controller:/opt/ros/humble /usr/bin/cmake --build /home/student/ros2_ws/build/turtlebot3_fake_node -- -j16 -l16
[2.044s] DEBUG:colcon.colcon_core.event_handler.log_command:Invoked command in '/home/student/ros2_ws/build/turtlebot3_node' returned '0': CMAKE_PREFIX_PATH=/home/student/ros2_ws/install/my_robot_controller:/opt/ros/humble /usr/bin/cmake /home/student/ros2_ws/src/turtlebot3/turtlebot3_node -DAMENT_CMAKE_SYMLINK_INSTALL=1 -DCMAKE_INSTALL_PREFIX=/home/student/ros2_ws/install/turtlebot3_node
[2.045s] DEBUG:colcon.colcon_core.event_handler.log_command:Invoking command in '/home/student/ros2_ws/build/turtlebot3_node': CMAKE_PREFIX_PATH=/home/student/ros2_ws/install/my_robot_controller:/opt/ros/humble /usr/bin/cmake --build /home/student/ros2_ws/build/turtlebot3_node -- -j16 -l16
[2.075s] Level 1:colcon.colcon_core.environment:create_environment_scripts_only(turtlebot3_manipulation_gazebo)
[2.075s] Level 1:colcon.colcon_core.environment:checking '/home/student/ros2_ws/install/turtlebot3_manipulation_gazebo' for CMake module files
[2.075s] DEBUG:colcon.colcon_core.event_handler.log_command:Invoked command in '/home/student/ros2_ws/build/turtlebot3_manipulation_gazebo' returned '0': CMAKE_PREFIX_PATH=/home/student/ros2_ws/install/my_robot_controller:/opt/ros/humble /usr/bin/cmake --install /home/student/ros2_ws/build/turtlebot3_manipulation_gazebo
[2.076s] Level 1:colcon.colcon_core.environment:checking '/home/student/ros2_ws/install/turtlebot3_manipulation_gazebo' for CMake config files
[2.076s] Level 1:colcon.colcon_core.shell:create_environment_hook('turtlebot3_manipulation_gazebo', 'cmake_prefix_path')
[2.076s] INFO:colcon.colcon_core.shell:Creating environment hook '/home/student/ros2_ws/install/turtlebot3_manipulation_gazebo/share/turtlebot3_manipulation_gazebo/hook/cmake_prefix_path.ps1'
[2.077s] INFO:colcon.colcon_core.shell:Creating environment descriptor '/home/student/ros2_ws/install/turtlebot3_manipulation_gazebo/share/turtlebot3_manipulation_gazebo/hook/cmake_prefix_path.dsv'
[2.077s] INFO:colcon.colcon_core.shell:Creating environment hook '/home/student/ros2_ws/install/turtlebot3_manipulation_gazebo/share/turtlebot3_manipulation_gazebo/hook/cmake_prefix_path.sh'
[2.077s] Level 1:colcon.colcon_core.environment:checking '/home/student/ros2_ws/install/turtlebot3_manipulation_gazebo/bin'
[2.077s] Level 1:colcon.colcon_core.environment:checking '/home/student/ros2_ws/install/turtlebot3_manipulation_gazebo/lib/pkgconfig/turtlebot3_manipulation_gazebo.pc'
[2.078s] Level 1:colcon.colcon_core.environment:checking '/home/student/ros2_ws/install/turtlebot3_manipulation_gazebo/lib/python3.10/site-packages'
[2.078s] Level 1:colcon.colcon_core.environment:checking '/home/student/ros2_ws/install/turtlebot3_manipulation_gazebo/bin'
[2.078s] INFO:colcon.colcon_core.shell:Creating package script '/home/student/ros2_ws/install/turtlebot3_manipulation_gazebo/share/turtlebot3_manipulation_gazebo/package.ps1'
[2.078s] INFO:colcon.colcon_core.shell:Creating package descriptor '/home/student/ros2_ws/install/turtlebot3_manipulation_gazebo/share/turtlebot3_manipulation_gazebo/package.dsv'
[2.079s] INFO:colcon.colcon_core.shell:Creating package script '/home/student/ros2_ws/install/turtlebot3_manipulation_gazebo/share/turtlebot3_manipulation_gazebo/package.sh'
[2.079s] INFO:colcon.colcon_core.shell:Creating package script '/home/student/ros2_ws/install/turtlebot3_manipulation_gazebo/share/turtlebot3_manipulation_gazebo/package.bash'
[2.079s] INFO:colcon.colcon_core.shell:Creating package script '/home/student/ros2_ws/install/turtlebot3_manipulation_gazebo/share/turtlebot3_manipulation_gazebo/package.zsh'
[2.080s] Level 1:colcon.colcon_core.environment:create_file_with_runtime_dependencies(/home/student/ros2_ws/install/turtlebot3_manipulation_gazebo/share/colcon-core/packages/turtlebot3_manipulation_gazebo)
[2.080s] Level 1:colcon.colcon_core.environment:create_environment_scripts_only(turtlebot3_manipulation_gazebo)
[2.080s] Level 1:colcon.colcon_core.environment:checking '/home/student/ros2_ws/install/turtlebot3_manipulation_gazebo' for CMake module files
[2.080s] Level 1:colcon.colcon_core.environment:checking '/home/student/ros2_ws/install/turtlebot3_manipulation_gazebo' for CMake config files
[2.081s] Level 1:colcon.colcon_core.shell:create_environment_hook('turtlebot3_manipulation_gazebo', 'cmake_prefix_path')
[2.081s] INFO:colcon.colcon_core.shell:Creating environment hook '/home/student/ros2_ws/install/turtlebot3_manipulation_gazebo/share/turtlebot3_manipulation_gazebo/hook/cmake_prefix_path.ps1'
[2.081s] INFO:colcon.colcon_core.shell:Creating environment descriptor '/home/student/ros2_ws/install/turtlebot3_manipulation_gazebo/share/turtlebot3_manipulation_gazebo/hook/cmake_prefix_path.dsv'
[2.082s] INFO:colcon.colcon_core.shell:Creating environment hook '/home/student/ros2_ws/install/turtlebot3_manipulation_gazebo/share/turtlebot3_manipulation_gazebo/hook/cmake_prefix_path.sh'
[2.082s] Level 1:colcon.colcon_core.environment:checking '/home/student/ros2_ws/install/turtlebot3_manipulation_gazebo/bin'
[2.082s] Level 1:colcon.colcon_core.environment:checking '/home/student/ros2_ws/install/turtlebot3_manipulation_gazebo/lib/pkgconfig/turtlebot3_manipulation_gazebo.pc'
[2.083s] Level 1:colcon.colcon_core.environment:checking '/home/student/ros2_ws/install/turtlebot3_manipulation_gazebo/lib/python3.10/site-packages'
[2.083s] Level 1:colcon.colcon_core.environment:checking '/home/student/ros2_ws/install/turtlebot3_manipulation_gazebo/bin'
[2.083s] INFO:colcon.colcon_core.shell:Creating package script '/home/student/ros2_ws/install/turtlebot3_manipulation_gazebo/share/turtlebot3_manipulation_gazebo/package.ps1'
[2.084s] INFO:colcon.colcon_core.shell:Creating package descriptor '/home/student/ros2_ws/install/turtlebot3_manipulation_gazebo/share/turtlebot3_manipulation_gazebo/package.dsv'
[2.084s] INFO:colcon.colcon_core.shell:Creating package script '/home/student/ros2_ws/install/turtlebot3_manipulation_gazebo/share/turtlebot3_manipulation_gazebo/package.sh'
[2.085s] INFO:colcon.colcon_core.shell:Creating package script '/home/student/ros2_ws/install/turtlebot3_manipulation_gazebo/share/turtlebot3_manipulation_gazebo/package.bash'
[2.085s] INFO:colcon.colcon_core.shell:Creating package script '/home/student/ros2_ws/install/turtlebot3_manipulation_gazebo/share/turtlebot3_manipulation_gazebo/package.zsh'
[2.086s] Level 1:colcon.colcon_core.environment:create_file_with_runtime_dependencies(/home/student/ros2_ws/install/turtlebot3_manipulation_gazebo/share/colcon-core/packages/turtlebot3_manipulation_gazebo)
[3.246s] DEBUG:colcon.colcon_core.event_handler.log_command:Invoked command in '/home/student/ros2_ws/build/turtlebot3_gazebo' returned '0': CMAKE_PREFIX_PATH=/home/student/ros2_ws/install/my_robot_controller:/opt/ros/humble /usr/bin/cmake /home/student/ros2_ws/src/turtlebot3_simulations/turtlebot3_gazebo -DAMENT_CMAKE_SYMLINK_INSTALL=1 -DCMAKE_INSTALL_PREFIX=/home/student/ros2_ws/install/turtlebot3_gazebo
[3.248s] DEBUG:colcon.colcon_core.event_handler.log_command:Invoking command in '/home/student/ros2_ws/build/turtlebot3_gazebo': CMAKE_PREFIX_PATH=/home/student/ros2_ws/install/my_robot_controller:/opt/ros/humble /usr/bin/cmake --build /home/student/ros2_ws/build/turtlebot3_gazebo -- -j16 -l16
[11.714s] DEBUG:colcon.colcon_core.event_handler.log_command:Invoked command in '/home/student/ros2_ws/build/turtlebot3_fake_node' returned '0': CMAKE_PREFIX_PATH=/home/student/ros2_ws/install/my_robot_controller:/opt/ros/humble /usr/bin/cmake --build /home/student/ros2_ws/build/turtlebot3_fake_node -- -j16 -l16
[11.716s] DEBUG:colcon.colcon_core.event_handler.log_command:Invoking command in '/home/student/ros2_ws/build/turtlebot3_fake_node': CMAKE_PREFIX_PATH=/home/student/ros2_ws/install/my_robot_controller:/opt/ros/humble /usr/bin/cmake --install /home/student/ros2_ws/build/turtlebot3_fake_node
[12.005s] Level 1:colcon.colcon_core.environment:create_environment_scripts_only(turtlebot3_fake_node)
[12.006s] Level 1:colcon.colcon_core.environment:checking '/home/student/ros2_ws/install/turtlebot3_fake_node' for CMake module files
[12.006s] DEBUG:colcon.colcon_core.event_handler.log_command:Invoked command in '/home/student/ros2_ws/build/turtlebot3_fake_node' returned '0': CMAKE_PREFIX_PATH=/home/student/ros2_ws/install/my_robot_controller:/opt/ros/humble /usr/bin/cmake --install /home/student/ros2_ws/build/turtlebot3_fake_node
[12.006s] Level 1:colcon.colcon_core.environment:checking '/home/student/ros2_ws/install/turtlebot3_fake_node' for CMake config files
[12.007s] Level 1:colcon.colcon_core.shell:create_environment_hook('turtlebot3_fake_node', 'cmake_prefix_path')
[12.007s] INFO:colcon.colcon_core.shell:Creating environment hook '/home/student/ros2_ws/install/turtlebot3_fake_node/share/turtlebot3_fake_node/hook/cmake_prefix_path.ps1'
[12.008s] INFO:colcon.colcon_core.shell:Creating environment descriptor '/home/student/ros2_ws/install/turtlebot3_fake_node/share/turtlebot3_fake_node/hook/cmake_prefix_path.dsv'
[12.008s] INFO:colcon.colcon_core.shell:Creating environment hook '/home/student/ros2_ws/install/turtlebot3_fake_node/share/turtlebot3_fake_node/hook/cmake_prefix_path.sh'
[12.009s] Level 1:colcon.colcon_core.environment:checking '/home/student/ros2_ws/install/turtlebot3_fake_node/lib'
[12.009s] Level 1:colcon.colcon_core.environment:checking '/home/student/ros2_ws/install/turtlebot3_fake_node/bin'
[12.009s] Level 1:colcon.colcon_core.environment:checking '/home/student/ros2_ws/install/turtlebot3_fake_node/lib/pkgconfig/turtlebot3_fake_node.pc'
[12.009s] Level 1:colcon.colcon_core.environment:checking '/home/student/ros2_ws/install/turtlebot3_fake_node/lib/python3.10/site-packages'
[12.010s] Level 1:colcon.colcon_core.environment:checking '/home/student/ros2_ws/install/turtlebot3_fake_node/bin'
[12.010s] INFO:colcon.colcon_core.shell:Creating package script '/home/student/ros2_ws/install/turtlebot3_fake_node/share/turtlebot3_fake_node/package.ps1'
[12.011s] INFO:colcon.colcon_core.shell:Creating package descriptor '/home/student/ros2_ws/install/turtlebot3_fake_node/share/turtlebot3_fake_node/package.dsv'
[12.011s] INFO:colcon.colcon_core.shell:Creating package script '/home/student/ros2_ws/install/turtlebot3_fake_node/share/turtlebot3_fake_node/package.sh'
[12.012s] INFO:colcon.colcon_core.shell:Creating package script '/home/student/ros2_ws/install/turtlebot3_fake_node/share/turtlebot3_fake_node/package.bash'
[12.012s] INFO:colcon.colcon_core.shell:Creating package script '/home/student/ros2_ws/install/turtlebot3_fake_node/share/turtlebot3_fake_node/package.zsh'
[12.012s] Level 1:colcon.colcon_core.environment:create_file_with_runtime_dependencies(/home/student/ros2_ws/install/turtlebot3_fake_node/share/colcon-core/packages/turtlebot3_fake_node)
[12.013s] Level 1:colcon.colcon_core.environment:create_environment_scripts_only(turtlebot3_fake_node)
[12.013s] Level 1:colcon.colcon_core.environment:checking '/home/student/ros2_ws/install/turtlebot3_fake_node' for CMake module files
[12.014s] Level 1:colcon.colcon_core.environment:checking '/home/student/ros2_ws/install/turtlebot3_fake_node' for CMake config files
[12.014s] Level 1:colcon.colcon_core.shell:create_environment_hook('turtlebot3_fake_node', 'cmake_prefix_path')
[12.015s] INFO:colcon.colcon_core.shell:Creating environment hook '/home/student/ros2_ws/install/turtlebot3_fake_node/share/turtlebot3_fake_node/hook/cmake_prefix_path.ps1'
[12.015s] INFO:colcon.colcon_core.shell:Creating environment descriptor '/home/student/ros2_ws/install/turtlebot3_fake_node/share/turtlebot3_fake_node/hook/cmake_prefix_path.dsv'
[12.016s] INFO:colcon.colcon_core.shell:Creating environment hook '/home/student/ros2_ws/install/turtlebot3_fake_node/share/turtlebot3_fake_node/hook/cmake_prefix_path.sh'
[12.016s] Level 1:colcon.colcon_core.environment:checking '/home/student/ros2_ws/install/turtlebot3_fake_node/lib'
[12.016s] Level 1:colcon.colcon_core.environment:checking '/home/student/ros2_ws/install/turtlebot3_fake_node/bin'
[12.016s] Level 1:colcon.colcon_core.environment:checking '/home/student/ros2_ws/install/turtlebot3_fake_node/lib/pkgconfig/turtlebot3_fake_node.pc'
[12.017s] Level 1:colcon.colcon_core.environment:checking '/home/student/ros2_ws/install/turtlebot3_fake_node/lib/python3.10/site-packages'
[12.017s] Level 1:colcon.colcon_core.environment:checking '/home/student/ros2_ws/install/turtlebot3_fake_node/bin'
[12.017s] INFO:colcon.colcon_core.shell:Creating package script '/home/student/ros2_ws/install/turtlebot3_fake_node/share/turtlebot3_fake_node/package.ps1'
[12.018s] INFO:colcon.colcon_core.shell:Creating package descriptor '/home/student/ros2_ws/install/turtlebot3_fake_node/share/turtlebot3_fake_node/package.dsv'
[12.019s] INFO:colcon.colcon_core.shell:Creating package script '/home/student/ros2_ws/install/turtlebot3_fake_node/share/turtlebot3_fake_node/package.sh'
[12.019s] INFO:colcon.colcon_core.shell:Creating package script '/home/student/ros2_ws/install/turtlebot3_fake_node/share/turtlebot3_fake_node/package.bash'
[12.019s] INFO:colcon.colcon_core.shell:Creating package script '/home/student/ros2_ws/install/turtlebot3_fake_node/share/turtlebot3_fake_node/package.zsh'
[12.020s] Level 1:colcon.colcon_core.environment:create_file_with_runtime_dependencies(/home/student/ros2_ws/install/turtlebot3_fake_node/share/colcon-core/packages/turtlebot3_fake_node)
[16.173s] DEBUG:colcon.colcon_core.event_handler.log_command:Invoked command in '/home/student/ros2_ws/build/turtlebot3_gazebo' returned '0': CMAKE_PREFIX_PATH=/home/student/ros2_ws/install/my_robot_controller:/opt/ros/humble /usr/bin/cmake --build /home/student/ros2_ws/build/turtlebot3_gazebo -- -j16 -l16
[16.174s] DEBUG:colcon.colcon_core.event_handler.log_command:Invoking command in '/home/student/ros2_ws/build/turtlebot3_gazebo': CMAKE_PREFIX_PATH=/home/student/ros2_ws/install/my_robot_controller:/opt/ros/humble /usr/bin/cmake --install /home/student/ros2_ws/build/turtlebot3_gazebo
[17.370s] Level 1:colcon.colcon_core.environment:create_environment_scripts_only(turtlebot3_gazebo)
[17.371s] Level 1:colcon.colcon_core.environment:checking '/home/student/ros2_ws/install/turtlebot3_gazebo' for CMake module files
[17.371s] DEBUG:colcon.colcon_core.event_handler.log_command:Invoked command in '/home/student/ros2_ws/build/turtlebot3_gazebo' returned '0': CMAKE_PREFIX_PATH=/home/student/ros2_ws/install/my_robot_controller:/opt/ros/humble /usr/bin/cmake --install /home/student/ros2_ws/build/turtlebot3_gazebo
[17.372s] Level 1:colcon.colcon_core.environment:checking '/home/student/ros2_ws/install/turtlebot3_gazebo' for CMake config files
[17.372s] Level 1:colcon.colcon_core.shell:create_environment_hook('turtlebot3_gazebo', 'cmake_prefix_path')
[17.372s] INFO:colcon.colcon_core.shell:Creating environment hook '/home/student/ros2_ws/install/turtlebot3_gazebo/share/turtlebot3_gazebo/hook/cmake_prefix_path.ps1'
[17.373s] INFO:colcon.colcon_core.shell:Creating environment descriptor '/home/student/ros2_ws/install/turtlebot3_gazebo/share/turtlebot3_gazebo/hook/cmake_prefix_path.dsv'
[17.373s] INFO:colcon.colcon_core.shell:Creating environment hook '/home/student/ros2_ws/install/turtlebot3_gazebo/share/turtlebot3_gazebo/hook/cmake_prefix_path.sh'
[17.374s] Level 1:colcon.colcon_core.environment:checking '/home/student/ros2_ws/install/turtlebot3_gazebo/lib'
[17.374s] Level 1:colcon.colcon_core.environment:checking '/home/student/ros2_ws/install/turtlebot3_gazebo/bin'
[17.374s] Level 1:colcon.colcon_core.environment:checking '/home/student/ros2_ws/install/turtlebot3_gazebo/lib/pkgconfig/turtlebot3_gazebo.pc'
[17.374s] Level 1:colcon.colcon_core.environment:checking '/home/student/ros2_ws/install/turtlebot3_gazebo/lib/python3.10/site-packages'
[17.374s] Level 1:colcon.colcon_core.environment:checking '/home/student/ros2_ws/install/turtlebot3_gazebo/bin'
[17.375s] INFO:colcon.colcon_core.shell:Creating package script '/home/student/ros2_ws/install/turtlebot3_gazebo/share/turtlebot3_gazebo/package.ps1'
[17.375s] INFO:colcon.colcon_core.shell:Creating package descriptor '/home/student/ros2_ws/install/turtlebot3_gazebo/share/turtlebot3_gazebo/package.dsv'
[17.375s] INFO:colcon.colcon_core.shell:Creating package script '/home/student/ros2_ws/install/turtlebot3_gazebo/share/turtlebot3_gazebo/package.sh'
[17.376s] INFO:colcon.colcon_core.shell:Creating package script '/home/student/ros2_ws/install/turtlebot3_gazebo/share/turtlebot3_gazebo/package.bash'
[17.376s] INFO:colcon.colcon_core.shell:Creating package script '/home/student/ros2_ws/install/turtlebot3_gazebo/share/turtlebot3_gazebo/package.zsh'
[17.376s] Level 1:colcon.colcon_core.environment:create_file_with_runtime_dependencies(/home/student/ros2_ws/install/turtlebot3_gazebo/share/colcon-core/packages/turtlebot3_gazebo)
[17.377s] Level 1:colcon.colcon_core.environment:create_environment_scripts_only(turtlebot3_gazebo)
[17.377s] Level 1:colcon.colcon_core.environment:checking '/home/student/ros2_ws/install/turtlebot3_gazebo' for CMake module files
[17.378s] Level 1:colcon.colcon_core.environment:checking '/home/student/ros2_ws/install/turtlebot3_gazebo' for CMake config files
[17.378s] Level 1:colcon.colcon_core.shell:create_environment_hook('turtlebot3_gazebo', 'cmake_prefix_path')
[17.378s] INFO:colcon.colcon_core.shell:Creating environment hook '/home/student/ros2_ws/install/turtlebot3_gazebo/share/turtlebot3_gazebo/hook/cmake_prefix_path.ps1'
[17.379s] INFO:colcon.colcon_core.shell:Creating environment descriptor '/home/student/ros2_ws/install/turtlebot3_gazebo/share/turtlebot3_gazebo/hook/cmake_prefix_path.dsv'
[17.379s] INFO:colcon.colcon_core.shell:Creating environment hook '/home/student/ros2_ws/install/turtlebot3_gazebo/share/turtlebot3_gazebo/hook/cmake_prefix_path.sh'
[17.379s] Level 1:colcon.colcon_core.environment:checking '/home/student/ros2_ws/install/turtlebot3_gazebo/lib'
[17.379s] Level 1:colcon.colcon_core.environment:checking '/home/student/ros2_ws/install/turtlebot3_gazebo/bin'
[17.380s] Level 1:colcon.colcon_core.environment:checking '/home/student/ros2_ws/install/turtlebot3_gazebo/lib/pkgconfig/turtlebot3_gazebo.pc'
[17.380s] Level 1:colcon.colcon_core.environment:checking '/home/student/ros2_ws/install/turtlebot3_gazebo/lib/python3.10/site-packages'
[17.380s] Level 1:colcon.colcon_core.environment:checking '/home/student/ros2_ws/install/turtlebot3_gazebo/bin'
[17.380s] INFO:colcon.colcon_core.shell:Creating package script '/home/student/ros2_ws/install/turtlebot3_gazebo/share/turtlebot3_gazebo/package.ps1'
[17.381s] INFO:colcon.colcon_core.shell:Creating package descriptor '/home/student/ros2_ws/install/turtlebot3_gazebo/share/turtlebot3_gazebo/package.dsv'
[17.381s] INFO:colcon.colcon_core.shell:Creating package script '/home/student/ros2_ws/install/turtlebot3_gazebo/share/turtlebot3_gazebo/package.sh'
[17.381s] INFO:colcon.colcon_core.shell:Creating package script '/home/student/ros2_ws/install/turtlebot3_gazebo/share/turtlebot3_gazebo/package.bash'
[17.382s] INFO:colcon.colcon_core.shell:Creating package script '/home/student/ros2_ws/install/turtlebot3_gazebo/share/turtlebot3_gazebo/package.zsh'
[17.382s] Level 1:colcon.colcon_core.environment:create_file_with_runtime_dependencies(/home/student/ros2_ws/install/turtlebot3_gazebo/share/colcon-core/packages/turtlebot3_gazebo)
[17.382s] INFO:colcon.colcon_ros.task.ament_cmake.build:Building ROS package in '/home/student/ros2_ws/src/turtlebot3_simulations/turtlebot3_simulations' with build type 'ament_cmake'
[17.383s] INFO:colcon.colcon_cmake.task.cmake.build:Building CMake package in '/home/student/ros2_ws/src/turtlebot3_simulations/turtlebot3_simulations'
[17.383s] INFO:colcon.colcon_core.shell:Skip shell extension 'powershell' for command environment: Not usable outside of PowerShell
[17.383s] DEBUG:colcon.colcon_core.shell:Skip shell extension 'dsv' for command environment
[17.393s] DEBUG:colcon.colcon_core.event_handler.log_command:Invoking command in '/home/student/ros2_ws/build/turtlebot3_simulations': AMENT_PREFIX_PATH=/home/student/ros2_ws/install/turtlebot3_manipulation_gazebo:/home/student/ros2_ws/install/turtlebot3_gazebo:/home/student/ros2_ws/install/turtlebot3_fake_node:${AMENT_PREFIX_PATH} CMAKE_PREFIX_PATH=/home/student/ros2_ws/install/turtlebot3_manipulation_gazebo:/home/student/ros2_ws/install/turtlebot3_gazebo:/home/student/ros2_ws/install/turtlebot3_fake_node:/home/student/ros2_ws/install/my_robot_controller:/opt/ros/humble /usr/bin/cmake /home/student/ros2_ws/src/turtlebot3_simulations/turtlebot3_simulations -DAMENT_CMAKE_SYMLINK_INSTALL=1 -DCMAKE_INSTALL_PREFIX=/home/student/ros2_ws/install/turtlebot3_simulations
[17.916s] DEBUG:colcon.colcon_core.event_handler.log_command:Invoked command in '/home/student/ros2_ws/build/turtlebot3_simulations' returned '0': AMENT_PREFIX_PATH=/home/student/ros2_ws/install/turtlebot3_manipulation_gazebo:/home/student/ros2_ws/install/turtlebot3_gazebo:/home/student/ros2_ws/install/turtlebot3_fake_node:${AMENT_PREFIX_PATH} CMAKE_PREFIX_PATH=/home/student/ros2_ws/install/turtlebot3_manipulation_gazebo:/home/student/ros2_ws/install/turtlebot3_gazebo:/home/student/ros2_ws/install/turtlebot3_fake_node:/home/student/ros2_ws/install/my_robot_controller:/opt/ros/humble /usr/bin/cmake /home/student/ros2_ws/src/turtlebot3_simulations/turtlebot3_simulations -DAMENT_CMAKE_SYMLINK_INSTALL=1 -DCMAKE_INSTALL_PREFIX=/home/student/ros2_ws/install/turtlebot3_simulations
[17.917s] DEBUG:colcon.colcon_core.event_handler.log_command:Invoking command in '/home/student/ros2_ws/build/turtlebot3_simulations': AMENT_PREFIX_PATH=/home/student/ros2_ws/install/turtlebot3_manipulation_gazebo:/home/student/ros2_ws/install/turtlebot3_gazebo:/home/student/ros2_ws/install/turtlebot3_fake_node:${AMENT_PREFIX_PATH} CMAKE_PREFIX_PATH=/home/student/ros2_ws/install/turtlebot3_manipulation_gazebo:/home/student/ros2_ws/install/turtlebot3_gazebo:/home/student/ros2_ws/install/turtlebot3_fake_node:/home/student/ros2_ws/install/my_robot_controller:/opt/ros/humble /usr/bin/cmake --build /home/student/ros2_ws/build/turtlebot3_simulations -- -j16 -l16
[17.952s] DEBUG:colcon.colcon_core.event_handler.log_command:Invoked command in '/home/student/ros2_ws/build/turtlebot3_simulations' returned '0': AMENT_PREFIX_PATH=/home/student/ros2_ws/install/turtlebot3_manipulation_gazebo:/home/student/ros2_ws/install/turtlebot3_gazebo:/home/student/ros2_ws/install/turtlebot3_fake_node:${AMENT_PREFIX_PATH} CMAKE_PREFIX_PATH=/home/student/ros2_ws/install/turtlebot3_manipulation_gazebo:/home/student/ros2_ws/install/turtlebot3_gazebo:/home/student/ros2_ws/install/turtlebot3_fake_node:/home/student/ros2_ws/install/my_robot_controller:/opt/ros/humble /usr/bin/cmake --build /home/student/ros2_ws/build/turtlebot3_simulations -- -j16 -l16
[17.953s] DEBUG:colcon.colcon_core.event_handler.log_command:Invoking command in '/home/student/ros2_ws/build/turtlebot3_simulations': AMENT_PREFIX_PATH=/home/student/ros2_ws/install/turtlebot3_manipulation_gazebo:/home/student/ros2_ws/install/turtlebot3_gazebo:/home/student/ros2_ws/install/turtlebot3_fake_node:${AMENT_PREFIX_PATH} CMAKE_PREFIX_PATH=/home/student/ros2_ws/install/turtlebot3_manipulation_gazebo:/home/student/ros2_ws/install/turtlebot3_gazebo:/home/student/ros2_ws/install/turtlebot3_fake_node:/home/student/ros2_ws/install/my_robot_controller:/opt/ros/humble /usr/bin/cmake --install /home/student/ros2_ws/build/turtlebot3_simulations
[18.074s] Level 1:colcon.colcon_core.environment:create_environment_scripts_only(turtlebot3_simulations)
[18.075s] Level 1:colcon.colcon_core.environment:checking '/home/student/ros2_ws/install/turtlebot3_simulations' for CMake module files
[18.075s] DEBUG:colcon.colcon_core.event_handler.log_command:Invoked command in '/home/student/ros2_ws/build/turtlebot3_simulations' returned '0': AMENT_PREFIX_PATH=/home/student/ros2_ws/install/turtlebot3_manipulation_gazebo:/home/student/ros2_ws/install/turtlebot3_gazebo:/home/student/ros2_ws/install/turtlebot3_fake_node:${AMENT_PREFIX_PATH} CMAKE_PREFIX_PATH=/home/student/ros2_ws/install/turtlebot3_manipulation_gazebo:/home/student/ros2_ws/install/turtlebot3_gazebo:/home/student/ros2_ws/install/turtlebot3_fake_node:/home/student/ros2_ws/install/my_robot_controller:/opt/ros/humble /usr/bin/cmake --install /home/student/ros2_ws/build/turtlebot3_simulations
[18.075s] Level 1:colcon.colcon_core.environment:checking '/home/student/ros2_ws/install/turtlebot3_simulations' for CMake config files
[18.076s] Level 1:colcon.colcon_core.shell:create_environment_hook('turtlebot3_simulations', 'cmake_prefix_path')
[18.076s] INFO:colcon.colcon_core.shell:Creating environment hook '/home/student/ros2_ws/install/turtlebot3_simulations/share/turtlebot3_simulations/hook/cmake_prefix_path.ps1'
[18.076s] INFO:colcon.colcon_core.shell:Creating environment descriptor '/home/student/ros2_ws/install/turtlebot3_simulations/share/turtlebot3_simulations/hook/cmake_prefix_path.dsv'
[18.077s] INFO:colcon.colcon_core.shell:Creating environment hook '/home/student/ros2_ws/install/turtlebot3_simulations/share/turtlebot3_simulations/hook/cmake_prefix_path.sh'
[18.077s] Level 1:colcon.colcon_core.environment:checking '/home/student/ros2_ws/install/turtlebot3_simulations/bin'
[18.077s] Level 1:colcon.colcon_core.environment:checking '/home/student/ros2_ws/install/turtlebot3_simulations/lib/pkgconfig/turtlebot3_simulations.pc'
[18.077s] Level 1:colcon.colcon_core.environment:checking '/home/student/ros2_ws/install/turtlebot3_simulations/lib/python3.10/site-packages'
[18.078s] Level 1:colcon.colcon_core.environment:checking '/home/student/ros2_ws/install/turtlebot3_simulations/bin'
[18.078s] INFO:colcon.colcon_core.shell:Creating package script '/home/student/ros2_ws/install/turtlebot3_simulations/share/turtlebot3_simulations/package.ps1'
[18.078s] INFO:colcon.colcon_core.shell:Creating package descriptor '/home/student/ros2_ws/install/turtlebot3_simulations/share/turtlebot3_simulations/package.dsv'
[18.079s] INFO:colcon.colcon_core.shell:Creating package script '/home/student/ros2_ws/install/turtlebot3_simulations/share/turtlebot3_simulations/package.sh'
[18.080s] INFO:colcon.colcon_core.shell:Creating package script '/home/student/ros2_ws/install/turtlebot3_simulations/share/turtlebot3_simulations/package.bash'
[18.080s] INFO:colcon.colcon_core.shell:Creating package script '/home/student/ros2_ws/install/turtlebot3_simulations/share/turtlebot3_simulations/package.zsh'
[18.080s] Level 1:colcon.colcon_core.environment:create_file_with_runtime_dependencies(/home/student/ros2_ws/install/turtlebot3_simulations/share/colcon-core/packages/turtlebot3_simulations)
[18.081s] Level 1:colcon.colcon_core.environment:create_environment_scripts_only(turtlebot3_simulations)
[18.081s] Level 1:colcon.colcon_core.environment:checking '/home/student/ros2_ws/install/turtlebot3_simulations' for CMake module files
[18.081s] Level 1:colcon.colcon_core.environment:checking '/home/student/ros2_ws/install/turtlebot3_simulations' for CMake config files
[18.082s] Level 1:colcon.colcon_core.shell:create_environment_hook('turtlebot3_simulations', 'cmake_prefix_path')
[18.082s] INFO:colcon.colcon_core.shell:Creating environment hook '/home/student/ros2_ws/install/turtlebot3_simulations/share/turtlebot3_simulations/hook/cmake_prefix_path.ps1'
[18.082s] INFO:colcon.colcon_core.shell:Creating environment descriptor '/home/student/ros2_ws/install/turtlebot3_simulations/share/turtlebot3_simulations/hook/cmake_prefix_path.dsv'
[18.082s] INFO:colcon.colcon_core.shell:Creating environment hook '/home/student/ros2_ws/install/turtlebot3_simulations/share/turtlebot3_simulations/hook/cmake_prefix_path.sh'
[18.083s] Level 1:colcon.colcon_core.environment:checking '/home/student/ros2_ws/install/turtlebot3_simulations/bin'
[18.083s] Level 1:colcon.colcon_core.environment:checking '/home/student/ros2_ws/install/turtlebot3_simulations/lib/pkgconfig/turtlebot3_simulations.pc'
[18.083s] Level 1:colcon.colcon_core.environment:checking '/home/student/ros2_ws/install/turtlebot3_simulations/lib/python3.10/site-packages'
[18.083s] Level 1:colcon.colcon_core.environment:checking '/home/student/ros2_ws/install/turtlebot3_simulations/bin'
[18.084s] INFO:colcon.colcon_core.shell:Creating package script '/home/student/ros2_ws/install/turtlebot3_simulations/share/turtlebot3_simulations/package.ps1'
[18.084s] INFO:colcon.colcon_core.shell:Creating package descriptor '/home/student/ros2_ws/install/turtlebot3_simulations/share/turtlebot3_simulations/package.dsv'
[18.085s] INFO:colcon.colcon_core.shell:Creating package script '/home/student/ros2_ws/install/turtlebot3_simulations/share/turtlebot3_simulations/package.sh'
[18.085s] INFO:colcon.colcon_core.shell:Creating package script '/home/student/ros2_ws/install/turtlebot3_simulations/share/turtlebot3_simulations/package.bash'
[18.086s] INFO:colcon.colcon_core.shell:Creating package script '/home/student/ros2_ws/install/turtlebot3_simulations/share/turtlebot3_simulations/package.zsh'
[18.086s] Level 1:colcon.colcon_core.environment:create_file_with_runtime_dependencies(/home/student/ros2_ws/install/turtlebot3_simulations/share/colcon-core/packages/turtlebot3_simulations)
[19.332s] DEBUG:colcon.colcon_core.event_handler.log_command:Invoked command in '/home/student/ros2_ws/build/turtlebot3_node' returned '0': CMAKE_PREFIX_PATH=/home/student/ros2_ws/install/my_robot_controller:/opt/ros/humble /usr/bin/cmake --build /home/student/ros2_ws/build/turtlebot3_node -- -j16 -l16
[19.333s] DEBUG:colcon.colcon_core.event_handler.log_command:Invoking command in '/home/student/ros2_ws/build/turtlebot3_node': CMAKE_PREFIX_PATH=/home/student/ros2_ws/install/my_robot_controller:/opt/ros/humble /usr/bin/cmake --install /home/student/ros2_ws/build/turtlebot3_node
[19.502s] Level 1:colcon.colcon_core.environment:create_environment_scripts_only(turtlebot3_node)
[19.502s] Level 1:colcon.colcon_core.environment:checking '/home/student/ros2_ws/install/turtlebot3_node' for CMake module files
[19.503s] DEBUG:colcon.colcon_core.event_handler.log_command:Invoked command in '/home/student/ros2_ws/build/turtlebot3_node' returned '0': CMAKE_PREFIX_PATH=/home/student/ros2_ws/install/my_robot_controller:/opt/ros/humble /usr/bin/cmake --install /home/student/ros2_ws/build/turtlebot3_node
[19.503s] Level 1:colcon.colcon_core.environment:checking '/home/student/ros2_ws/install/turtlebot3_node' for CMake config files
[19.504s] Level 1:colcon.colcon_core.shell:create_environment_hook('turtlebot3_node', 'cmake_prefix_path')
[19.504s] INFO:colcon.colcon_core.shell:Creating environment hook '/home/student/ros2_ws/install/turtlebot3_node/share/turtlebot3_node/hook/cmake_prefix_path.ps1'
[19.504s] INFO:colcon.colcon_core.shell:Creating environment descriptor '/home/student/ros2_ws/install/turtlebot3_node/share/turtlebot3_node/hook/cmake_prefix_path.dsv'
[19.505s] INFO:colcon.colcon_core.shell:Creating environment hook '/home/student/ros2_ws/install/turtlebot3_node/share/turtlebot3_node/hook/cmake_prefix_path.sh'
[19.505s] Level 1:colcon.colcon_core.environment:checking '/home/student/ros2_ws/install/turtlebot3_node/lib'
[19.505s] Level 1:colcon.colcon_core.environment:checking '/home/student/ros2_ws/install/turtlebot3_node/bin'
[19.505s] Level 1:colcon.colcon_core.environment:checking '/home/student/ros2_ws/install/turtlebot3_node/lib/pkgconfig/turtlebot3_node.pc'
[19.505s] Level 1:colcon.colcon_core.environment:checking '/home/student/ros2_ws/install/turtlebot3_node/lib/python3.10/site-packages'
[19.506s] Level 1:colcon.colcon_core.environment:checking '/home/student/ros2_ws/install/turtlebot3_node/bin'
[19.506s] INFO:colcon.colcon_core.shell:Creating package script '/home/student/ros2_ws/install/turtlebot3_node/share/turtlebot3_node/package.ps1'
[19.507s] INFO:colcon.colcon_core.shell:Creating package descriptor '/home/student/ros2_ws/install/turtlebot3_node/share/turtlebot3_node/package.dsv'
[19.507s] INFO:colcon.colcon_core.shell:Creating package script '/home/student/ros2_ws/install/turtlebot3_node/share/turtlebot3_node/package.sh'
[19.507s] INFO:colcon.colcon_core.shell:Creating package script '/home/student/ros2_ws/install/turtlebot3_node/share/turtlebot3_node/package.bash'
[19.508s] INFO:colcon.colcon_core.shell:Creating package script '/home/student/ros2_ws/install/turtlebot3_node/share/turtlebot3_node/package.zsh'
[19.508s] Level 1:colcon.colcon_core.environment:create_file_with_runtime_dependencies(/home/student/ros2_ws/install/turtlebot3_node/share/colcon-core/packages/turtlebot3_node)
[19.509s] Level 1:colcon.colcon_core.environment:create_environment_scripts_only(turtlebot3_node)
[19.509s] Level 1:colcon.colcon_core.environment:checking '/home/student/ros2_ws/install/turtlebot3_node' for CMake module files
[19.509s] Level 1:colcon.colcon_core.environment:checking '/home/student/ros2_ws/install/turtlebot3_node' for CMake config files
[19.510s] Level 1:colcon.colcon_core.shell:create_environment_hook('turtlebot3_node', 'cmake_prefix_path')
[19.510s] INFO:colcon.colcon_core.shell:Creating environment hook '/home/student/ros2_ws/install/turtlebot3_node/share/turtlebot3_node/hook/cmake_prefix_path.ps1'
[19.510s] INFO:colcon.colcon_core.shell:Creating environment descriptor '/home/student/ros2_ws/install/turtlebot3_node/share/turtlebot3_node/hook/cmake_prefix_path.dsv'
[19.511s] INFO:colcon.colcon_core.shell:Creating environment hook '/home/student/ros2_ws/install/turtlebot3_node/share/turtlebot3_node/hook/cmake_prefix_path.sh'
[19.511s] Level 1:colcon.colcon_core.environment:checking '/home/student/ros2_ws/install/turtlebot3_node/lib'
[19.511s] Level 1:colcon.colcon_core.environment:checking '/home/student/ros2_ws/install/turtlebot3_node/bin'
[19.511s] Level 1:colcon.colcon_core.environment:checking '/home/student/ros2_ws/install/turtlebot3_node/lib/pkgconfig/turtlebot3_node.pc'
[19.512s] Level 1:colcon.colcon_core.environment:checking '/home/student/ros2_ws/install/turtlebot3_node/lib/python3.10/site-packages'
[19.512s] Level 1:colcon.colcon_core.environment:checking '/home/student/ros2_ws/install/turtlebot3_node/bin'
[19.512s] INFO:colcon.colcon_core.shell:Creating package script '/home/student/ros2_ws/install/turtlebot3_node/share/turtlebot3_node/package.ps1'
[19.513s] INFO:colcon.colcon_core.shell:Creating package descriptor '/home/student/ros2_ws/install/turtlebot3_node/share/turtlebot3_node/package.dsv'
[19.513s] INFO:colcon.colcon_core.shell:Creating package script '/home/student/ros2_ws/install/turtlebot3_node/share/turtlebot3_node/package.sh'
[19.514s] INFO:colcon.colcon_core.shell:Creating package script '/home/student/ros2_ws/install/turtlebot3_node/share/turtlebot3_node/package.bash'
[19.514s] INFO:colcon.colcon_core.shell:Creating package script '/home/student/ros2_ws/install/turtlebot3_node/share/turtlebot3_node/package.zsh'
[19.514s] Level 1:colcon.colcon_core.environment:create_file_with_runtime_dependencies(/home/student/ros2_ws/install/turtlebot3_node/share/colcon-core/packages/turtlebot3_node)
[19.515s] INFO:colcon.colcon_ros.task.ament_cmake.build:Building ROS package in '/home/student/ros2_ws/src/turtlebot3/turtlebot3_bringup' with build type 'ament_cmake'
[19.515s] INFO:colcon.colcon_cmake.task.cmake.build:Building CMake package in '/home/student/ros2_ws/src/turtlebot3/turtlebot3_bringup'
[19.515s] INFO:colcon.colcon_core.shell:Skip shell extension 'powershell' for command environment: Not usable outside of PowerShell
[19.515s] DEBUG:colcon.colcon_core.shell:Skip shell extension 'dsv' for command environment
[19.525s] DEBUG:colcon.colcon_core.event_handler.log_command:Invoking command in '/home/student/ros2_ws/build/turtlebot3_bringup': AMENT_PREFIX_PATH=/home/student/ros2_ws/install/turtlebot3_node:/home/student/ros2_ws/install/turtlebot3_description:${AMENT_PREFIX_PATH} CMAKE_PREFIX_PATH=/home/student/ros2_ws/install/turtlebot3_node:/home/student/ros2_ws/install/turtlebot3_description:/home/student/ros2_ws/install/my_robot_controller:/opt/ros/humble /usr/bin/cmake /home/student/ros2_ws/src/turtlebot3/turtlebot3_bringup -DAMENT_CMAKE_SYMLINK_INSTALL=1 -DCMAKE_INSTALL_PREFIX=/home/student/ros2_ws/install/turtlebot3_bringup
[20.059s] DEBUG:colcon.colcon_core.event_handler.log_command:Invoked command in '/home/student/ros2_ws/build/turtlebot3_bringup' returned '0': AMENT_PREFIX_PATH=/home/student/ros2_ws/install/turtlebot3_node:/home/student/ros2_ws/install/turtlebot3_description:${AMENT_PREFIX_PATH} CMAKE_PREFIX_PATH=/home/student/ros2_ws/install/turtlebot3_node:/home/student/ros2_ws/install/turtlebot3_description:/home/student/ros2_ws/install/my_robot_controller:/opt/ros/humble /usr/bin/cmake /home/student/ros2_ws/src/turtlebot3/turtlebot3_bringup -DAMENT_CMAKE_SYMLINK_INSTALL=1 -DCMAKE_INSTALL_PREFIX=/home/student/ros2_ws/install/turtlebot3_bringup
[20.060s] DEBUG:colcon.colcon_core.event_handler.log_command:Invoking command in '/home/student/ros2_ws/build/turtlebot3_bringup': AMENT_PREFIX_PATH=/home/student/ros2_ws/install/turtlebot3_node:/home/student/ros2_ws/install/turtlebot3_description:${AMENT_PREFIX_PATH} CMAKE_PREFIX_PATH=/home/student/ros2_ws/install/turtlebot3_node:/home/student/ros2_ws/install/turtlebot3_description:/home/student/ros2_ws/install/my_robot_controller:/opt/ros/humble /usr/bin/cmake --build /home/student/ros2_ws/build/turtlebot3_bringup -- -j16 -l16
[20.097s] DEBUG:colcon.colcon_core.event_handler.log_command:Invoked command in '/home/student/ros2_ws/build/turtlebot3_bringup' returned '0': AMENT_PREFIX_PATH=/home/student/ros2_ws/install/turtlebot3_node:/home/student/ros2_ws/install/turtlebot3_description:${AMENT_PREFIX_PATH} CMAKE_PREFIX_PATH=/home/student/ros2_ws/install/turtlebot3_node:/home/student/ros2_ws/install/turtlebot3_description:/home/student/ros2_ws/install/my_robot_controller:/opt/ros/humble /usr/bin/cmake --build /home/student/ros2_ws/build/turtlebot3_bringup -- -j16 -l16
[20.097s] DEBUG:colcon.colcon_core.event_handler.log_command:Invoking command in '/home/student/ros2_ws/build/turtlebot3_bringup': AMENT_PREFIX_PATH=/home/student/ros2_ws/install/turtlebot3_node:/home/student/ros2_ws/install/turtlebot3_description:${AMENT_PREFIX_PATH} CMAKE_PREFIX_PATH=/home/student/ros2_ws/install/turtlebot3_node:/home/student/ros2_ws/install/turtlebot3_description:/home/student/ros2_ws/install/my_robot_controller:/opt/ros/humble /usr/bin/cmake --install /home/student/ros2_ws/build/turtlebot3_bringup
[20.317s] Level 1:colcon.colcon_core.environment:create_environment_scripts_only(turtlebot3_bringup)
[20.317s] Level 1:colcon.colcon_core.environment:checking '/home/student/ros2_ws/install/turtlebot3_bringup' for CMake module files
[20.317s] DEBUG:colcon.colcon_core.event_handler.log_command:Invoked command in '/home/student/ros2_ws/build/turtlebot3_bringup' returned '0': AMENT_PREFIX_PATH=/home/student/ros2_ws/install/turtlebot3_node:/home/student/ros2_ws/install/turtlebot3_description:${AMENT_PREFIX_PATH} CMAKE_PREFIX_PATH=/home/student/ros2_ws/install/turtlebot3_node:/home/student/ros2_ws/install/turtlebot3_description:/home/student/ros2_ws/install/my_robot_controller:/opt/ros/humble /usr/bin/cmake --install /home/student/ros2_ws/build/turtlebot3_bringup
[20.318s] Level 1:colcon.colcon_core.environment:checking '/home/student/ros2_ws/install/turtlebot3_bringup' for CMake config files
[20.318s] Level 1:colcon.colcon_core.shell:create_environment_hook('turtlebot3_bringup', 'cmake_prefix_path')
[20.318s] INFO:colcon.colcon_core.shell:Creating environment hook '/home/student/ros2_ws/install/turtlebot3_bringup/share/turtlebot3_bringup/hook/cmake_prefix_path.ps1'
[20.319s] INFO:colcon.colcon_core.shell:Creating environment descriptor '/home/student/ros2_ws/install/turtlebot3_bringup/share/turtlebot3_bringup/hook/cmake_prefix_path.dsv'
[20.319s] INFO:colcon.colcon_core.shell:Creating environment hook '/home/student/ros2_ws/install/turtlebot3_bringup/share/turtlebot3_bringup/hook/cmake_prefix_path.sh'
[20.319s] Level 1:colcon.colcon_core.environment:checking '/home/student/ros2_ws/install/turtlebot3_bringup/bin'
[20.319s] Level 1:colcon.colcon_core.environment:checking '/home/student/ros2_ws/install/turtlebot3_bringup/lib/pkgconfig/turtlebot3_bringup.pc'
[20.320s] Level 1:colcon.colcon_core.environment:checking '/home/student/ros2_ws/install/turtlebot3_bringup/lib/python3.10/site-packages'
[20.320s] Level 1:colcon.colcon_core.environment:checking '/home/student/ros2_ws/install/turtlebot3_bringup/bin'
[20.320s] INFO:colcon.colcon_core.shell:Creating package script '/home/student/ros2_ws/install/turtlebot3_bringup/share/turtlebot3_bringup/package.ps1'
[20.321s] INFO:colcon.colcon_core.shell:Creating package descriptor '/home/student/ros2_ws/install/turtlebot3_bringup/share/turtlebot3_bringup/package.dsv'
[20.321s] INFO:colcon.colcon_core.shell:Creating package script '/home/student/ros2_ws/install/turtlebot3_bringup/share/turtlebot3_bringup/package.sh'
[20.321s] INFO:colcon.colcon_core.shell:Creating package script '/home/student/ros2_ws/install/turtlebot3_bringup/share/turtlebot3_bringup/package.bash'
[20.322s] INFO:colcon.colcon_core.shell:Creating package script '/home/student/ros2_ws/install/turtlebot3_bringup/share/turtlebot3_bringup/package.zsh'
[20.322s] Level 1:colcon.colcon_core.environment:create_file_with_runtime_dependencies(/home/student/ros2_ws/install/turtlebot3_bringup/share/colcon-core/packages/turtlebot3_bringup)
[20.323s] Level 1:colcon.colcon_core.environment:create_environment_scripts_only(turtlebot3_bringup)
[20.323s] Level 1:colcon.colcon_core.environment:checking '/home/student/ros2_ws/install/turtlebot3_bringup' for CMake module files
[20.323s] Level 1:colcon.colcon_core.environment:checking '/home/student/ros2_ws/install/turtlebot3_bringup' for CMake config files
[20.324s] Level 1:colcon.colcon_core.shell:create_environment_hook('turtlebot3_bringup', 'cmake_prefix_path')
[20.324s] INFO:colcon.colcon_core.shell:Creating environment hook '/home/student/ros2_ws/install/turtlebot3_bringup/share/turtlebot3_bringup/hook/cmake_prefix_path.ps1'
[20.324s] INFO:colcon.colcon_core.shell:Creating environment descriptor '/home/student/ros2_ws/install/turtlebot3_bringup/share/turtlebot3_bringup/hook/cmake_prefix_path.dsv'
[20.325s] INFO:colcon.colcon_core.shell:Creating environment hook '/home/student/ros2_ws/install/turtlebot3_bringup/share/turtlebot3_bringup/hook/cmake_prefix_path.sh'
[20.325s] Level 1:colcon.colcon_core.environment:checking '/home/student/ros2_ws/install/turtlebot3_bringup/bin'
[20.325s] Level 1:colcon.colcon_core.environment:checking '/home/student/ros2_ws/install/turtlebot3_bringup/lib/pkgconfig/turtlebot3_bringup.pc'
[20.325s] Level 1:colcon.colcon_core.environment:checking '/home/student/ros2_ws/install/turtlebot3_bringup/lib/python3.10/site-packages'
[20.326s] Level 1:colcon.colcon_core.environment:checking '/home/student/ros2_ws/install/turtlebot3_bringup/bin'
[20.326s] INFO:colcon.colcon_core.shell:Creating package script '/home/student/ros2_ws/install/turtlebot3_bringup/share/turtlebot3_bringup/package.ps1'
[20.327s] INFO:colcon.colcon_core.shell:Creating package descriptor '/home/student/ros2_ws/install/turtlebot3_bringup/share/turtlebot3_bringup/package.dsv'
[20.327s] INFO:colcon.colcon_core.shell:Creating package script '/home/student/ros2_ws/install/turtlebot3_bringup/share/turtlebot3_bringup/package.sh'
[20.327s] INFO:colcon.colcon_core.shell:Creating package script '/home/student/ros2_ws/install/turtlebot3_bringup/share/turtlebot3_bringup/package.bash'
[20.328s] INFO:colcon.colcon_core.shell:Creating package script '/home/student/ros2_ws/install/turtlebot3_bringup/share/turtlebot3_bringup/package.zsh'
[20.328s] Level 1:colcon.colcon_core.environment:create_file_with_runtime_dependencies(/home/student/ros2_ws/install/turtlebot3_bringup/share/colcon-core/packages/turtlebot3_bringup)
[20.328s] INFO:colcon.colcon_ros.task.ament_cmake.build:Building ROS package in '/home/student/ros2_ws/src/turtlebot3/turtlebot3' with build type 'ament_cmake'
[20.329s] INFO:colcon.colcon_cmake.task.cmake.build:Building CMake package in '/home/student/ros2_ws/src/turtlebot3/turtlebot3'
[20.329s] INFO:colcon.colcon_core.shell:Skip shell extension 'powershell' for command environment: Not usable outside of PowerShell
[20.329s] DEBUG:colcon.colcon_core.shell:Skip shell extension 'dsv' for command environment
[20.342s] DEBUG:colcon.colcon_core.event_handler.log_command:Invoking command in '/home/student/ros2_ws/build/turtlebot3': AMENT_PREFIX_PATH=/home/student/ros2_ws/install/turtlebot3_bringup:/home/student/ros2_ws/install/turtlebot3_teleop:/home/student/ros2_ws/install/turtlebot3_node:/home/student/ros2_ws/install/turtlebot3_navigation2:/home/student/ros2_ws/install/turtlebot3_example:/home/student/ros2_ws/install/turtlebot3_description:/home/student/ros2_ws/install/turtlebot3_cartographer:${AMENT_PREFIX_PATH} CMAKE_PREFIX_PATH=/home/student/ros2_ws/install/turtlebot3_bringup:/home/student/ros2_ws/install/turtlebot3_node:/home/student/ros2_ws/install/turtlebot3_navigation2:/home/student/ros2_ws/install/turtlebot3_description:/home/student/ros2_ws/install/turtlebot3_cartographer:/home/student/ros2_ws/install/my_robot_controller:/opt/ros/humble PYTHONPATH=/home/student/ros2_ws/build/turtlebot3_teleop:/home/student/ros2_ws/install/turtlebot3_teleop/lib/python3.10/site-packages:/home/student/ros2_ws/build/turtlebot3_example:/home/student/ros2_ws/install/turtlebot3_example/lib/python3.10/site-packages:${PYTHONPATH} /usr/bin/cmake /home/student/ros2_ws/src/turtlebot3/turtlebot3 -DAMENT_CMAKE_SYMLINK_INSTALL=1 -DCMAKE_INSTALL_PREFIX=/home/student/ros2_ws/install/turtlebot3
[20.900s] DEBUG:colcon.colcon_core.event_handler.log_command:Invoked command in '/home/student/ros2_ws/build/turtlebot3' returned '0': AMENT_PREFIX_PATH=/home/student/ros2_ws/install/turtlebot3_bringup:/home/student/ros2_ws/install/turtlebot3_teleop:/home/student/ros2_ws/install/turtlebot3_node:/home/student/ros2_ws/install/turtlebot3_navigation2:/home/student/ros2_ws/install/turtlebot3_example:/home/student/ros2_ws/install/turtlebot3_description:/home/student/ros2_ws/install/turtlebot3_cartographer:${AMENT_PREFIX_PATH} CMAKE_PREFIX_PATH=/home/student/ros2_ws/install/turtlebot3_bringup:/home/student/ros2_ws/install/turtlebot3_node:/home/student/ros2_ws/install/turtlebot3_navigation2:/home/student/ros2_ws/install/turtlebot3_description:/home/student/ros2_ws/install/turtlebot3_cartographer:/home/student/ros2_ws/install/my_robot_controller:/opt/ros/humble PYTHONPATH=/home/student/ros2_ws/build/turtlebot3_teleop:/home/student/ros2_ws/install/turtlebot3_teleop/lib/python3.10/site-packages:/home/student/ros2_ws/build/turtlebot3_example:/home/student/ros2_ws/install/turtlebot3_example/lib/python3.10/site-packages:${PYTHONPATH} /usr/bin/cmake /home/student/ros2_ws/src/turtlebot3/turtlebot3 -DAMENT_CMAKE_SYMLINK_INSTALL=1 -DCMAKE_INSTALL_PREFIX=/home/student/ros2_ws/install/turtlebot3
[20.902s] DEBUG:colcon.colcon_core.event_handler.log_command:Invoking command in '/home/student/ros2_ws/build/turtlebot3': AMENT_PREFIX_PATH=/home/student/ros2_ws/install/turtlebot3_bringup:/home/student/ros2_ws/install/turtlebot3_teleop:/home/student/ros2_ws/install/turtlebot3_node:/home/student/ros2_ws/install/turtlebot3_navigation2:/home/student/ros2_ws/install/turtlebot3_example:/home/student/ros2_ws/install/turtlebot3_description:/home/student/ros2_ws/install/turtlebot3_cartographer:${AMENT_PREFIX_PATH} CMAKE_PREFIX_PATH=/home/student/ros2_ws/install/turtlebot3_bringup:/home/student/ros2_ws/install/turtlebot3_node:/home/student/ros2_ws/install/turtlebot3_navigation2:/home/student/ros2_ws/install/turtlebot3_description:/home/student/ros2_ws/install/turtlebot3_cartographer:/home/student/ros2_ws/install/my_robot_controller:/opt/ros/humble PYTHONPATH=/home/student/ros2_ws/build/turtlebot3_teleop:/home/student/ros2_ws/install/turtlebot3_teleop/lib/python3.10/site-packages:/home/student/ros2_ws/build/turtlebot3_example:/home/student/ros2_ws/install/turtlebot3_example/lib/python3.10/site-packages:${PYTHONPATH} /usr/bin/cmake --build /home/student/ros2_ws/build/turtlebot3 -- -j16 -l16
[20.938s] DEBUG:colcon.colcon_core.event_handler.log_command:Invoked command in '/home/student/ros2_ws/build/turtlebot3' returned '0': AMENT_PREFIX_PATH=/home/student/ros2_ws/install/turtlebot3_bringup:/home/student/ros2_ws/install/turtlebot3_teleop:/home/student/ros2_ws/install/turtlebot3_node:/home/student/ros2_ws/install/turtlebot3_navigation2:/home/student/ros2_ws/install/turtlebot3_example:/home/student/ros2_ws/install/turtlebot3_description:/home/student/ros2_ws/install/turtlebot3_cartographer:${AMENT_PREFIX_PATH} CMAKE_PREFIX_PATH=/home/student/ros2_ws/install/turtlebot3_bringup:/home/student/ros2_ws/install/turtlebot3_node:/home/student/ros2_ws/install/turtlebot3_navigation2:/home/student/ros2_ws/install/turtlebot3_description:/home/student/ros2_ws/install/turtlebot3_cartographer:/home/student/ros2_ws/install/my_robot_controller:/opt/ros/humble PYTHONPATH=/home/student/ros2_ws/build/turtlebot3_teleop:/home/student/ros2_ws/install/turtlebot3_teleop/lib/python3.10/site-packages:/home/student/ros2_ws/build/turtlebot3_example:/home/student/ros2_ws/install/turtlebot3_example/lib/python3.10/site-packages:${PYTHONPATH} /usr/bin/cmake --build /home/student/ros2_ws/build/turtlebot3 -- -j16 -l16
[20.939s] DEBUG:colcon.colcon_core.event_handler.log_command:Invoking command in '/home/student/ros2_ws/build/turtlebot3': AMENT_PREFIX_PATH=/home/student/ros2_ws/install/turtlebot3_bringup:/home/student/ros2_ws/install/turtlebot3_teleop:/home/student/ros2_ws/install/turtlebot3_node:/home/student/ros2_ws/install/turtlebot3_navigation2:/home/student/ros2_ws/install/turtlebot3_example:/home/student/ros2_ws/install/turtlebot3_description:/home/student/ros2_ws/install/turtlebot3_cartographer:${AMENT_PREFIX_PATH} CMAKE_PREFIX_PATH=/home/student/ros2_ws/install/turtlebot3_bringup:/home/student/ros2_ws/install/turtlebot3_node:/home/student/ros2_ws/install/turtlebot3_navigation2:/home/student/ros2_ws/install/turtlebot3_description:/home/student/ros2_ws/install/turtlebot3_cartographer:/home/student/ros2_ws/install/my_robot_controller:/opt/ros/humble PYTHONPATH=/home/student/ros2_ws/build/turtlebot3_teleop:/home/student/ros2_ws/install/turtlebot3_teleop/lib/python3.10/site-packages:/home/student/ros2_ws/build/turtlebot3_example:/home/student/ros2_ws/install/turtlebot3_example/lib/python3.10/site-packages:${PYTHONPATH} /usr/bin/cmake --install /home/student/ros2_ws/build/turtlebot3
[21.063s] Level 1:colcon.colcon_core.environment:create_environment_scripts_only(turtlebot3)
[21.064s] DEBUG:colcon.colcon_core.event_handler.log_command:Invoked command in '/home/student/ros2_ws/build/turtlebot3' returned '0': AMENT_PREFIX_PATH=/home/student/ros2_ws/install/turtlebot3_bringup:/home/student/ros2_ws/install/turtlebot3_teleop:/home/student/ros2_ws/install/turtlebot3_node:/home/student/ros2_ws/install/turtlebot3_navigation2:/home/student/ros2_ws/install/turtlebot3_example:/home/student/ros2_ws/install/turtlebot3_description:/home/student/ros2_ws/install/turtlebot3_cartographer:${AMENT_PREFIX_PATH} CMAKE_PREFIX_PATH=/home/student/ros2_ws/install/turtlebot3_bringup:/home/student/ros2_ws/install/turtlebot3_node:/home/student/ros2_ws/install/turtlebot3_navigation2:/home/student/ros2_ws/install/turtlebot3_description:/home/student/ros2_ws/install/turtlebot3_cartographer:/home/student/ros2_ws/install/my_robot_controller:/opt/ros/humble PYTHONPATH=/home/student/ros2_ws/build/turtlebot3_teleop:/home/student/ros2_ws/install/turtlebot3_teleop/lib/python3.10/site-packages:/home/student/ros2_ws/build/turtlebot3_example:/home/student/ros2_ws/install/turtlebot3_example/lib/python3.10/site-packages:${PYTHONPATH} /usr/bin/cmake --install /home/student/ros2_ws/build/turtlebot3
[21.064s] Level 1:colcon.colcon_core.environment:checking '/home/student/ros2_ws/install/turtlebot3' for CMake module files
[21.064s] Level 1:colcon.colcon_core.environment:checking '/home/student/ros2_ws/install/turtlebot3' for CMake config files
[21.065s] Level 1:colcon.colcon_core.shell:create_environment_hook('turtlebot3', 'cmake_prefix_path')
[21.065s] INFO:colcon.colcon_core.shell:Creating environment hook '/home/student/ros2_ws/install/turtlebot3/share/turtlebot3/hook/cmake_prefix_path.ps1'
[21.065s] INFO:colcon.colcon_core.shell:Creating environment descriptor '/home/student/ros2_ws/install/turtlebot3/share/turtlebot3/hook/cmake_prefix_path.dsv'
[21.065s] INFO:colcon.colcon_core.shell:Creating environment hook '/home/student/ros2_ws/install/turtlebot3/share/turtlebot3/hook/cmake_prefix_path.sh'
[21.066s] Level 1:colcon.colcon_core.environment:checking '/home/student/ros2_ws/install/turtlebot3/bin'
[21.066s] Level 1:colcon.colcon_core.environment:checking '/home/student/ros2_ws/install/turtlebot3/lib/pkgconfig/turtlebot3.pc'
[21.066s] Level 1:colcon.colcon_core.environment:checking '/home/student/ros2_ws/install/turtlebot3/lib/python3.10/site-packages'
[21.067s] Level 1:colcon.colcon_core.environment:checking '/home/student/ros2_ws/install/turtlebot3/bin'
[21.067s] INFO:colcon.colcon_core.shell:Creating package script '/home/student/ros2_ws/install/turtlebot3/share/turtlebot3/package.ps1'
[21.067s] INFO:colcon.colcon_core.shell:Creating package descriptor '/home/student/ros2_ws/install/turtlebot3/share/turtlebot3/package.dsv'
[21.068s] INFO:colcon.colcon_core.shell:Creating package script '/home/student/ros2_ws/install/turtlebot3/share/turtlebot3/package.sh'
[21.068s] INFO:colcon.colcon_core.shell:Creating package script '/home/student/ros2_ws/install/turtlebot3/share/turtlebot3/package.bash'
[21.069s] INFO:colcon.colcon_core.shell:Creating package script '/home/student/ros2_ws/install/turtlebot3/share/turtlebot3/package.zsh'
[21.069s] Level 1:colcon.colcon_core.environment:create_file_with_runtime_dependencies(/home/student/ros2_ws/install/turtlebot3/share/colcon-core/packages/turtlebot3)
[21.069s] Level 1:colcon.colcon_core.environment:create_environment_scripts_only(turtlebot3)
[21.070s] Level 1:colcon.colcon_core.environment:checking '/home/student/ros2_ws/install/turtlebot3' for CMake module files
[21.070s] Level 1:colcon.colcon_core.environment:checking '/home/student/ros2_ws/install/turtlebot3' for CMake config files
[21.070s] Level 1:colcon.colcon_core.shell:create_environment_hook('turtlebot3', 'cmake_prefix_path')
[21.071s] INFO:colcon.colcon_core.shell:Creating environment hook '/home/student/ros2_ws/install/turtlebot3/share/turtlebot3/hook/cmake_prefix_path.ps1'
[21.071s] INFO:colcon.colcon_core.shell:Creating environment descriptor '/home/student/ros2_ws/install/turtlebot3/share/turtlebot3/hook/cmake_prefix_path.dsv'
[21.071s] INFO:colcon.colcon_core.shell:Creating environment hook '/home/student/ros2_ws/install/turtlebot3/share/turtlebot3/hook/cmake_prefix_path.sh'
[21.072s] Level 1:colcon.colcon_core.environment:checking '/home/student/ros2_ws/install/turtlebot3/bin'
[21.072s] Level 1:colcon.colcon_core.environment:checking '/home/student/ros2_ws/install/turtlebot3/lib/pkgconfig/turtlebot3.pc'
[21.072s] Level 1:colcon.colcon_core.environment:checking '/home/student/ros2_ws/install/turtlebot3/lib/python3.10/site-packages'
[21.072s] Level 1:colcon.colcon_core.environment:checking '/home/student/ros2_ws/install/turtlebot3/bin'
[21.073s] INFO:colcon.colcon_core.shell:Creating package script '/home/student/ros2_ws/install/turtlebot3/share/turtlebot3/package.ps1'
[21.073s] INFO:colcon.colcon_core.shell:Creating package descriptor '/home/student/ros2_ws/install/turtlebot3/share/turtlebot3/package.dsv'
[21.074s] INFO:colcon.colcon_core.shell:Creating package script '/home/student/ros2_ws/install/turtlebot3/share/turtlebot3/package.sh'
[21.074s] INFO:colcon.colcon_core.shell:Creating package script '/home/student/ros2_ws/install/turtlebot3/share/turtlebot3/package.bash'
[21.075s] INFO:colcon.colcon_core.shell:Creating package script '/home/student/ros2_ws/install/turtlebot3/share/turtlebot3/package.zsh'
[21.075s] Level 1:colcon.colcon_core.environment:create_file_with_runtime_dependencies(/home/student/ros2_ws/install/turtlebot3/share/colcon-core/packages/turtlebot3)
[21.075s] DEBUG:colcon.colcon_parallel_executor.executor.parallel:closing loop
[21.075s] DEBUG:colcon.colcon_parallel_executor.executor.parallel:loop closed
[21.075s] DEBUG:colcon.colcon_parallel_executor.executor.parallel:run_until_complete finished with '0'
[21.076s] DEBUG:colcon.colcon_core.event_reactor:joining thread
[21.091s] INFO:colcon.colcon_core.plugin_system:Skipping extension 'colcon_notification.desktop_notification.notify_send': Could not find 'notify-send'
[21.092s] INFO:colcon.colcon_core.plugin_system:Skipping extension 'colcon_notification.desktop_notification.terminal_notifier': Not used on non-Darwin systems
[21.092s] INFO:colcon.colcon_core.plugin_system:Skipping extension 'colcon_notification.desktop_notification.win32': Not used on non-Windows systems
[21.092s] INFO:colcon.colcon_notification.desktop_notification:Sending desktop notification using 'notify2'
[21.094s] DEBUG:colcon.colcon_notification.desktop_notification.notify2:Failed to initialize notify2: org.freedesktop.DBus.Error.Spawn.ExecFailed: /usr/bin/dbus-launch terminated abnormally without any error message
[21.094s] DEBUG:colcon.colcon_core.event_reactor:joined thread
[21.094s] INFO:colcon.colcon_core.shell:Creating prefix script '/home/student/ros2_ws/install/local_setup.ps1'
[21.096s] INFO:colcon.colcon_core.shell:Creating prefix util module '/home/student/ros2_ws/install/_local_setup_util_ps1.py'
[21.097s] INFO:colcon.colcon_core.shell:Creating prefix chain script '/home/student/ros2_ws/install/setup.ps1'
[21.099s] INFO:colcon.colcon_core.shell:Creating prefix script '/home/student/ros2_ws/install/local_setup.sh'
[21.099s] INFO:colcon.colcon_core.shell:Creating prefix util module '/home/student/ros2_ws/install/_local_setup_util_sh.py'
[21.100s] INFO:colcon.colcon_core.shell:Creating prefix chain script '/home/student/ros2_ws/install/setup.sh'
[21.101s] INFO:colcon.colcon_core.shell:Creating prefix script '/home/student/ros2_ws/install/local_setup.bash'
[21.102s] INFO:colcon.colcon_core.shell:Creating prefix chain script '/home/student/ros2_ws/install/setup.bash'
[21.103s] INFO:colcon.colcon_core.shell:Creating prefix script '/home/student/ros2_ws/install/local_setup.zsh'
[21.104s] INFO:colcon.colcon_core.shell:Creating prefix chain script '/home/student/ros2_ws/install/setup.zsh'
